mtllib asset_socket.mtl
v -0.014000 -0.014000 0.070000
v 0.014000 -0.014000 0.070000
v 0.013805 -0.013805 0.069981
v 0.013617 -0.013617 0.069924
v 0.013444 -0.013444 0.069831
v 0.013293 -0.013293 0.069707
v 0.013227 -0.013227 0.069634
v 0.013169 -0.013169 0.069556
v 0.013118 -0.013118 0.069471
v 0.013076 -0.013076 0.069383
v 0.013043 -0.013043 0.069290
v 0.013019 -0.013019 0.069195
v 0.013005 -0.013005 0.069098
v 0.013000 -0.013000 0.069000
v -0.013000 -0.013000 0.069000
v -0.013005 -0.013005 0.069098
v -0.013019 -0.013019 0.069195
v -0.013043 -0.013043 0.069290
v -0.013076 -0.013076 0.069383
v -0.013118 -0.013118 0.069471
v -0.013169 -0.013169 0.069556
v -0.013227 -0.013227 0.069634
v -0.013293 -0.013293 0.069707
v -0.013444 -0.013444 0.069831
v -0.013617 -0.013617 0.069924
v -0.013805 -0.013805 0.069981
v 0.010500 -0.013826 0.069985
v 0.007000 -0.013826 0.069985
v 0.003500 -0.013826 0.069985
v -0.000000 -0.013826 0.069985
v -0.003500 -0.013826 0.069985
v -0.007000 -0.013826 0.069985
v -0.010500 -0.013826 0.069985
v 0.010500 -0.013658 0.069940
v 0.007000 -0.013658 0.069940
v 0.003500 -0.013658 0.069940
v -0.000000 -0.013658 0.069940
v -0.003500 -0.013658 0.069940
v -0.007000 -0.013658 0.069940
v -0.010500 -0.013658 0.069940
v 0.010500 -0.013500 0.069866
v 0.007000 -0.013500 0.069866
v 0.003500 -0.013500 0.069866
v -0.000000 -0.013500 0.069866
v -0.003500 -0.013500 0.069866
v -0.007000 -0.013500 0.069866
v -0.010500 -0.013500 0.069866
v 0.010500 -0.013357 0.069766
v 0.007000 -0.013357 0.069766
v 0.003500 -0.013357 0.069766
v -0.000000 -0.013357 0.069766
v -0.003500 -0.013357 0.069766
v -0.007000 -0.013357 0.069766
v -0.010500 -0.013357 0.069766
v 0.010500 -0.013234 0.069643
v 0.007000 -0.013234 0.069643
v 0.003500 -0.013234 0.069643
v -0.000000 -0.013234 0.069643
v -0.003500 -0.013234 0.069643
v -0.007000 -0.013234 0.069643
v -0.010500 -0.013234 0.069643
v 0.010500 -0.013134 0.069500
v 0.007000 -0.013134 0.069500
v 0.003500 -0.013134 0.069500
v -0.000000 -0.013134 0.069500
v -0.003500 -0.013134 0.069500
v -0.007000 -0.013134 0.069500
v -0.010500 -0.013134 0.069500
v 0.010500 -0.013060 0.069342
v 0.007000 -0.013060 0.069342
v 0.003500 -0.013060 0.069342
v -0.000000 -0.013060 0.069342
v -0.003500 -0.013060 0.069342
v -0.007000 -0.013060 0.069342
v -0.010500 -0.013060 0.069342
v 0.010500 -0.013015 0.069174
v 0.007000 -0.013015 0.069174
v 0.003500 -0.013015 0.069174
v -0.000000 -0.013015 0.069174
v -0.003500 -0.013015 0.069174
v -0.007000 -0.013015 0.069174
v -0.010500 -0.013015 0.069174
v 0.014000 0.014000 0.070000
v -0.014000 0.014000 0.070000
v -0.013805 0.013805 0.069981
v -0.013617 0.013617 0.069924
v -0.013444 0.013444 0.069831
v -0.013293 0.013293 0.069707
v -0.013227 0.013227 0.069634
v -0.013169 0.013169 0.069556
v -0.013118 0.013118 0.069471
v -0.013076 0.013076 0.069383
v -0.013043 0.013043 0.069290
v -0.013019 0.013019 0.069195
v -0.013005 0.013005 0.069098
v -0.013000 0.013000 0.069000
v 0.013000 0.013000 0.069000
v 0.013005 0.013005 0.069098
v 0.013019 0.013019 0.069195
v 0.013043 0.013043 0.069290
v 0.013076 0.013076 0.069383
v 0.013118 0.013118 0.069471
v 0.013169 0.013169 0.069556
v 0.013227 0.013227 0.069634
v 0.013293 0.013293 0.069707
v 0.013444 0.013444 0.069831
v 0.013617 0.013617 0.069924
v 0.013805 0.013805 0.069981
v -0.010500 0.013826 0.069985
v -0.007000 0.013826 0.069985
v -0.003500 0.013826 0.069985
v 0.000000 0.013826 0.069985
v 0.003500 0.013826 0.069985
v 0.007000 0.013826 0.069985
v 0.010500 0.013826 0.069985
v -0.010500 0.013658 0.069940
v -0.007000 0.013658 0.069940
v -0.003500 0.013658 0.069940
v 0.000000 0.013658 0.069940
v 0.003500 0.013658 0.069940
v 0.007000 0.013658 0.069940
v 0.010500 0.013658 0.069940
v -0.010500 0.013500 0.069866
v -0.007000 0.013500 0.069866
v -0.003500 0.013500 0.069866
v 0.000000 0.013500 0.069866
v 0.003500 0.013500 0.069866
v 0.007000 0.013500 0.069866
v 0.010500 0.013500 0.069866
v -0.010500 0.013357 0.069766
v -0.007000 0.013357 0.069766
v -0.003500 0.013357 0.069766
v 0.000000 0.013357 0.069766
v 0.003500 0.013357 0.069766
v 0.007000 0.013357 0.069766
v 0.010500 0.013357 0.069766
v -0.010500 0.013234 0.069643
v -0.007000 0.013234 0.069643
v -0.003500 0.013234 0.069643
v 0.000000 0.013234 0.069643
v 0.003500 0.013234 0.069643
v 0.007000 0.013234 0.069643
v 0.010500 0.013234 0.069643
v -0.010500 0.013134 0.069500
v -0.007000 0.013134 0.069500
v -0.003500 0.013134 0.069500
v 0.000000 0.013134 0.069500
v 0.003500 0.013134 0.069500
v 0.007000 0.013134 0.069500
v 0.010500 0.013134 0.069500
v -0.010500 0.013060 0.069342
v -0.007000 0.013060 0.069342
v -0.003500 0.013060 0.069342
v 0.000000 0.013060 0.069342
v 0.003500 0.013060 0.069342
v 0.007000 0.013060 0.069342
v 0.010500 0.013060 0.069342
v -0.010500 0.013015 0.069174
v -0.007000 0.013015 0.069174
v -0.003500 0.013015 0.069174
v 0.000000 0.013015 0.069174
v 0.003500 0.013015 0.069174
v 0.007000 0.013015 0.069174
v 0.010500 0.013015 0.069174
v -0.013015 0.010500 0.069174
v -0.013015 0.007000 0.069174
v -0.013015 0.003500 0.069174
v -0.013015 -0.000000 0.069174
v -0.013015 -0.003500 0.069174
v -0.013015 -0.007000 0.069174
v -0.013015 -0.010500 0.069174
v -0.013060 0.010500 0.069342
v -0.013060 0.007000 0.069342
v -0.013060 0.003500 0.069342
v -0.013060 -0.000000 0.069342
v -0.013060 -0.003500 0.069342
v -0.013060 -0.007000 0.069342
v -0.013060 -0.010500 0.069342
v -0.013134 0.010500 0.069500
v -0.013134 0.007000 0.069500
v -0.013134 0.003500 0.069500
v -0.013134 -0.000000 0.069500
v -0.013134 -0.003500 0.069500
v -0.013134 -0.007000 0.069500
v -0.013134 -0.010500 0.069500
v -0.013234 0.010500 0.069643
v -0.013234 0.007000 0.069643
v -0.013234 0.003500 0.069643
v -0.013234 -0.000000 0.069643
v -0.013234 -0.003500 0.069643
v -0.013234 -0.007000 0.069643
v -0.013234 -0.010500 0.069643
v -0.013357 0.010500 0.069766
v -0.013357 0.007000 0.069766
v -0.013357 0.003500 0.069766
v -0.013357 -0.000000 0.069766
v -0.013357 -0.003500 0.069766
v -0.013357 -0.007000 0.069766
v -0.013357 -0.010500 0.069766
v -0.013500 0.010500 0.069866
v -0.013500 0.007000 0.069866
v -0.013500 0.003500 0.069866
v -0.013500 -0.000000 0.069866
v -0.013500 -0.003500 0.069866
v -0.013500 -0.007000 0.069866
v -0.013500 -0.010500 0.069866
v -0.013658 0.010500 0.069940
v -0.013658 0.007000 0.069940
v -0.013658 0.003500 0.069940
v -0.013658 -0.000000 0.069940
v -0.013658 -0.003500 0.069940
v -0.013658 -0.007000 0.069940
v -0.013658 -0.010500 0.069940
v -0.013826 0.010500 0.069985
v -0.013826 0.007000 0.069985
v -0.013826 0.003500 0.069985
v -0.013826 -0.000000 0.069985
v -0.013826 -0.003500 0.069985
v -0.013826 -0.007000 0.069985
v -0.013826 -0.010500 0.069985
v 0.013826 0.010500 0.069985
v 0.013826 0.007000 0.069985
v 0.013826 0.003500 0.069985
v 0.013826 -0.000000 0.069985
v 0.013826 -0.003500 0.069985
v 0.013826 -0.007000 0.069985
v 0.013826 -0.010500 0.069985
v 0.013658 0.010500 0.069940
v 0.013658 0.007000 0.069940
v 0.013658 0.003500 0.069940
v 0.013658 -0.000000 0.069940
v 0.013658 -0.003500 0.069940
v 0.013658 -0.007000 0.069940
v 0.013658 -0.010500 0.069940
v 0.013500 0.010500 0.069866
v 0.013500 0.007000 0.069866
v 0.013500 0.003500 0.069866
v 0.013500 -0.000000 0.069866
v 0.013500 -0.003500 0.069866
v 0.013500 -0.007000 0.069866
v 0.013500 -0.010500 0.069866
v 0.013357 0.010500 0.069766
v 0.013357 0.007000 0.069766
v 0.013357 0.003500 0.069766
v 0.013357 -0.000000 0.069766
v 0.013357 -0.003500 0.069766
v 0.013357 -0.007000 0.069766
v 0.013357 -0.010500 0.069766
v 0.013234 0.010500 0.069643
v 0.013234 0.007000 0.069643
v 0.013234 0.003500 0.069643
v 0.013234 -0.000000 0.069643
v 0.013234 -0.003500 0.069643
v 0.013234 -0.007000 0.069643
v 0.013234 -0.010500 0.069643
v 0.013134 0.010500 0.069500
v 0.013134 0.007000 0.069500
v 0.013134 0.003500 0.069500
v 0.013134 -0.000000 0.069500
v 0.013134 -0.003500 0.069500
v 0.013134 -0.007000 0.069500
v 0.013134 -0.010500 0.069500
v 0.013060 0.010500 0.069342
v 0.013060 0.007000 0.069342
v 0.013060 0.003500 0.069342
v 0.013060 -0.000000 0.069342
v 0.013060 -0.003500 0.069342
v 0.013060 -0.007000 0.069342
v 0.013060 -0.010500 0.069342
v 0.013015 0.010500 0.069174
v 0.013015 0.007000 0.069174
v 0.013015 0.003500 0.069174
v 0.013015 -0.000000 0.069174
v 0.013015 -0.003500 0.069174
v 0.013015 -0.007000 0.069174
v 0.013015 -0.010500 0.069174
v 0.013000 0.013000 0.040000
v 0.013000 -0.013000 0.040000
v -0.013000 0.013000 0.040000
v 0.032500 -0.032500 0.070000
v 0.032500 0.032500 0.070000
v -0.032500 0.032500 0.070000
v -0.032500 -0.032500 0.070000
v -0.013000 -0.013000 0.040000
v 0.027903 0.025000 0.010000
v 0.027881 0.025364 0.010000
v 0.027812 0.025722 0.010000
v 0.027700 0.026069 0.010000
v 0.027544 0.026399 0.010000
v 0.027349 0.026707 0.010000
v 0.027117 0.026988 0.010000
v 0.026851 0.027237 0.010000
v 0.026556 0.027451 0.010000
v 0.026236 0.027627 0.010000
v 0.025897 0.027761 0.010000
v 0.025544 0.027852 0.010000
v 0.025182 0.027898 0.010000
v 0.024818 0.027898 0.010000
v 0.024456 0.027852 0.010000
v 0.024103 0.027761 0.010000
v 0.023764 0.027627 0.010000
v 0.023444 0.027451 0.010000
v 0.023149 0.027237 0.010000
v 0.022883 0.026988 0.010000
v 0.022651 0.026707 0.010000
v 0.022456 0.026399 0.010000
v 0.022300 0.026069 0.010000
v 0.022188 0.025722 0.010000
v 0.022119 0.025364 0.010000
v 0.022097 0.025000 0.010000
v 0.022119 0.024636 0.010000
v 0.022188 0.024278 0.010000
v 0.022300 0.023931 0.010000
v 0.022456 0.023601 0.010000
v 0.022651 0.023293 0.010000
v 0.022883 0.023012 0.010000
v 0.023149 0.022763 0.010000
v 0.023444 0.022549 0.010000
v 0.023764 0.022373 0.010000
v 0.024103 0.022239 0.010000
v 0.024456 0.022148 0.010000
v 0.024818 0.022102 0.010000
v 0.025182 0.022102 0.010000
v 0.025544 0.022148 0.010000
v 0.025897 0.022239 0.010000
v 0.026236 0.022373 0.010000
v 0.026556 0.022549 0.010000
v 0.026851 0.022763 0.010000
v 0.027117 0.023012 0.010000
v 0.027349 0.023293 0.010000
v 0.027544 0.023601 0.010000
v 0.027700 0.023931 0.010000
v 0.027812 0.024278 0.010000
v 0.027881 0.024636 0.010000
v 0.027903 0.025000 0.000000
v 0.027881 0.024636 0.000000
v 0.027812 0.024278 0.000000
v 0.027700 0.023931 0.000000
v 0.027544 0.023601 0.000000
v 0.027349 0.023293 0.000000
v 0.027117 0.023012 0.000000
v 0.026851 0.022763 0.000000
v 0.026556 0.022549 0.000000
v 0.026236 0.022373 0.000000
v 0.025897 0.022239 0.000000
v 0.025544 0.022148 0.000000
v 0.025182 0.022102 0.000000
v 0.024818 0.022102 0.000000
v 0.024456 0.022148 0.000000
v 0.024103 0.022239 0.000000
v 0.023764 0.022373 0.000000
v 0.023444 0.022549 0.000000
v 0.023149 0.022763 0.000000
v 0.022883 0.023012 0.000000
v 0.022651 0.023293 0.000000
v 0.022456 0.023601 0.000000
v 0.022300 0.023931 0.000000
v 0.022188 0.024278 0.000000
v 0.022119 0.024636 0.000000
v 0.022097 0.025000 0.000000
v 0.022119 0.025364 0.000000
v 0.022188 0.025722 0.000000
v 0.022300 0.026069 0.000000
v 0.022456 0.026399 0.000000
v 0.022651 0.026707 0.000000
v 0.022883 0.026988 0.000000
v 0.023149 0.027237 0.000000
v 0.023444 0.027451 0.000000
v 0.023764 0.027627 0.000000
v 0.024103 0.027761 0.000000
v 0.024456 0.027852 0.000000
v 0.024818 0.027898 0.000000
v 0.025182 0.027898 0.000000
v 0.025544 0.027852 0.000000
v 0.025897 0.027761 0.000000
v 0.026236 0.027627 0.000000
v 0.026556 0.027451 0.000000
v 0.026851 0.027237 0.000000
v 0.027117 0.026988 0.000000
v 0.027349 0.026707 0.000000
v 0.027544 0.026399 0.000000
v 0.027700 0.026069 0.000000
v 0.027812 0.025722 0.000000
v 0.027881 0.025364 0.000000
v 0.027903 0.025000 0.005000
v 0.027881 0.025364 0.005000
v 0.027812 0.025722 0.005000
v 0.027700 0.026069 0.005000
v 0.027544 0.026399 0.005000
v 0.027349 0.026707 0.005000
v 0.027117 0.026988 0.005000
v 0.026851 0.027237 0.005000
v 0.026556 0.027451 0.005000
v 0.026236 0.027627 0.005000
v 0.025897 0.027761 0.005000
v 0.025544 0.027852 0.005000
v 0.025182 0.027898 0.005000
v 0.024818 0.027898 0.005000
v 0.024456 0.027852 0.005000
v 0.024103 0.027761 0.005000
v 0.023764 0.027627 0.005000
v 0.023444 0.027451 0.005000
v 0.023149 0.027237 0.005000
v 0.022883 0.026988 0.005000
v 0.022651 0.026707 0.005000
v 0.022456 0.026399 0.005000
v 0.022300 0.026069 0.005000
v 0.022188 0.025722 0.005000
v 0.022119 0.025364 0.005000
v 0.022097 0.025000 0.005000
v 0.022119 0.024636 0.005000
v 0.022188 0.024278 0.005000
v 0.022300 0.023931 0.005000
v 0.022456 0.023601 0.005000
v 0.022651 0.023293 0.005000
v 0.022883 0.023012 0.005000
v 0.023149 0.022763 0.005000
v 0.023444 0.022549 0.005000
v 0.023764 0.022373 0.005000
v 0.024103 0.022239 0.005000
v 0.024456 0.022148 0.005000
v 0.024818 0.022102 0.005000
v 0.025182 0.022102 0.005000
v 0.025544 0.022148 0.005000
v 0.025897 0.022239 0.005000
v 0.026236 0.022373 0.005000
v 0.026556 0.022549 0.005000
v 0.026851 0.022763 0.005000
v 0.027117 0.023012 0.005000
v 0.027349 0.023293 0.005000
v 0.027544 0.023601 0.005000
v 0.027700 0.023931 0.005000
v 0.027812 0.024278 0.005000
v 0.027881 0.024636 0.005000
v 0.027903 -0.025000 0.010000
v 0.027881 -0.024636 0.010000
v 0.027812 -0.024278 0.010000
v 0.027700 -0.023931 0.010000
v 0.027544 -0.023601 0.010000
v 0.027349 -0.023293 0.010000
v 0.027117 -0.023012 0.010000
v 0.026851 -0.022763 0.010000
v 0.026556 -0.022549 0.010000
v 0.026236 -0.022373 0.010000
v 0.025897 -0.022239 0.010000
v 0.025544 -0.022148 0.010000
v 0.025182 -0.022102 0.010000
v 0.024818 -0.022102 0.010000
v 0.024456 -0.022148 0.010000
v 0.024103 -0.022239 0.010000
v 0.023764 -0.022373 0.010000
v 0.023444 -0.022549 0.010000
v 0.023149 -0.022763 0.010000
v 0.022883 -0.023012 0.010000
v 0.022651 -0.023293 0.010000
v 0.022456 -0.023601 0.010000
v 0.022300 -0.023931 0.010000
v 0.022188 -0.024278 0.010000
v 0.022119 -0.024636 0.010000
v 0.022097 -0.025000 0.010000
v 0.022119 -0.025364 0.010000
v 0.022188 -0.025722 0.010000
v 0.022300 -0.026069 0.010000
v 0.022456 -0.026399 0.010000
v 0.022651 -0.026707 0.010000
v 0.022883 -0.026988 0.010000
v 0.023149 -0.027237 0.010000
v 0.023444 -0.027451 0.010000
v 0.023764 -0.027627 0.010000
v 0.024103 -0.027761 0.010000
v 0.024456 -0.027852 0.010000
v 0.024818 -0.027898 0.010000
v 0.025182 -0.027898 0.010000
v 0.025544 -0.027852 0.010000
v 0.025897 -0.027761 0.010000
v 0.026236 -0.027627 0.010000
v 0.026556 -0.027451 0.010000
v 0.026851 -0.027237 0.010000
v 0.027117 -0.026988 0.010000
v 0.027349 -0.026707 0.010000
v 0.027544 -0.026399 0.010000
v 0.027700 -0.026069 0.010000
v 0.027812 -0.025722 0.010000
v 0.027881 -0.025364 0.010000
v 0.027903 -0.025000 0.000000
v 0.027881 -0.025364 0.000000
v 0.027812 -0.025722 0.000000
v 0.027700 -0.026069 0.000000
v 0.027544 -0.026399 0.000000
v 0.027349 -0.026707 0.000000
v 0.027117 -0.026988 0.000000
v 0.026851 -0.027237 0.000000
v 0.026556 -0.027451 0.000000
v 0.026236 -0.027627 0.000000
v 0.025897 -0.027761 0.000000
v 0.025544 -0.027852 0.000000
v 0.025182 -0.027898 0.000000
v 0.024818 -0.027898 0.000000
v 0.024456 -0.027852 0.000000
v 0.024103 -0.027761 0.000000
v 0.023764 -0.027627 0.000000
v 0.023444 -0.027451 0.000000
v 0.023149 -0.027237 0.000000
v 0.022883 -0.026988 0.000000
v 0.022651 -0.026707 0.000000
v 0.022456 -0.026399 0.000000
v 0.022300 -0.026069 0.000000
v 0.022188 -0.025722 0.000000
v 0.022119 -0.025364 0.000000
v 0.022097 -0.025000 0.000000
v 0.022119 -0.024636 0.000000
v 0.022188 -0.024278 0.000000
v 0.022300 -0.023931 0.000000
v 0.022456 -0.023601 0.000000
v 0.022651 -0.023293 0.000000
v 0.022883 -0.023012 0.000000
v 0.023149 -0.022763 0.000000
v 0.023444 -0.022549 0.000000
v 0.023764 -0.022373 0.000000
v 0.024103 -0.022239 0.000000
v 0.024456 -0.022148 0.000000
v 0.024818 -0.022102 0.000000
v 0.025182 -0.022102 0.000000
v 0.025544 -0.022148 0.000000
v 0.025897 -0.022239 0.000000
v 0.026236 -0.022373 0.000000
v 0.026556 -0.022549 0.000000
v 0.026851 -0.022763 0.000000
v 0.027117 -0.023012 0.000000
v 0.027349 -0.023293 0.000000
v 0.027544 -0.023601 0.000000
v 0.027700 -0.023931 0.000000
v 0.027812 -0.024278 0.000000
v 0.027881 -0.024636 0.000000
v 0.027903 -0.025000 0.005000
v 0.027881 -0.024636 0.005000
v 0.027812 -0.024278 0.005000
v 0.027700 -0.023931 0.005000
v 0.027544 -0.023601 0.005000
v 0.027349 -0.023293 0.005000
v 0.027117 -0.023012 0.005000
v 0.026851 -0.022763 0.005000
v 0.026556 -0.022549 0.005000
v 0.026236 -0.022373 0.005000
v 0.025897 -0.022239 0.005000
v 0.025544 -0.022148 0.005000
v 0.025182 -0.022102 0.005000
v 0.024818 -0.022102 0.005000
v 0.024456 -0.022148 0.005000
v 0.024103 -0.022239 0.005000
v 0.023764 -0.022373 0.005000
v 0.023444 -0.022549 0.005000
v 0.023149 -0.022763 0.005000
v 0.022883 -0.023012 0.005000
v 0.022651 -0.023293 0.005000
v 0.022456 -0.023601 0.005000
v 0.022300 -0.023931 0.005000
v 0.022188 -0.024278 0.005000
v 0.022119 -0.024636 0.005000
v 0.022097 -0.025000 0.005000
v 0.022119 -0.025364 0.005000
v 0.022188 -0.025722 0.005000
v 0.022300 -0.026069 0.005000
v 0.022456 -0.026399 0.005000
v 0.022651 -0.026707 0.005000
v 0.022883 -0.026988 0.005000
v 0.023149 -0.027237 0.005000
v 0.023444 -0.027451 0.005000
v 0.023764 -0.027627 0.005000
v 0.024103 -0.027761 0.005000
v 0.024456 -0.027852 0.005000
v 0.024818 -0.027898 0.005000
v 0.025182 -0.027898 0.005000
v 0.025544 -0.027852 0.005000
v 0.025897 -0.027761 0.005000
v 0.026236 -0.027627 0.005000
v 0.026556 -0.027451 0.005000
v 0.026851 -0.027237 0.005000
v 0.027117 -0.026988 0.005000
v 0.027349 -0.026707 0.005000
v 0.027544 -0.026399 0.005000
v 0.027700 -0.026069 0.005000
v 0.027812 -0.025722 0.005000
v 0.027881 -0.025364 0.005000
v -0.022097 0.025000 0.010000
v -0.022119 0.025364 0.010000
v -0.022188 0.025722 0.010000
v -0.022300 0.026069 0.010000
v -0.022456 0.026399 0.010000
v -0.022651 0.026707 0.010000
v -0.022883 0.026988 0.010000
v -0.023149 0.027237 0.010000
v -0.023444 0.027451 0.010000
v -0.023764 0.027627 0.010000
v -0.024103 0.027761 0.010000
v -0.024456 0.027852 0.010000
v -0.024818 0.027898 0.010000
v -0.025182 0.027898 0.010000
v -0.025544 0.027852 0.010000
v -0.025897 0.027761 0.010000
v -0.026236 0.027627 0.010000
v -0.026556 0.027451 0.010000
v -0.026851 0.027237 0.010000
v -0.027117 0.026988 0.010000
v -0.027349 0.026707 0.010000
v -0.027544 0.026399 0.010000
v -0.027700 0.026069 0.010000
v -0.027812 0.025722 0.010000
v -0.027881 0.025364 0.010000
v -0.027903 0.025000 0.010000
v -0.027881 0.024636 0.010000
v -0.027812 0.024278 0.010000
v -0.027700 0.023931 0.010000
v -0.027544 0.023601 0.010000
v -0.027349 0.023293 0.010000
v -0.027117 0.023012 0.010000
v -0.026851 0.022763 0.010000
v -0.026556 0.022549 0.010000
v -0.026236 0.022373 0.010000
v -0.025897 0.022239 0.010000
v -0.025544 0.022148 0.010000
v -0.025182 0.022102 0.010000
v -0.024818 0.022102 0.010000
v -0.024456 0.022148 0.010000
v -0.024103 0.022239 0.010000
v -0.023764 0.022373 0.010000
v -0.023444 0.022549 0.010000
v -0.023149 0.022763 0.010000
v -0.022883 0.023012 0.010000
v -0.022651 0.023293 0.010000
v -0.022456 0.023601 0.010000
v -0.022300 0.023931 0.010000
v -0.022188 0.024278 0.010000
v -0.022119 0.024636 0.010000
v -0.022097 0.025000 0.000000
v -0.022119 0.024636 0.000000
v -0.022188 0.024278 0.000000
v -0.022300 0.023931 0.000000
v -0.022456 0.023601 0.000000
v -0.022651 0.023293 0.000000
v -0.022883 0.023012 0.000000
v -0.023149 0.022763 0.000000
v -0.023444 0.022549 0.000000
v -0.023764 0.022373 0.000000
v -0.024103 0.022239 0.000000
v -0.024456 0.022148 0.000000
v -0.024818 0.022102 0.000000
v -0.025182 0.022102 0.000000
v -0.025544 0.022148 0.000000
v -0.025897 0.022239 0.000000
v -0.026236 0.022373 0.000000
v -0.026556 0.022549 0.000000
v -0.026851 0.022763 0.000000
v -0.027117 0.023012 0.000000
v -0.027349 0.023293 0.000000
v -0.027544 0.023601 0.000000
v -0.027700 0.023931 0.000000
v -0.027812 0.024278 0.000000
v -0.027881 0.024636 0.000000
v -0.027903 0.025000 0.000000
v -0.027881 0.025364 0.000000
v -0.027812 0.025722 0.000000
v -0.027700 0.026069 0.000000
v -0.027544 0.026399 0.000000
v -0.027349 0.026707 0.000000
v -0.027117 0.026988 0.000000
v -0.026851 0.027237 0.000000
v -0.026556 0.027451 0.000000
v -0.026236 0.027627 0.000000
v -0.025897 0.027761 0.000000
v -0.025544 0.027852 0.000000
v -0.025182 0.027898 0.000000
v -0.024818 0.027898 0.000000
v -0.024456 0.027852 0.000000
v -0.024103 0.027761 0.000000
v -0.023764 0.027627 0.000000
v -0.023444 0.027451 0.000000
v -0.023149 0.027237 0.000000
v -0.022883 0.026988 0.000000
v -0.022651 0.026707 0.000000
v -0.022456 0.026399 0.000000
v -0.022300 0.026069 0.000000
v -0.022188 0.025722 0.000000
v -0.022119 0.025364 0.000000
v -0.022097 0.025000 0.005000
v -0.022119 0.025364 0.005000
v -0.022188 0.025722 0.005000
v -0.022300 0.026069 0.005000
v -0.022456 0.026399 0.005000
v -0.022651 0.026707 0.005000
v -0.022883 0.026988 0.005000
v -0.023149 0.027237 0.005000
v -0.023444 0.027451 0.005000
v -0.023764 0.027627 0.005000
v -0.024103 0.027761 0.005000
v -0.024456 0.027852 0.005000
v -0.024818 0.027898 0.005000
v -0.025182 0.027898 0.005000
v -0.025544 0.027852 0.005000
v -0.025897 0.027761 0.005000
v -0.026236 0.027627 0.005000
v -0.026556 0.027451 0.005000
v -0.026851 0.027237 0.005000
v -0.027117 0.026988 0.005000
v -0.027349 0.026707 0.005000
v -0.027544 0.026399 0.005000
v -0.027700 0.026069 0.005000
v -0.027812 0.025722 0.005000
v -0.027881 0.025364 0.005000
v -0.027903 0.025000 0.005000
v -0.027881 0.024636 0.005000
v -0.027812 0.024278 0.005000
v -0.027700 0.023931 0.005000
v -0.027544 0.023601 0.005000
v -0.027349 0.023293 0.005000
v -0.027117 0.023012 0.005000
v -0.026851 0.022763 0.005000
v -0.026556 0.022549 0.005000
v -0.026236 0.022373 0.005000
v -0.025897 0.022239 0.005000
v -0.025544 0.022148 0.005000
v -0.025182 0.022102 0.005000
v -0.024818 0.022102 0.005000
v -0.024456 0.022148 0.005000
v -0.024103 0.022239 0.005000
v -0.023764 0.022373 0.005000
v -0.023444 0.022549 0.005000
v -0.023149 0.022763 0.005000
v -0.022883 0.023012 0.005000
v -0.022651 0.023293 0.005000
v -0.022456 0.023601 0.005000
v -0.022300 0.023931 0.005000
v -0.022188 0.024278 0.005000
v -0.022119 0.024636 0.005000
v -0.022097 -0.025000 0.010000
v -0.022119 -0.024636 0.010000
v -0.022188 -0.024278 0.010000
v -0.022300 -0.023931 0.010000
v -0.022456 -0.023601 0.010000
v -0.022651 -0.023293 0.010000
v -0.022883 -0.023012 0.010000
v -0.023149 -0.022763 0.010000
v -0.023444 -0.022549 0.010000
v -0.023764 -0.022373 0.010000
v -0.024103 -0.022239 0.010000
v -0.024456 -0.022148 0.010000
v -0.024818 -0.022102 0.010000
v -0.025182 -0.022102 0.010000
v -0.025544 -0.022148 0.010000
v -0.025897 -0.022239 0.010000
v -0.026236 -0.022373 0.010000
v -0.026556 -0.022549 0.010000
v -0.026851 -0.022763 0.010000
v -0.027117 -0.023012 0.010000
v -0.027349 -0.023293 0.010000
v -0.027544 -0.023601 0.010000
v -0.027700 -0.023931 0.010000
v -0.027812 -0.024278 0.010000
v -0.027881 -0.024636 0.010000
v -0.027903 -0.025000 0.010000
v -0.027881 -0.025364 0.010000
v -0.027812 -0.025722 0.010000
v -0.027700 -0.026069 0.010000
v -0.027544 -0.026399 0.010000
v -0.027349 -0.026707 0.010000
v -0.027117 -0.026988 0.010000
v -0.026851 -0.027237 0.010000
v -0.026556 -0.027451 0.010000
v -0.026236 -0.027627 0.010000
v -0.025897 -0.027761 0.010000
v -0.025544 -0.027852 0.010000
v -0.025182 -0.027898 0.010000
v -0.024818 -0.027898 0.010000
v -0.024456 -0.027852 0.010000
v -0.024103 -0.027761 0.010000
v -0.023764 -0.027627 0.010000
v -0.023444 -0.027451 0.010000
v -0.023149 -0.027237 0.010000
v -0.022883 -0.026988 0.010000
v -0.022651 -0.026707 0.010000
v -0.022456 -0.026399 0.010000
v -0.022300 -0.026069 0.010000
v -0.022188 -0.025722 0.010000
v -0.022119 -0.025364 0.010000
v -0.022097 -0.025000 0.000000
v -0.022119 -0.025364 0.000000
v -0.022188 -0.025722 0.000000
v -0.022300 -0.026069 0.000000
v -0.022456 -0.026399 0.000000
v -0.022651 -0.026707 0.000000
v -0.022883 -0.026988 0.000000
v -0.023149 -0.027237 0.000000
v -0.023444 -0.027451 0.000000
v -0.023764 -0.027627 0.000000
v -0.024103 -0.027761 0.000000
v -0.024456 -0.027852 0.000000
v -0.024818 -0.027898 0.000000
v -0.025182 -0.027898 0.000000
v -0.025544 -0.027852 0.000000
v -0.025897 -0.027761 0.000000
v -0.026236 -0.027627 0.000000
v -0.026556 -0.027451 0.000000
v -0.026851 -0.027237 0.000000
v -0.027117 -0.026988 0.000000
v -0.027349 -0.026707 0.000000
v -0.027544 -0.026399 0.000000
v -0.027700 -0.026069 0.000000
v -0.027812 -0.025722 0.000000
v -0.027881 -0.025364 0.000000
v -0.027903 -0.025000 0.000000
v -0.027881 -0.024636 0.000000
v -0.027812 -0.024278 0.000000
v -0.027700 -0.023931 0.000000
v -0.027544 -0.023601 0.000000
v -0.027349 -0.023293 0.000000
v -0.027117 -0.023012 0.000000
v -0.026851 -0.022763 0.000000
v -0.026556 -0.022549 0.000000
v -0.026236 -0.022373 0.000000
v -0.025897 -0.022239 0.000000
v -0.025544 -0.022148 0.000000
v -0.025182 -0.022102 0.000000
v -0.024818 -0.022102 0.000000
v -0.024456 -0.022148 0.000000
v -0.024103 -0.022239 0.000000
v -0.023764 -0.022373 0.000000
v -0.023444 -0.022549 0.000000
v -0.023149 -0.022763 0.000000
v -0.022883 -0.023012 0.000000
v -0.022651 -0.023293 0.000000
v -0.022456 -0.023601 0.000000
v -0.022300 -0.023931 0.000000
v -0.022188 -0.024278 0.000000
v -0.022119 -0.024636 0.000000
v -0.022097 -0.025000 0.005000
v -0.022119 -0.024636 0.005000
v -0.022188 -0.024278 0.005000
v -0.022300 -0.023931 0.005000
v -0.022456 -0.023601 0.005000
v -0.022651 -0.023293 0.005000
v -0.022883 -0.023012 0.005000
v -0.023149 -0.022763 0.005000
v -0.023444 -0.022549 0.005000
v -0.023764 -0.022373 0.005000
v -0.024103 -0.022239 0.005000
v -0.024456 -0.022148 0.005000
v -0.024818 -0.022102 0.005000
v -0.025182 -0.022102 0.005000
v -0.025544 -0.022148 0.005000
v -0.025897 -0.022239 0.005000
v -0.026236 -0.022373 0.005000
v -0.026556 -0.022549 0.005000
v -0.026851 -0.022763 0.005000
v -0.027117 -0.023012 0.005000
v -0.027349 -0.023293 0.005000
v -0.027544 -0.023601 0.005000
v -0.027700 -0.023931 0.005000
v -0.027812 -0.024278 0.005000
v -0.027881 -0.024636 0.005000
v -0.027903 -0.025000 0.005000
v -0.027881 -0.025364 0.005000
v -0.027812 -0.025722 0.005000
v -0.027700 -0.026069 0.005000
v -0.027544 -0.026399 0.005000
v -0.027349 -0.026707 0.005000
v -0.027117 -0.026988 0.005000
v -0.026851 -0.027237 0.005000
v -0.026556 -0.027451 0.005000
v -0.026236 -0.027627 0.005000
v -0.025897 -0.027761 0.005000
v -0.025544 -0.027852 0.005000
v -0.025182 -0.027898 0.005000
v -0.024818 -0.027898 0.005000
v -0.024456 -0.027852 0.005000
v -0.024103 -0.027761 0.005000
v -0.023764 -0.027627 0.005000
v -0.023444 -0.027451 0.005000
v -0.023149 -0.027237 0.005000
v -0.022883 -0.026988 0.005000
v -0.022651 -0.026707 0.005000
v -0.022456 -0.026399 0.005000
v -0.022300 -0.026069 0.005000
v -0.022188 -0.025722 0.005000
v -0.022119 -0.025364 0.005000
v -0.032500 0.032500 0.010000
v -0.032500 -0.032500 0.010000
v 0.032500 -0.032500 0.010000
v 0.032500 0.032500 0.010000
v 0.015000 -0.015000 0.010000
v -0.015000 -0.015000 0.010000
v -0.015000 0.015000 0.010000
v 0.015000 0.015000 0.010000
v -0.032500 -0.032500 0.000000
v 0.032500 -0.032500 0.000000
v 0.032500 0.032500 0.000000
v -0.032500 0.032500 0.000000
v 0.015000 -0.015000 0.060000
v -0.015000 -0.015000 0.060000
v 0.015000 0.015000 0.060000
v -0.015000 0.015000 0.060000
v 0.032500 0.032500 0.060000
v -0.032500 0.032500 0.060000
v -0.032500 -0.032500 0.060000
v 0.032500 -0.032500 0.060000
vt 0.750000 -0.078540 0.000000
vt -0.650000 -0.061087 0.000000
vt -2.050000 -0.078540 0.000000
vt -1.000000 -0.061087 0.000000
vt -1.350000 -0.061087 0.000000
vt -1.350000 -0.043633 0.000000
vt -1.700000 -0.043633 0.000000
vt -1.700000 -0.026180 0.000000
vt -2.011732 -0.039270 0.000000
vt -1.994443 -0.019635 0.000000
vt -1.700000 -0.008727 0.000000
vt -1.979289 -0.000000 0.000000
vt -1.700000 0.008727 0.000000
vt -1.972699 0.009817 0.000000
vt -1.966853 0.019635 0.000000
vt -1.700000 0.026180 0.000000
vt -1.961808 0.029452 0.000000
vt -1.957612 0.039270 0.000000
vt -1.700000 0.043633 0.000000
vt -1.954306 0.049087 0.000000
vt -1.700000 0.061087 0.000000
vt -1.951921 0.058905 0.000000
vt -1.950482 0.068722 0.000000
vt -1.950000 0.078540 0.000000
vt -1.350000 0.061087 0.000000
vt -1.000000 0.061087 0.000000
vt -1.000000 0.043633 0.000000
vt -0.650000 0.043633 0.000000
vt -0.650000 0.026180 0.000000
vt -0.300000 0.026180 0.000000
vt -0.300000 0.008727 0.000000
vt 0.050000 0.008727 0.000000
vt 0.050000 -0.008727 0.000000
vt 0.400000 -0.008727 0.000000
vt 0.400000 -0.026180 0.000000
vt 0.694443 -0.019635 0.000000
vt 0.711732 -0.039270 0.000000
vt 0.400000 -0.043633 0.000000
vt 0.730491 -0.058905 0.000000
vt 0.400000 -0.061087 0.000000
vt 0.050000 -0.061087 0.000000
vt -0.300000 -0.061087 0.000000
vt -0.300000 -0.043633 0.000000
vt -0.650000 -0.043633 0.000000
vt -0.650000 -0.026180 0.000000
vt -1.000000 -0.026180 0.000000
vt -1.000000 -0.008727 0.000000
vt -1.350000 -0.008727 0.000000
vt -1.350000 0.008727 0.000000
vt 0.679289 -0.000000 0.000000
vt 0.400000 0.008727 0.000000
vt 0.050000 0.026180 0.000000
vt -0.300000 0.043633 0.000000
vt -0.650000 0.061087 0.000000
vt 0.672699 0.009817 0.000000
vt 0.666853 0.019635 0.000000
vt 0.400000 0.026180 0.000000
vt 0.661808 0.029452 0.000000
vt 0.657612 0.039270 0.000000
vt 0.400000 0.043633 0.000000
vt 0.654306 0.049087 0.000000
vt 0.400000 0.061087 0.000000
vt 0.651921 0.058905 0.000000
vt 0.650482 0.068722 0.000000
vt 0.650000 0.078540 0.000000
vt -0.300000 0.061087 0.000000
vt 0.050000 0.061087 0.000000
vt 0.050000 0.043633 0.000000
vt -2.030491 -0.058905 0.000000
vt -1.700000 -0.061087 0.000000
vt 0.050000 -0.043633 0.000000
vt 0.050000 -0.026180 0.000000
vt -1.000000 -0.043633 0.000000
vt -0.300000 -0.026180 0.000000
vt -0.650000 -0.008727 0.000000
vt -1.000000 0.008727 0.000000
vt -1.350000 0.026180 0.000000
vt -1.350000 -0.026180 0.000000
vt -0.300000 -0.008727 0.000000
vt -0.650000 0.008727 0.000000
vt -1.000000 0.026180 0.000000
vt -1.350000 0.043633 0.000000
vt 0.750000 -0.078540 0.000000
vt -0.650000 -0.061087 0.000000
vt -2.050000 -0.078540 0.000000
vt -1.000000 -0.061087 0.000000
vt -1.350000 -0.061087 0.000000
vt -1.350000 -0.043633 0.000000
vt -1.700000 -0.043633 0.000000
vt -1.700000 -0.026180 0.000000
vt -2.011732 -0.039270 0.000000
vt -1.994443 -0.019635 0.000000
vt -1.700000 -0.008727 0.000000
vt -1.979289 0.000000 0.000000
vt -1.700000 0.008727 0.000000
vt -1.972699 0.009817 0.000000
vt -1.966853 0.019635 0.000000
vt -1.700000 0.026180 0.000000
vt -1.961808 0.029452 0.000000
vt -1.957612 0.039270 0.000000
vt -1.700000 0.043633 0.000000
vt -1.954306 0.049087 0.000000
vt -1.700000 0.061087 0.000000
vt -1.951921 0.058905 0.000000
vt -1.950482 0.068722 0.000000
vt -1.950000 0.078540 0.000000
vt -1.350000 0.061087 0.000000
vt -1.000000 0.061087 0.000000
vt -1.000000 0.043633 0.000000
vt -0.650000 0.043633 0.000000
vt -0.650000 0.026180 0.000000
vt -0.300000 0.026180 0.000000
vt -0.300000 0.008727 0.000000
vt 0.050000 0.008727 0.000000
vt 0.050000 -0.008727 0.000000
vt 0.400000 -0.008727 0.000000
vt 0.400000 -0.026180 0.000000
vt 0.694443 -0.019635 0.000000
vt 0.711732 -0.039270 0.000000
vt 0.400000 -0.043633 0.000000
vt 0.730491 -0.058905 0.000000
vt 0.400000 -0.061087 0.000000
vt 0.050000 -0.061087 0.000000
vt -0.300000 -0.061087 0.000000
vt -0.300000 -0.043633 0.000000
vt -0.650000 -0.043633 0.000000
vt -0.650000 -0.026180 0.000000
vt -1.000000 -0.026180 0.000000
vt -1.000000 -0.008727 0.000000
vt -1.350000 -0.008727 0.000000
vt -1.350000 0.008727 0.000000
vt 0.679289 0.000000 0.000000
vt 0.400000 0.008727 0.000000
vt 0.050000 0.026180 0.000000
vt -0.300000 0.043633 0.000000
vt -0.650000 0.061087 0.000000
vt 0.672699 0.009817 0.000000
vt 0.666853 0.019635 0.000000
vt 0.400000 0.026180 0.000000
vt 0.661808 0.029452 0.000000
vt 0.657612 0.039270 0.000000
vt 0.400000 0.043633 0.000000
vt 0.654306 0.049087 0.000000
vt 0.400000 0.061087 0.000000
vt 0.651921 0.058905 0.000000
vt 0.650482 0.068722 0.000000
vt 0.650000 0.078540 0.000000
vt -0.300000 0.061087 0.000000
vt 0.050000 0.061087 0.000000
vt 0.050000 0.043633 0.000000
vt -2.030491 -0.058905 0.000000
vt -1.700000 -0.061087 0.000000
vt 0.050000 -0.043633 0.000000
vt 0.050000 -0.026180 0.000000
vt -1.000000 -0.043633 0.000000
vt -0.300000 -0.026180 0.000000
vt -0.650000 -0.008727 0.000000
vt -1.000000 0.008727 0.000000
vt -1.350000 0.026180 0.000000
vt -1.350000 -0.026180 0.000000
vt -0.300000 -0.008727 0.000000
vt -0.650000 0.008727 0.000000
vt -1.000000 0.026180 0.000000
vt -1.350000 0.043633 0.000000
vt 0.650000 0.078540 0.000000
vt -1.950000 0.078540 0.000000
vt 0.650482 0.068722 0.000000
vt -0.300000 0.061087 0.000000
vt 0.050000 0.061087 0.000000
vt 0.050000 0.043633 0.000000
vt 0.400000 0.043633 0.000000
vt 0.400000 0.026180 0.000000
vt 0.657612 0.039270 0.000000
vt 0.661808 0.029452 0.000000
vt 0.666853 0.019635 0.000000
vt 0.400000 0.008727 0.000000
vt 0.672699 0.009817 0.000000
vt 0.679289 0.000000 0.000000
vt 0.400000 -0.008727 0.000000
vt 0.694443 -0.019635 0.000000
vt 0.400000 -0.026180 0.000000
vt 0.711732 -0.039270 0.000000
vt 0.400000 -0.043633 0.000000
vt 0.730491 -0.058905 0.000000
vt 0.400000 -0.061087 0.000000
vt 0.750000 -0.078540 0.000000
vt 0.050000 -0.061087 0.000000
vt -0.300000 -0.061087 0.000000
vt -0.300000 -0.043633 0.000000
vt -0.650000 -0.043633 0.000000
vt -0.650000 -0.026180 0.000000
vt -1.000000 -0.026180 0.000000
vt -1.000000 -0.008727 0.000000
vt -1.350000 -0.008727 0.000000
vt -1.350000 0.008727 0.000000
vt -1.700000 0.008727 0.000000
vt -1.700000 0.026180 0.000000
vt -1.966853 0.019635 0.000000
vt -1.961808 0.029452 0.000000
vt -1.957612 0.039270 0.000000
vt -1.700000 0.043633 0.000000
vt -1.954306 0.049087 0.000000
vt -1.700000 0.061087 0.000000
vt -1.951921 0.058905 0.000000
vt -1.950482 0.068722 0.000000
vt -1.350000 0.061087 0.000000
vt -1.000000 0.061087 0.000000
vt -1.000000 0.043633 0.000000
vt -0.650000 0.043633 0.000000
vt -0.650000 0.026180 0.000000
vt -0.300000 0.026180 0.000000
vt -0.300000 0.008727 0.000000
vt 0.050000 0.008727 0.000000
vt 0.050000 -0.008727 0.000000
vt -1.972699 0.009817 0.000000
vt -1.979289 -0.000000 0.000000
vt -1.700000 -0.008727 0.000000
vt -1.994443 -0.019635 0.000000
vt -1.700000 -0.026180 0.000000
vt -2.011732 -0.039270 0.000000
vt -1.700000 -0.043633 0.000000
vt -2.030491 -0.058905 0.000000
vt -1.700000 -0.061087 0.000000
vt -2.050000 -0.078540 0.000000
vt -1.350000 -0.061087 0.000000
vt -1.000000 -0.061087 0.000000
vt -1.350000 -0.043633 0.000000
vt -1.000000 -0.043633 0.000000
vt -1.350000 -0.026180 0.000000
vt -0.650000 -0.061087 0.000000
vt 0.654306 0.049087 0.000000
vt 0.400000 0.061087 0.000000
vt 0.651921 0.058905 0.000000
vt -1.350000 0.043633 0.000000
vt -1.350000 0.026180 0.000000
vt -0.650000 0.061087 0.000000
vt -0.300000 0.043633 0.000000
vt -1.000000 0.026180 0.000000
vt -0.650000 0.008727 0.000000
vt -0.300000 -0.008727 0.000000
vt 0.050000 -0.026180 0.000000
vt 0.050000 0.026180 0.000000
vt -1.000000 0.008727 0.000000
vt -0.650000 -0.008727 0.000000
vt -0.300000 -0.026180 0.000000
vt 0.050000 -0.043633 0.000000
vt 0.750000 -0.078540 0.000000
vt -0.650000 -0.061087 0.000000
vt -2.050000 -0.078540 0.000000
vt -1.000000 -0.061087 0.000000
vt -1.350000 -0.061087 0.000000
vt -1.350000 -0.043633 0.000000
vt -1.700000 -0.043633 0.000000
vt -1.700000 -0.026180 0.000000
vt -2.011732 -0.039270 0.000000
vt -1.994443 -0.019635 0.000000
vt -1.700000 -0.008727 0.000000
vt -1.979289 0.000000 0.000000
vt -1.700000 0.008727 0.000000
vt -1.972699 0.009817 0.000000
vt -1.966853 0.019635 0.000000
vt -1.700000 0.026180 0.000000
vt -1.961808 0.029452 0.000000
vt -1.957612 0.039270 0.000000
vt -1.700000 0.043633 0.000000
vt -1.954306 0.049087 0.000000
vt -1.700000 0.061087 0.000000
vt -1.951921 0.058905 0.000000
vt -1.950482 0.068722 0.000000
vt -1.950000 0.078540 0.000000
vt -1.350000 0.061087 0.000000
vt -1.000000 0.061087 0.000000
vt -1.000000 0.043633 0.000000
vt -0.650000 0.043633 0.000000
vt -0.650000 0.026180 0.000000
vt -0.300000 0.026180 0.000000
vt -0.300000 0.008727 0.000000
vt 0.050000 0.008727 0.000000
vt 0.050000 -0.008727 0.000000
vt 0.400000 -0.008727 0.000000
vt 0.400000 -0.026180 0.000000
vt 0.694443 -0.019635 0.000000
vt 0.711732 -0.039270 0.000000
vt 0.400000 -0.043633 0.000000
vt 0.730491 -0.058905 0.000000
vt 0.400000 -0.061087 0.000000
vt 0.050000 -0.061087 0.000000
vt -0.300000 -0.061087 0.000000
vt -0.300000 -0.043633 0.000000
vt -0.650000 -0.043633 0.000000
vt -0.650000 -0.026180 0.000000
vt -1.000000 -0.026180 0.000000
vt -1.000000 -0.008727 0.000000
vt -1.350000 -0.008727 0.000000
vt -1.350000 0.008727 0.000000
vt 0.679289 0.000000 0.000000
vt 0.400000 0.008727 0.000000
vt 0.050000 0.026180 0.000000
vt -0.300000 0.043633 0.000000
vt -0.650000 0.061087 0.000000
vt 0.672699 0.009817 0.000000
vt 0.666853 0.019635 0.000000
vt 0.400000 0.026180 0.000000
vt 0.661808 0.029452 0.000000
vt 0.657612 0.039270 0.000000
vt 0.400000 0.043633 0.000000
vt 0.654306 0.049087 0.000000
vt 0.400000 0.061087 0.000000
vt 0.651921 0.058905 0.000000
vt 0.650482 0.068722 0.000000
vt 0.650000 0.078540 0.000000
vt -0.300000 0.061087 0.000000
vt 0.050000 0.061087 0.000000
vt 0.050000 0.043633 0.000000
vt -2.030491 -0.058905 0.000000
vt -1.700000 -0.061087 0.000000
vt 0.050000 -0.043633 0.000000
vt 0.050000 -0.026180 0.000000
vt -1.000000 -0.043633 0.000000
vt -0.300000 -0.026180 0.000000
vt -0.650000 -0.008727 0.000000
vt -1.000000 0.008727 0.000000
vt -1.350000 0.026180 0.000000
vt -1.350000 -0.026180 0.000000
vt -0.300000 -0.008727 0.000000
vt -0.650000 0.008727 0.000000
vt -1.000000 0.026180 0.000000
vt -1.350000 0.043633 0.000000
vt -2.600000 0.100000 0.000000
vt -0.000000 0.100000 0.000000
vt -2.600000 3.000000 0.000000
vt -0.000000 3.000000 0.000000
vt -2.600000 0.100000 0.000000
vt -0.000000 0.100000 0.000000
vt -2.600000 3.000000 0.000000
vt -0.000000 3.000000 0.000000
vt 3.250000 3.250000 0.000000
vt 1.400000 1.400000 0.000000
vt 3.250000 -3.250000 0.000000
vt 1.400000 -1.400000 0.000000
vt -1.400000 -1.400000 0.000000
vt -3.250000 3.250000 0.000000
vt -1.400000 1.400000 0.000000
vt -3.250000 -3.250000 0.000000
vt -2.600000 0.100000 0.000000
vt -0.000000 0.100000 0.000000
vt -2.600000 3.000000 0.000000
vt -0.000000 3.000000 0.000000
vt -2.600000 0.100000 0.000000
vt -0.000000 0.100000 0.000000
vt -2.600000 3.000000 0.000000
vt -0.000000 3.000000 0.000000
vt 1.300000 1.300000 0.000000
vt -1.300000 1.300000 0.000000
vt 1.300000 -1.300000 0.000000
vt -1.300000 -1.300000 0.000000
vt 1.000000 -0.875655 0.000000
vt 0.500000 -0.875655 0.000000
vt 1.000000 -0.912141 0.000000
vt 0.500000 -0.912141 0.000000
vt 1.000000 0.912141 0.000000
vt 0.500000 0.912141 0.000000
vt 1.000000 0.875655 0.000000
vt 0.500000 0.875655 0.000000
vt 1.000000 0.839169 0.000000
vt 0.500000 0.839169 0.000000
vt 1.000000 0.802684 0.000000
vt 0.500000 0.802684 0.000000
vt 1.000000 0.766198 0.000000
vt 0.500000 0.766198 0.000000
vt 1.000000 0.729713 0.000000
vt 0.500000 0.729713 0.000000
vt 1.000000 0.693227 0.000000
vt 0.500000 0.693227 0.000000
vt 1.000000 0.656741 0.000000
vt 0.500000 0.656741 0.000000
vt 1.000000 0.620256 0.000000
vt 0.500000 0.620256 0.000000
vt 1.000000 0.583770 0.000000
vt 0.500000 0.583770 0.000000
vt 1.000000 0.547284 0.000000
vt 0.500000 0.547284 0.000000
vt 1.000000 0.510799 0.000000
vt 0.500000 0.510799 0.000000
vt 1.000000 0.474313 0.000000
vt 0.500000 0.474313 0.000000
vt 1.000000 0.437828 0.000000
vt 0.500000 0.437828 0.000000
vt 1.000000 0.401342 0.000000
vt 0.500000 0.401342 0.000000
vt 1.000000 0.364856 0.000000
vt 0.500000 0.364856 0.000000
vt 1.000000 0.328371 0.000000
vt 0.500000 0.328371 0.000000
vt 1.000000 0.291885 0.000000
vt 0.500000 0.291885 0.000000
vt 1.000000 0.255399 0.000000
vt 0.500000 0.255399 0.000000
vt 1.000000 0.218914 0.000000
vt 0.500000 0.218914 0.000000
vt 1.000000 0.182428 0.000000
vt 0.500000 0.182428 0.000000
vt 1.000000 0.145943 0.000000
vt 0.500000 0.145943 0.000000
vt 1.000000 0.109457 0.000000
vt 0.500000 0.109457 0.000000
vt 1.000000 0.072971 0.000000
vt 0.500000 0.072971 0.000000
vt 1.000000 0.036486 0.000000
vt 0.500000 0.036486 0.000000
vt 1.000000 0.000000 0.000000
vt 0.500000 0.000000 0.000000
vt 1.000000 -0.036486 0.000000
vt 0.500000 -0.036486 0.000000
vt 1.000000 -0.072971 0.000000
vt 0.500000 -0.072971 0.000000
vt 1.000000 -0.109457 0.000000
vt 0.500000 -0.109457 0.000000
vt 1.000000 -0.145943 0.000000
vt 0.500000 -0.145943 0.000000
vt 1.000000 -0.182428 0.000000
vt 0.500000 -0.182428 0.000000
vt 1.000000 -0.218914 0.000000
vt 0.500000 -0.218914 0.000000
vt 1.000000 -0.255399 0.000000
vt 0.500000 -0.255399 0.000000
vt 1.000000 -0.291885 0.000000
vt 0.500000 -0.291885 0.000000
vt 1.000000 -0.328371 0.000000
vt 0.500000 -0.328371 0.000000
vt 1.000000 -0.364856 0.000000
vt 0.500000 -0.364856 0.000000
vt 1.000000 -0.401342 0.000000
vt 0.500000 -0.401342 0.000000
vt 1.000000 -0.437828 0.000000
vt 0.500000 -0.437828 0.000000
vt 1.000000 -0.474313 0.000000
vt 0.500000 -0.474313 0.000000
vt 1.000000 -0.510799 0.000000
vt 0.500000 -0.510799 0.000000
vt 1.000000 -0.547284 0.000000
vt 0.500000 -0.547284 0.000000
vt 1.000000 -0.583770 0.000000
vt 0.500000 -0.583770 0.000000
vt 1.000000 -0.620256 0.000000
vt 0.500000 -0.620256 0.000000
vt 1.000000 -0.656741 0.000000
vt 0.500000 -0.656741 0.000000
vt 1.000000 -0.693227 0.000000
vt 0.500000 -0.693227 0.000000
vt 1.000000 -0.729713 0.000000
vt 0.500000 -0.729713 0.000000
vt 1.000000 -0.766198 0.000000
vt 0.500000 -0.766198 0.000000
vt 1.000000 -0.802684 0.000000
vt 0.500000 -0.802684 0.000000
vt 1.000000 -0.839169 0.000000
vt 0.500000 -0.839169 0.000000
vt 0.000000 0.875655 0.000000
vt 0.000000 0.912141 0.000000
vt 0.000000 -0.912141 0.000000
vt 0.000000 -0.875655 0.000000
vt 0.000000 -0.839169 0.000000
vt 0.000000 -0.802684 0.000000
vt 0.000000 -0.766198 0.000000
vt 0.000000 -0.729713 0.000000
vt 0.000000 -0.693227 0.000000
vt 0.000000 -0.656741 0.000000
vt 0.000000 -0.620256 0.000000
vt 0.000000 -0.583770 0.000000
vt 0.000000 -0.547284 0.000000
vt 0.000000 -0.510799 0.000000
vt 0.000000 -0.474313 0.000000
vt 0.000000 -0.437828 0.000000
vt 0.000000 -0.401342 0.000000
vt 0.000000 -0.364856 0.000000
vt 0.000000 -0.328371 0.000000
vt 0.000000 -0.291885 0.000000
vt 0.000000 -0.255399 0.000000
vt 0.000000 -0.218914 0.000000
vt 0.000000 -0.182428 0.000000
vt 0.000000 -0.145943 0.000000
vt 0.000000 -0.109457 0.000000
vt 0.000000 -0.072971 0.000000
vt 0.000000 -0.036486 0.000000
vt 0.000000 0.000000 0.000000
vt 0.000000 0.036486 0.000000
vt 0.000000 0.072971 0.000000
vt 0.000000 0.109457 0.000000
vt 0.000000 0.145943 0.000000
vt 0.000000 0.182428 0.000000
vt 0.000000 0.218914 0.000000
vt 0.000000 0.255399 0.000000
vt 0.000000 0.291885 0.000000
vt 0.000000 0.328371 0.000000
vt 0.000000 0.364856 0.000000
vt 0.000000 0.401342 0.000000
vt 0.000000 0.437828 0.000000
vt 0.000000 0.474313 0.000000
vt 0.000000 0.510799 0.000000
vt 0.000000 0.547284 0.000000
vt 0.000000 0.583770 0.000000
vt 0.000000 0.620256 0.000000
vt 0.000000 0.656741 0.000000
vt 0.000000 0.693227 0.000000
vt 0.000000 0.729713 0.000000
vt 0.000000 0.766198 0.000000
vt 0.000000 0.802684 0.000000
vt 0.000000 0.839169 0.000000
vt 1.000000 -0.875655 0.000000
vt 0.500000 -0.875655 0.000000
vt 1.000000 -0.912141 0.000000
vt 0.500000 -0.912141 0.000000
vt 1.000000 0.912141 0.000000
vt 0.500000 0.912141 0.000000
vt 1.000000 0.875655 0.000000
vt 0.500000 0.875655 0.000000
vt 1.000000 0.839169 0.000000
vt 0.500000 0.839169 0.000000
vt 1.000000 0.802684 0.000000
vt 0.500000 0.802684 0.000000
vt 1.000000 0.766198 0.000000
vt 0.500000 0.766198 0.000000
vt 1.000000 0.729713 0.000000
vt 0.500000 0.729713 0.000000
vt 1.000000 0.693227 0.000000
vt 0.500000 0.693227 0.000000
vt 1.000000 0.656741 0.000000
vt 0.500000 0.656741 0.000000
vt 1.000000 0.620256 0.000000
vt 0.500000 0.620256 0.000000
vt 1.000000 0.583770 0.000000
vt 0.500000 0.583770 0.000000
vt 1.000000 0.547284 0.000000
vt 0.500000 0.547284 0.000000
vt 1.000000 0.510799 0.000000
vt 0.500000 0.510799 0.000000
vt 1.000000 0.474313 0.000000
vt 0.500000 0.474313 0.000000
vt 1.000000 0.437828 0.000000
vt 0.500000 0.437828 0.000000
vt 1.000000 0.401342 0.000000
vt 0.500000 0.401342 0.000000
vt 1.000000 0.364856 0.000000
vt 0.500000 0.364856 0.000000
vt 1.000000 0.328371 0.000000
vt 0.500000 0.328371 0.000000
vt 1.000000 0.291885 0.000000
vt 0.500000 0.291885 0.000000
vt 1.000000 0.255399 0.000000
vt 0.500000 0.255399 0.000000
vt 1.000000 0.218914 0.000000
vt 0.500000 0.218914 0.000000
vt 1.000000 0.182428 0.000000
vt 0.500000 0.182428 0.000000
vt 1.000000 0.145943 0.000000
vt 0.500000 0.145943 0.000000
vt 1.000000 0.109457 0.000000
vt 0.500000 0.109457 0.000000
vt 1.000000 0.072971 0.000000
vt 0.500000 0.072971 0.000000
vt 1.000000 0.036486 0.000000
vt 0.500000 0.036486 0.000000
vt 1.000000 0.000000 0.000000
vt 0.500000 0.000000 0.000000
vt 1.000000 -0.036486 0.000000
vt 0.500000 -0.036486 0.000000
vt 1.000000 -0.072971 0.000000
vt 0.500000 -0.072971 0.000000
vt 1.000000 -0.109457 0.000000
vt 0.500000 -0.109457 0.000000
vt 1.000000 -0.145943 0.000000
vt 0.500000 -0.145943 0.000000
vt 1.000000 -0.182428 0.000000
vt 0.500000 -0.182428 0.000000
vt 1.000000 -0.218914 0.000000
vt 0.500000 -0.218914 0.000000
vt 1.000000 -0.255399 0.000000
vt 0.500000 -0.255399 0.000000
vt 1.000000 -0.291885 0.000000
vt 0.500000 -0.291885 0.000000
vt 1.000000 -0.328371 0.000000
vt 0.500000 -0.328371 0.000000
vt 1.000000 -0.364856 0.000000
vt 0.500000 -0.364856 0.000000
vt 1.000000 -0.401342 0.000000
vt 0.500000 -0.401342 0.000000
vt 1.000000 -0.437828 0.000000
vt 0.500000 -0.437828 0.000000
vt 1.000000 -0.474313 0.000000
vt 0.500000 -0.474313 0.000000
vt 1.000000 -0.510799 0.000000
vt 0.500000 -0.510799 0.000000
vt 1.000000 -0.547284 0.000000
vt 0.500000 -0.547284 0.000000
vt 1.000000 -0.583770 0.000000
vt 0.500000 -0.583770 0.000000
vt 1.000000 -0.620256 0.000000
vt 0.500000 -0.620256 0.000000
vt 1.000000 -0.656741 0.000000
vt 0.500000 -0.656741 0.000000
vt 1.000000 -0.693227 0.000000
vt 0.500000 -0.693227 0.000000
vt 1.000000 -0.729713 0.000000
vt 0.500000 -0.729713 0.000000
vt 1.000000 -0.766198 0.000000
vt 0.500000 -0.766198 0.000000
vt 1.000000 -0.802684 0.000000
vt 0.500000 -0.802684 0.000000
vt 1.000000 -0.839169 0.000000
vt 0.500000 -0.839169 0.000000
vt 0.000000 0.875655 0.000000
vt 0.000000 0.912141 0.000000
vt 0.000000 -0.912141 0.000000
vt 0.000000 -0.875655 0.000000
vt 0.000000 -0.839169 0.000000
vt 0.000000 -0.802684 0.000000
vt 0.000000 -0.766198 0.000000
vt 0.000000 -0.729713 0.000000
vt 0.000000 -0.693227 0.000000
vt 0.000000 -0.656741 0.000000
vt 0.000000 -0.620256 0.000000
vt 0.000000 -0.583770 0.000000
vt 0.000000 -0.547284 0.000000
vt 0.000000 -0.510799 0.000000
vt 0.000000 -0.474313 0.000000
vt 0.000000 -0.437828 0.000000
vt 0.000000 -0.401342 0.000000
vt 0.000000 -0.364856 0.000000
vt 0.000000 -0.328371 0.000000
vt 0.000000 -0.291885 0.000000
vt 0.000000 -0.255399 0.000000
vt 0.000000 -0.218914 0.000000
vt 0.000000 -0.182428 0.000000
vt 0.000000 -0.145943 0.000000
vt 0.000000 -0.109457 0.000000
vt 0.000000 -0.072971 0.000000
vt 0.000000 -0.036486 0.000000
vt 0.000000 0.000000 0.000000
vt 0.000000 0.036486 0.000000
vt 0.000000 0.072971 0.000000
vt 0.000000 0.109457 0.000000
vt 0.000000 0.145943 0.000000
vt 0.000000 0.182428 0.000000
vt 0.000000 0.218914 0.000000
vt 0.000000 0.255399 0.000000
vt 0.000000 0.291885 0.000000
vt 0.000000 0.328371 0.000000
vt 0.000000 0.364856 0.000000
vt 0.000000 0.401342 0.000000
vt 0.000000 0.437828 0.000000
vt 0.000000 0.474313 0.000000
vt 0.000000 0.510799 0.000000
vt 0.000000 0.547284 0.000000
vt 0.000000 0.583770 0.000000
vt 0.000000 0.620256 0.000000
vt 0.000000 0.656741 0.000000
vt 0.000000 0.693227 0.000000
vt 0.000000 0.729713 0.000000
vt 0.000000 0.766198 0.000000
vt 0.000000 0.802684 0.000000
vt 0.000000 0.839169 0.000000
vt 1.000000 -0.875655 0.000000
vt 0.500000 -0.875655 0.000000
vt 1.000000 -0.912141 0.000000
vt 0.500000 -0.912141 0.000000
vt 1.000000 0.912141 0.000000
vt 0.500000 0.912141 0.000000
vt 1.000000 0.875655 0.000000
vt 0.500000 0.875655 0.000000
vt 1.000000 0.839169 0.000000
vt 0.500000 0.839169 0.000000
vt 1.000000 0.802684 0.000000
vt 0.500000 0.802684 0.000000
vt 1.000000 0.766198 0.000000
vt 0.500000 0.766198 0.000000
vt 1.000000 0.729713 0.000000
vt 0.500000 0.729713 0.000000
vt 1.000000 0.693227 0.000000
vt 0.500000 0.693227 0.000000
vt 1.000000 0.656741 0.000000
vt 0.500000 0.656741 0.000000
vt 1.000000 0.620256 0.000000
vt 0.500000 0.620256 0.000000
vt 1.000000 0.583770 0.000000
vt 0.500000 0.583770 0.000000
vt 1.000000 0.547284 0.000000
vt 0.500000 0.547284 0.000000
vt 1.000000 0.510799 0.000000
vt 0.500000 0.510799 0.000000
vt 1.000000 0.474313 0.000000
vt 0.500000 0.474313 0.000000
vt 1.000000 0.437828 0.000000
vt 0.500000 0.437828 0.000000
vt 1.000000 0.401342 0.000000
vt 0.500000 0.401342 0.000000
vt 1.000000 0.364856 0.000000
vt 0.500000 0.364856 0.000000
vt 1.000000 0.328371 0.000000
vt 0.500000 0.328371 0.000000
vt 1.000000 0.291885 0.000000
vt 0.500000 0.291885 0.000000
vt 1.000000 0.255399 0.000000
vt 0.500000 0.255399 0.000000
vt 1.000000 0.218914 0.000000
vt 0.500000 0.218914 0.000000
vt 1.000000 0.182428 0.000000
vt 0.500000 0.182428 0.000000
vt 1.000000 0.145943 0.000000
vt 0.500000 0.145943 0.000000
vt 1.000000 0.109457 0.000000
vt 0.500000 0.109457 0.000000
vt 1.000000 0.072971 0.000000
vt 0.500000 0.072971 0.000000
vt 1.000000 0.036486 0.000000
vt 0.500000 0.036486 0.000000
vt 1.000000 0.000000 0.000000
vt 0.500000 0.000000 0.000000
vt 1.000000 -0.036486 0.000000
vt 0.500000 -0.036486 0.000000
vt 1.000000 -0.072971 0.000000
vt 0.500000 -0.072971 0.000000
vt 1.000000 -0.109457 0.000000
vt 0.500000 -0.109457 0.000000
vt 1.000000 -0.145943 0.000000
vt 0.500000 -0.145943 0.000000
vt 1.000000 -0.182428 0.000000
vt 0.500000 -0.182428 0.000000
vt 1.000000 -0.218914 0.000000
vt 0.500000 -0.218914 0.000000
vt 1.000000 -0.255399 0.000000
vt 0.500000 -0.255399 0.000000
vt 1.000000 -0.291885 0.000000
vt 0.500000 -0.291885 0.000000
vt 1.000000 -0.328371 0.000000
vt 0.500000 -0.328371 0.000000
vt 1.000000 -0.364856 0.000000
vt 0.500000 -0.364856 0.000000
vt 1.000000 -0.401342 0.000000
vt 0.500000 -0.401342 0.000000
vt 1.000000 -0.437828 0.000000
vt 0.500000 -0.437828 0.000000
vt 1.000000 -0.474313 0.000000
vt 0.500000 -0.474313 0.000000
vt 1.000000 -0.510799 0.000000
vt 0.500000 -0.510799 0.000000
vt 1.000000 -0.547284 0.000000
vt 0.500000 -0.547284 0.000000
vt 1.000000 -0.583770 0.000000
vt 0.500000 -0.583770 0.000000
vt 1.000000 -0.620256 0.000000
vt 0.500000 -0.620256 0.000000
vt 1.000000 -0.656741 0.000000
vt 0.500000 -0.656741 0.000000
vt 1.000000 -0.693227 0.000000
vt 0.500000 -0.693227 0.000000
vt 1.000000 -0.729713 0.000000
vt 0.500000 -0.729713 0.000000
vt 1.000000 -0.766198 0.000000
vt 0.500000 -0.766198 0.000000
vt 1.000000 -0.802684 0.000000
vt 0.500000 -0.802684 0.000000
vt 1.000000 -0.839169 0.000000
vt 0.500000 -0.839169 0.000000
vt 0.000000 0.875655 0.000000
vt 0.000000 0.912141 0.000000
vt 0.000000 -0.912141 0.000000
vt 0.000000 -0.875655 0.000000
vt 0.000000 -0.839169 0.000000
vt 0.000000 -0.802684 0.000000
vt 0.000000 -0.766198 0.000000
vt 0.000000 -0.729713 0.000000
vt 0.000000 -0.693227 0.000000
vt 0.000000 -0.656741 0.000000
vt 0.000000 -0.620256 0.000000
vt 0.000000 -0.583770 0.000000
vt 0.000000 -0.547284 0.000000
vt 0.000000 -0.510799 0.000000
vt 0.000000 -0.474313 0.000000
vt 0.000000 -0.437828 0.000000
vt 0.000000 -0.401342 0.000000
vt 0.000000 -0.364856 0.000000
vt 0.000000 -0.328371 0.000000
vt 0.000000 -0.291885 0.000000
vt 0.000000 -0.255399 0.000000
vt 0.000000 -0.218914 0.000000
vt 0.000000 -0.182428 0.000000
vt 0.000000 -0.145943 0.000000
vt 0.000000 -0.109457 0.000000
vt 0.000000 -0.072971 0.000000
vt 0.000000 -0.036486 0.000000
vt 0.000000 0.000000 0.000000
vt 0.000000 0.036486 0.000000
vt 0.000000 0.072971 0.000000
vt 0.000000 0.109457 0.000000
vt 0.000000 0.145943 0.000000
vt 0.000000 0.182428 0.000000
vt 0.000000 0.218914 0.000000
vt 0.000000 0.255399 0.000000
vt 0.000000 0.291885 0.000000
vt 0.000000 0.328371 0.000000
vt 0.000000 0.364856 0.000000
vt 0.000000 0.401342 0.000000
vt 0.000000 0.437828 0.000000
vt 0.000000 0.474313 0.000000
vt 0.000000 0.510799 0.000000
vt 0.000000 0.547284 0.000000
vt 0.000000 0.583770 0.000000
vt 0.000000 0.620256 0.000000
vt 0.000000 0.656741 0.000000
vt 0.000000 0.693227 0.000000
vt 0.000000 0.729713 0.000000
vt 0.000000 0.766198 0.000000
vt 0.000000 0.802684 0.000000
vt 0.000000 0.839169 0.000000
vt 1.000000 -0.875655 0.000000
vt 0.500000 -0.875655 0.000000
vt 1.000000 -0.912141 0.000000
vt 0.500000 -0.912141 0.000000
vt 1.000000 0.912141 0.000000
vt 0.500000 0.912141 0.000000
vt 1.000000 0.875655 0.000000
vt 0.500000 0.875655 0.000000
vt 1.000000 0.839169 0.000000
vt 0.500000 0.839169 0.000000
vt 1.000000 0.802684 0.000000
vt 0.500000 0.802684 0.000000
vt 1.000000 0.766198 0.000000
vt 0.500000 0.766198 0.000000
vt 1.000000 0.729713 0.000000
vt 0.500000 0.729713 0.000000
vt 1.000000 0.693227 0.000000
vt 0.500000 0.693227 0.000000
vt 1.000000 0.656741 0.000000
vt 0.500000 0.656741 0.000000
vt 1.000000 0.620256 0.000000
vt 0.500000 0.620256 0.000000
vt 1.000000 0.583770 0.000000
vt 0.500000 0.583770 0.000000
vt 1.000000 0.547284 0.000000
vt 0.500000 0.547284 0.000000
vt 1.000000 0.510799 0.000000
vt 0.500000 0.510799 0.000000
vt 1.000000 0.474313 0.000000
vt 0.500000 0.474313 0.000000
vt 1.000000 0.437828 0.000000
vt 0.500000 0.437828 0.000000
vt 1.000000 0.401342 0.000000
vt 0.500000 0.401342 0.000000
vt 1.000000 0.364856 0.000000
vt 0.500000 0.364856 0.000000
vt 1.000000 0.328371 0.000000
vt 0.500000 0.328371 0.000000
vt 1.000000 0.291885 0.000000
vt 0.500000 0.291885 0.000000
vt 1.000000 0.255399 0.000000
vt 0.500000 0.255399 0.000000
vt 1.000000 0.218914 0.000000
vt 0.500000 0.218914 0.000000
vt 1.000000 0.182428 0.000000
vt 0.500000 0.182428 0.000000
vt 1.000000 0.145943 0.000000
vt 0.500000 0.145943 0.000000
vt 1.000000 0.109457 0.000000
vt 0.500000 0.109457 0.000000
vt 1.000000 0.072971 0.000000
vt 0.500000 0.072971 0.000000
vt 1.000000 0.036486 0.000000
vt 0.500000 0.036486 0.000000
vt 1.000000 0.000000 0.000000
vt 0.500000 0.000000 0.000000
vt 1.000000 -0.036486 0.000000
vt 0.500000 -0.036486 0.000000
vt 1.000000 -0.072971 0.000000
vt 0.500000 -0.072971 0.000000
vt 1.000000 -0.109457 0.000000
vt 0.500000 -0.109457 0.000000
vt 1.000000 -0.145943 0.000000
vt 0.500000 -0.145943 0.000000
vt 1.000000 -0.182428 0.000000
vt 0.500000 -0.182428 0.000000
vt 1.000000 -0.218914 0.000000
vt 0.500000 -0.218914 0.000000
vt 1.000000 -0.255399 0.000000
vt 0.500000 -0.255399 0.000000
vt 1.000000 -0.291885 0.000000
vt 0.500000 -0.291885 0.000000
vt 1.000000 -0.328371 0.000000
vt 0.500000 -0.328371 0.000000
vt 1.000000 -0.364856 0.000000
vt 0.500000 -0.364856 0.000000
vt 1.000000 -0.401342 0.000000
vt 0.500000 -0.401342 0.000000
vt 1.000000 -0.437828 0.000000
vt 0.500000 -0.437828 0.000000
vt 1.000000 -0.474313 0.000000
vt 0.500000 -0.474313 0.000000
vt 1.000000 -0.510799 0.000000
vt 0.500000 -0.510799 0.000000
vt 1.000000 -0.547284 0.000000
vt 0.500000 -0.547284 0.000000
vt 1.000000 -0.583770 0.000000
vt 0.500000 -0.583770 0.000000
vt 1.000000 -0.620256 0.000000
vt 0.500000 -0.620256 0.000000
vt 1.000000 -0.656741 0.000000
vt 0.500000 -0.656741 0.000000
vt 1.000000 -0.693227 0.000000
vt 0.500000 -0.693227 0.000000
vt 1.000000 -0.729713 0.000000
vt 0.500000 -0.729713 0.000000
vt 1.000000 -0.766198 0.000000
vt 0.500000 -0.766198 0.000000
vt 1.000000 -0.802684 0.000000
vt 0.500000 -0.802684 0.000000
vt 1.000000 -0.839169 0.000000
vt 0.500000 -0.839169 0.000000
vt 0.000000 0.875655 0.000000
vt 0.000000 0.912141 0.000000
vt 0.000000 -0.912141 0.000000
vt 0.000000 -0.875655 0.000000
vt 0.000000 -0.839169 0.000000
vt 0.000000 -0.802684 0.000000
vt 0.000000 -0.766198 0.000000
vt 0.000000 -0.729713 0.000000
vt 0.000000 -0.693227 0.000000
vt 0.000000 -0.656741 0.000000
vt 0.000000 -0.620256 0.000000
vt 0.000000 -0.583770 0.000000
vt 0.000000 -0.547284 0.000000
vt 0.000000 -0.510799 0.000000
vt 0.000000 -0.474313 0.000000
vt 0.000000 -0.437828 0.000000
vt 0.000000 -0.401342 0.000000
vt 0.000000 -0.364856 0.000000
vt 0.000000 -0.328371 0.000000
vt 0.000000 -0.291885 0.000000
vt 0.000000 -0.255399 0.000000
vt 0.000000 -0.218914 0.000000
vt 0.000000 -0.182428 0.000000
vt 0.000000 -0.145943 0.000000
vt 0.000000 -0.109457 0.000000
vt 0.000000 -0.072971 0.000000
vt 0.000000 -0.036486 0.000000
vt 0.000000 0.000000 0.000000
vt 0.000000 0.036486 0.000000
vt 0.000000 0.072971 0.000000
vt 0.000000 0.109457 0.000000
vt 0.000000 0.145943 0.000000
vt 0.000000 0.182428 0.000000
vt 0.000000 0.218914 0.000000
vt 0.000000 0.255399 0.000000
vt 0.000000 0.291885 0.000000
vt 0.000000 0.328371 0.000000
vt 0.000000 0.364856 0.000000
vt 0.000000 0.401342 0.000000
vt 0.000000 0.437828 0.000000
vt 0.000000 0.474313 0.000000
vt 0.000000 0.510799 0.000000
vt 0.000000 0.547284 0.000000
vt 0.000000 0.583770 0.000000
vt 0.000000 0.620256 0.000000
vt 0.000000 0.656741 0.000000
vt 0.000000 0.693227 0.000000
vt 0.000000 0.729713 0.000000
vt 0.000000 0.766198 0.000000
vt 0.000000 0.802684 0.000000
vt 0.000000 0.839169 0.000000
vt 2.788054 2.536390 0.000000
vt 2.790343 2.500000 0.000000
vt 3.250000 3.250000 0.000000
vt 2.788054 2.463610 0.000000
vt 2.781222 2.427795 0.000000
vt 2.769954 2.393117 0.000000
vt 3.250000 -3.250000 0.000000
vt 2.769954 -2.393117 0.000000
vt 2.781222 -2.427795 0.000000
vt 2.754430 -2.360126 0.000000
vt 2.754430 2.360126 0.000000
vt 2.734893 2.329340 0.000000
vt 2.734893 -2.329340 0.000000
vt 2.711651 2.301246 0.000000
vt 2.711651 -2.301246 0.000000
vt 2.685072 2.276287 0.000000
vt 2.685072 -2.276287 0.000000
vt 2.655574 2.254855 0.000000
vt 2.655574 -2.254855 0.000000
vt 2.623622 2.237289 0.000000
vt 2.623622 -2.237289 0.000000
vt 2.589721 2.223867 0.000000
vt 2.589721 -2.223867 0.000000
vt 1.500000 1.500000 0.000000
vt 1.500000 -1.500000 0.000000
vt 2.554405 2.214799 0.000000
vt 2.518231 2.210230 0.000000
vt 2.481769 2.210230 0.000000
vt 2.445595 2.214799 0.000000
vt 2.410279 2.223867 0.000000
vt 2.376378 2.237289 0.000000
vt 2.344426 2.254855 0.000000
vt 2.314928 2.276287 0.000000
vt 2.288349 2.301246 0.000000
vt 2.265107 2.329340 0.000000
vt 2.245570 2.360126 0.000000
vt 2.230046 2.393117 0.000000
vt 2.218778 2.427795 0.000000
vt 2.211946 2.463610 0.000000
vt 2.209657 2.500000 0.000000
vt 2.211946 2.536390 0.000000
vt 2.218778 2.572205 0.000000
vt -2.218778 2.572205 0.000000
vt -2.230046 2.606883 0.000000
vt 2.230046 2.606883 0.000000
vt -2.245570 2.639874 0.000000
vt 2.245570 2.639874 0.000000
vt -2.265107 2.670660 0.000000
vt 2.265107 2.670660 0.000000
vt -2.288349 2.698754 0.000000
vt 2.288349 2.698754 0.000000
vt -2.314928 2.723713 0.000000
vt 2.314928 2.723713 0.000000
vt -2.344426 2.745145 0.000000
vt 2.344426 2.745145 0.000000
vt -2.376378 2.762711 0.000000
vt 2.376378 2.762711 0.000000
vt -3.250000 3.250000 0.000000
vt 2.410279 2.776133 0.000000
vt 2.445595 2.785201 0.000000
vt 2.481769 2.789770 0.000000
vt 2.518231 2.789770 0.000000
vt 2.554405 2.785201 0.000000
vt 2.589721 2.776133 0.000000
vt 2.623622 2.762711 0.000000
vt 2.655574 2.745145 0.000000
vt 2.685072 2.723713 0.000000
vt 2.711651 2.698754 0.000000
vt 2.734893 2.670660 0.000000
vt 2.754430 2.639874 0.000000
vt 2.769954 2.606883 0.000000
vt 2.781222 2.572205 0.000000
vt 2.788054 -2.463610 0.000000
vt 2.790343 -2.500000 0.000000
vt 2.788054 -2.536390 0.000000
vt 2.781222 -2.572205 0.000000
vt 2.769954 -2.606883 0.000000
vt 2.754430 -2.639874 0.000000
vt 2.734893 -2.670660 0.000000
vt 2.711651 -2.698754 0.000000
vt 2.685072 -2.723713 0.000000
vt 2.655574 -2.745145 0.000000
vt 2.623622 -2.762711 0.000000
vt 2.589721 -2.776133 0.000000
vt 2.554405 -2.785201 0.000000
vt 2.518231 -2.789770 0.000000
vt 2.481769 -2.789770 0.000000
vt 2.445595 -2.785201 0.000000
vt 2.410279 -2.776133 0.000000
vt 2.376378 -2.762711 0.000000
vt -2.376378 -2.762711 0.000000
vt -2.344426 -2.745145 0.000000
vt 2.344426 -2.745145 0.000000
vt -2.314928 -2.723713 0.000000
vt 2.314928 -2.723713 0.000000
vt -2.288349 -2.698754 0.000000
vt 2.288349 -2.698754 0.000000
vt -2.265107 -2.670660 0.000000
vt 2.265107 -2.670660 0.000000
vt -2.245570 -2.639874 0.000000
vt 2.245570 -2.639874 0.000000
vt -2.230046 -2.606883 0.000000
vt 2.230046 -2.606883 0.000000
vt -2.218778 -2.572205 0.000000
vt 2.218778 -2.572205 0.000000
vt -1.500000 -1.500000 0.000000
vt 2.211946 -2.536390 0.000000
vt 2.209657 -2.500000 0.000000
vt 2.211946 -2.463610 0.000000
vt 2.218778 -2.427795 0.000000
vt 2.230046 -2.393117 0.000000
vt 2.245570 -2.360126 0.000000
vt 2.265107 -2.329340 0.000000
vt 2.288349 -2.301246 0.000000
vt 2.314928 -2.276287 0.000000
vt 2.344426 -2.254855 0.000000
vt 2.376378 -2.237289 0.000000
vt 2.410279 -2.223867 0.000000
vt 2.445595 -2.214799 0.000000
vt 2.481769 -2.210230 0.000000
vt 2.518231 -2.210230 0.000000
vt 2.554405 -2.214799 0.000000
vt -2.211946 2.536390 0.000000
vt -2.209657 2.500000 0.000000
vt -1.500000 1.500000 0.000000
vt -2.211946 2.463610 0.000000
vt -2.218778 2.427795 0.000000
vt -2.230046 2.393117 0.000000
vt -2.245570 2.360126 0.000000
vt -2.265107 2.329340 0.000000
vt -2.288349 2.301246 0.000000
vt -2.314928 2.276287 0.000000
vt -2.344426 2.254855 0.000000
vt -2.376378 2.237289 0.000000
vt -2.410279 2.223867 0.000000
vt -2.445595 2.214799 0.000000
vt -2.481769 2.210230 0.000000
vt -2.518231 2.210230 0.000000
vt -2.554405 2.214799 0.000000
vt -2.589721 2.223867 0.000000
vt -2.589721 -2.223867 0.000000
vt -2.554405 -2.214799 0.000000
vt -2.518231 -2.210230 0.000000
vt -2.623622 -2.237289 0.000000
vt -2.623622 2.237289 0.000000
vt -2.655574 -2.254855 0.000000
vt -2.655574 2.254855 0.000000
vt -2.685072 -2.276287 0.000000
vt -2.685072 2.276287 0.000000
vt -2.711651 -2.301246 0.000000
vt -2.711651 2.301246 0.000000
vt -2.734893 -2.329340 0.000000
vt -2.734893 2.329340 0.000000
vt -2.754430 -2.360126 0.000000
vt -2.754430 2.360126 0.000000
vt -2.769954 2.393117 0.000000
vt -2.781222 2.427795 0.000000
vt -3.250000 -3.250000 0.000000
vt -2.769954 -2.393117 0.000000
vt -2.781222 -2.427795 0.000000
vt -2.788054 -2.463610 0.000000
vt -2.790343 -2.500000 0.000000
vt -2.788054 -2.536390 0.000000
vt -2.781222 -2.572205 0.000000
vt -2.769954 -2.606883 0.000000
vt -2.754430 -2.639874 0.000000
vt -2.734893 -2.670660 0.000000
vt -2.711651 -2.698754 0.000000
vt -2.685072 -2.723713 0.000000
vt -2.655574 -2.745145 0.000000
vt -2.623622 -2.762711 0.000000
vt -2.589721 -2.776133 0.000000
vt -2.554405 -2.785201 0.000000
vt -2.518231 -2.789770 0.000000
vt -2.481769 -2.789770 0.000000
vt -2.445595 -2.785201 0.000000
vt -2.410279 -2.776133 0.000000
vt -2.788054 2.463610 0.000000
vt -2.790343 2.500000 0.000000
vt -2.788054 2.536390 0.000000
vt -2.781222 2.572205 0.000000
vt -2.769954 2.606883 0.000000
vt -2.754430 2.639874 0.000000
vt -2.734893 2.670660 0.000000
vt -2.711651 2.698754 0.000000
vt -2.685072 2.723713 0.000000
vt -2.655574 2.745145 0.000000
vt -2.623622 2.762711 0.000000
vt -2.589721 2.776133 0.000000
vt -2.554405 2.785201 0.000000
vt -2.518231 2.789770 0.000000
vt -2.481769 2.789770 0.000000
vt -2.445595 2.785201 0.000000
vt -2.410279 2.776133 0.000000
vt -2.211946 -2.463610 0.000000
vt -2.209657 -2.500000 0.000000
vt -2.211946 -2.536390 0.000000
vt -2.481769 -2.210230 0.000000
vt -2.445595 -2.214799 0.000000
vt -2.410279 -2.223867 0.000000
vt -2.376378 -2.237289 0.000000
vt -2.344426 -2.254855 0.000000
vt -2.314928 -2.276287 0.000000
vt -2.288349 -2.301246 0.000000
vt -2.265107 -2.329340 0.000000
vt -2.245570 -2.360126 0.000000
vt -2.230046 -2.393117 0.000000
vt -2.218778 -2.427795 0.000000
vt 0.000000 0.000000 0.000000
vt 6.500000 0.000000 0.000000
vt 0.000000 1.000000 0.000000
vt 6.500000 1.000000 0.000000
vt 0.000000 0.000000 0.000000
vt 6.500000 0.000000 0.000000
vt 0.000000 1.000000 0.000000
vt 6.500000 1.000000 0.000000
vt 0.000000 0.000000 0.000000
vt 6.500000 0.000000 0.000000
vt 0.000000 1.000000 0.000000
vt 6.500000 1.000000 0.000000
vt 0.000000 0.000000 0.000000
vt 6.500000 0.000000 0.000000
vt 0.000000 1.000000 0.000000
vt 6.500000 1.000000 0.000000
vt -2.788054 2.463610 0.000000
vt -2.790343 2.500000 0.000000
vt -3.250000 3.250000 0.000000
vt -2.788054 2.536390 0.000000
vt -2.781222 2.572205 0.000000
vt -2.769954 2.606883 0.000000
vt -2.754430 2.639874 0.000000
vt -2.734893 2.670660 0.000000
vt -2.711651 2.698754 0.000000
vt -2.685072 2.723713 0.000000
vt -2.655574 2.745145 0.000000
vt -2.623622 2.762711 0.000000
vt -2.589721 2.776133 0.000000
vt -2.554405 2.785201 0.000000
vt -2.518231 2.789770 0.000000
vt -2.481769 2.789770 0.000000
vt -2.445595 2.785201 0.000000
vt -2.410279 2.776133 0.000000
vt -2.376378 2.762711 0.000000
vt 2.376378 2.762711 0.000000
vt 2.344426 2.745145 0.000000
vt -2.344426 2.745145 0.000000
vt 2.314928 2.723713 0.000000
vt -2.314928 2.723713 0.000000
vt 2.288349 2.698754 0.000000
vt -2.288349 2.698754 0.000000
vt 2.265107 2.670660 0.000000
vt -2.265107 2.670660 0.000000
vt 2.245570 2.639874 0.000000
vt -2.245570 2.639874 0.000000
vt 2.230046 2.606883 0.000000
vt -2.230046 2.606883 0.000000
vt 2.218778 2.572205 0.000000
vt -2.218778 2.572205 0.000000
vt 2.211946 2.536390 0.000000
vt -2.211946 2.536390 0.000000
vt 2.209657 2.500000 0.000000
vt -2.209657 2.500000 0.000000
vt 2.211946 2.463610 0.000000
vt -2.211946 2.463610 0.000000
vt 2.218778 2.427795 0.000000
vt -2.218778 2.427795 0.000000
vt 2.230046 2.393117 0.000000
vt -2.230046 2.393117 0.000000
vt 2.245570 2.360126 0.000000
vt -2.245570 2.360126 0.000000
vt 2.265107 2.329340 0.000000
vt -2.265107 2.329340 0.000000
vt 2.288349 2.301246 0.000000
vt -2.288349 2.301246 0.000000
vt 2.288349 -2.301246 0.000000
vt -2.288349 -2.301246 0.000000
vt 2.265107 -2.329340 0.000000
vt -2.265107 -2.329340 0.000000
vt 2.245570 -2.360126 0.000000
vt -2.245570 -2.360126 0.000000
vt 2.230046 -2.393117 0.000000
vt -2.230046 -2.393117 0.000000
vt 2.218778 -2.427795 0.000000
vt -2.218778 -2.427795 0.000000
vt 2.211946 -2.463610 0.000000
vt -2.211946 -2.463610 0.000000
vt 2.209657 -2.500000 0.000000
vt -2.209657 -2.500000 0.000000
vt 2.211946 -2.536390 0.000000
vt -2.211946 -2.536390 0.000000
vt 2.218778 -2.572205 0.000000
vt -2.218778 -2.572205 0.000000
vt 2.230046 -2.606883 0.000000
vt -2.230046 -2.606883 0.000000
vt 2.245570 -2.639874 0.000000
vt -2.245570 -2.639874 0.000000
vt 2.265107 -2.670660 0.000000
vt -2.265107 -2.670660 0.000000
vt 2.288349 -2.698754 0.000000
vt -2.288349 -2.698754 0.000000
vt 2.314928 -2.723713 0.000000
vt -2.314928 -2.723713 0.000000
vt 2.344426 -2.745145 0.000000
vt -2.344426 -2.745145 0.000000
vt 2.376378 -2.762711 0.000000
vt -2.376378 -2.762711 0.000000
vt 3.250000 -3.250000 0.000000
vt -3.250000 -3.250000 0.000000
vt -2.410279 -2.776133 0.000000
vt -2.445595 -2.785201 0.000000
vt -2.314928 2.276287 0.000000
vt -2.314928 -2.276287 0.000000
vt -2.344426 2.254855 0.000000
vt -2.344426 -2.254855 0.000000
vt -2.376378 2.237289 0.000000
vt -2.376378 -2.237289 0.000000
vt -2.410279 2.223867 0.000000
vt -2.410279 -2.223867 0.000000
vt -2.445595 2.214799 0.000000
vt -2.445595 -2.214799 0.000000
vt -2.481769 2.210230 0.000000
vt -2.481769 -2.210230 0.000000
vt -2.518231 2.210230 0.000000
vt -2.518231 -2.210230 0.000000
vt -2.554405 -2.214799 0.000000
vt -2.554405 2.214799 0.000000
vt -2.589721 -2.223867 0.000000
vt -2.589721 2.223867 0.000000
vt -2.623622 -2.237289 0.000000
vt -2.623622 2.237289 0.000000
vt -2.655574 -2.254855 0.000000
vt -2.655574 2.254855 0.000000
vt -2.685072 -2.276287 0.000000
vt -2.685072 2.276287 0.000000
vt -2.711651 -2.301246 0.000000
vt -2.711651 2.301246 0.000000
vt -2.734893 -2.329340 0.000000
vt -2.734893 2.329340 0.000000
vt -2.754430 -2.360126 0.000000
vt -2.754430 2.360126 0.000000
vt -2.769954 2.393117 0.000000
vt -2.781222 2.427795 0.000000
vt -2.769954 -2.393117 0.000000
vt -2.781222 -2.427795 0.000000
vt -2.788054 -2.463610 0.000000
vt -2.790343 -2.500000 0.000000
vt -2.788054 -2.536390 0.000000
vt -2.781222 -2.572205 0.000000
vt -2.769954 -2.606883 0.000000
vt -2.754430 -2.639874 0.000000
vt -2.734893 -2.670660 0.000000
vt -2.711651 -2.698754 0.000000
vt -2.685072 -2.723713 0.000000
vt -2.655574 -2.745145 0.000000
vt -2.623622 -2.762711 0.000000
vt -2.589721 -2.776133 0.000000
vt -2.554405 -2.785201 0.000000
vt -2.518231 -2.789770 0.000000
vt -2.481769 -2.789770 0.000000
vt 3.250000 3.250000 0.000000
vt 2.410279 2.776133 0.000000
vt 2.445595 2.785201 0.000000
vt 2.481769 2.789770 0.000000
vt 2.518231 2.789770 0.000000
vt 2.554405 2.785201 0.000000
vt 2.589721 2.776133 0.000000
vt 2.623622 2.762711 0.000000
vt 2.655574 2.745145 0.000000
vt 2.685072 2.723713 0.000000
vt 2.711651 2.698754 0.000000
vt 2.734893 2.670660 0.000000
vt 2.754430 2.639874 0.000000
vt 2.769954 2.606883 0.000000
vt 2.781222 2.572205 0.000000
vt 2.788054 2.536390 0.000000
vt 2.790343 2.500000 0.000000
vt 2.788054 2.463610 0.000000
vt 2.781222 2.427795 0.000000
vt 2.769954 2.393117 0.000000
vt 2.769954 -2.393117 0.000000
vt 2.781222 -2.427795 0.000000
vt 2.754430 -2.360126 0.000000
vt 2.754430 2.360126 0.000000
vt 2.734893 2.329340 0.000000
vt 2.734893 -2.329340 0.000000
vt 2.711651 2.301246 0.000000
vt 2.711651 -2.301246 0.000000
vt 2.685072 2.276287 0.000000
vt 2.685072 -2.276287 0.000000
vt 2.655574 2.254855 0.000000
vt 2.655574 -2.254855 0.000000
vt 2.623622 2.237289 0.000000
vt 2.623622 -2.237289 0.000000
vt 2.589721 2.223867 0.000000
vt 2.589721 -2.223867 0.000000
vt 2.554405 2.214799 0.000000
vt 2.554405 -2.214799 0.000000
vt 2.518231 2.210230 0.000000
vt 2.518231 -2.210230 0.000000
vt 2.481769 2.210230 0.000000
vt 2.481769 -2.210230 0.000000
vt 2.445595 -2.214799 0.000000
vt 2.445595 2.214799 0.000000
vt 2.410279 -2.223867 0.000000
vt 2.410279 2.223867 0.000000
vt 2.376378 -2.237289 0.000000
vt 2.376378 2.237289 0.000000
vt 2.344426 -2.254855 0.000000
vt 2.344426 2.254855 0.000000
vt 2.314928 -2.276287 0.000000
vt 2.314928 2.276287 0.000000
vt 2.788054 -2.463610 0.000000
vt 2.790343 -2.500000 0.000000
vt 2.788054 -2.536390 0.000000
vt 2.781222 -2.572205 0.000000
vt 2.769954 -2.606883 0.000000
vt 2.754430 -2.639874 0.000000
vt 2.734893 -2.670660 0.000000
vt 2.711651 -2.698754 0.000000
vt 2.685072 -2.723713 0.000000
vt 2.655574 -2.745145 0.000000
vt 2.623622 -2.762711 0.000000
vt 2.589721 -2.776133 0.000000
vt 2.554405 -2.785201 0.000000
vt 2.518231 -2.789770 0.000000
vt 2.481769 -2.789770 0.000000
vt 2.445595 -2.785201 0.000000
vt 2.410279 -2.776133 0.000000
vt 0.000000 0.000000 0.000000
vt 3.000000 0.000000 0.000000
vt 0.000000 5.000000 0.000000
vt 3.000000 5.000000 0.000000
vt 0.000000 0.000000 0.000000
vt 3.000000 0.000000 0.000000
vt 0.000000 5.000000 0.000000
vt 3.000000 5.000000 0.000000
vt 0.000000 0.000000 0.000000
vt 3.000000 0.000000 0.000000
vt 0.000000 5.000000 0.000000
vt 3.000000 5.000000 0.000000
vt 0.000000 0.000000 0.000000
vt 3.000000 0.000000 0.000000
vt 0.000000 5.000000 0.000000
vt 3.000000 5.000000 0.000000
vt 0.000000 0.000000 0.000000
vt 6.500000 0.000000 0.000000
vt 0.000000 1.000000 0.000000
vt 6.500000 1.000000 0.000000
vt 0.000000 0.000000 0.000000
vt 6.500000 0.000000 0.000000
vt 0.000000 1.000000 0.000000
vt 6.500000 1.000000 0.000000
vt -0.000000 0.000000 0.000000
vt 6.500000 0.000000 0.000000
vt 0.000000 1.000000 0.000000
vt 6.500000 1.000000 0.000000
vt -0.000000 0.000000 0.000000
vt 6.500000 0.000000 0.000000
vt 0.000000 1.000000 0.000000
vt 6.500000 1.000000 0.000000
vt 1.500000 1.500000 0.000000
vt 1.500000 -1.500000 0.000000
vt 3.250000 -3.250000 0.000000
vt -1.500000 -1.500000 0.000000
vt -3.250000 -3.250000 0.000000
vt -1.500000 1.500000 0.000000
vt -3.250000 3.250000 0.000000
vt 3.250000 3.250000 0.000000
vn 0.000000 -0.000000 100.000000
vn 0.000000 17.364818 98.480775
vn 0.000000 -0.000000 100.000000
vn 0.000000 17.364818 98.480775
vn 0.000000 17.364818 98.480775
vn 0.000000 34.202014 93.969262
vn 0.000000 34.202014 93.969262
vn 0.000000 50.000000 86.602540
vn 0.000000 38.268343 92.387953
vn 0.000000 55.557023 83.146961
vn 0.000000 64.278761 76.604444
vn 0.000000 70.710678 70.710678
vn 0.000000 76.604444 64.278761
vn 0.000000 77.301045 63.439328
vn 0.000000 83.146961 55.557023
vn 0.000000 86.602540 50.000000
vn 0.000000 88.192126 47.139674
vn 0.000000 92.387953 38.268343
vn 0.000000 93.969262 34.202014
vn 0.000000 95.694034 29.028468
vn 0.000000 98.480775 17.364818
vn 0.000000 98.078528 19.509032
vn 0.000000 99.518473 9.801714
vn -0.000000 100.000000 -0.000000
vn 0.000000 98.480775 17.364818
vn 0.000000 98.480775 17.364818
vn 0.000000 93.969262 34.202014
vn 0.000000 93.969262 34.202014
vn 0.000000 86.602540 50.000000
vn 0.000000 86.602540 50.000000
vn 0.000000 76.604444 64.278761
vn 0.000000 76.604444 64.278761
vn 0.000000 64.278761 76.604444
vn 0.000000 64.278761 76.604444
vn 0.000000 50.000000 86.602540
vn 0.000000 55.557023 83.146961
vn 0.000000 38.268343 92.387953
vn 0.000000 34.202014 93.969262
vn 0.000000 19.509032 98.078528
vn 0.000000 17.364818 98.480775
vn 0.000000 17.364818 98.480775
vn 0.000000 17.364818 98.480775
vn 0.000000 34.202014 93.969262
vn 0.000000 34.202014 93.969262
vn 0.000000 50.000000 86.602540
vn 0.000000 50.000000 86.602540
vn 0.000000 64.278761 76.604444
vn 0.000000 64.278761 76.604444
vn 0.000000 76.604444 64.278761
vn 0.000000 70.710678 70.710678
vn 0.000000 76.604444 64.278761
vn 0.000000 86.602540 50.000000
vn 0.000000 93.969262 34.202014
vn 0.000000 98.480775 17.364818
vn 0.000000 77.301045 63.439328
vn 0.000000 83.146961 55.557023
vn 0.000000 86.602540 50.000000
vn 0.000000 88.192126 47.139674
vn 0.000000 92.387953 38.268343
vn 0.000000 93.969262 34.202014
vn 0.000000 95.694034 29.028468
vn 0.000000 98.480775 17.364818
vn 0.000000 98.078528 19.509032
vn 0.000000 99.518473 9.801714
vn -0.000000 100.000000 -0.000000
vn 0.000000 98.480775 17.364818
vn 0.000000 98.480775 17.364818
vn 0.000000 93.969262 34.202014
vn 0.000000 19.509032 98.078528
vn 0.000000 17.364818 98.480775
vn 0.000000 34.202014 93.969262
vn 0.000000 50.000000 86.602540
vn 0.000000 34.202014 93.969262
vn 0.000000 50.000000 86.602540
vn 0.000000 64.278761 76.604444
vn 0.000000 76.604444 64.278761
vn 0.000000 86.602540 50.000000
vn 0.000000 50.000000 86.602540
vn 0.000000 64.278761 76.604444
vn 0.000000 76.604444 64.278761
vn 0.000000 86.602540 50.000000
vn 0.000000 93.969262 34.202014
vn 0.000000 -0.000000 100.000000
vn 0.000000 -17.364818 98.480775
vn 0.000000 0.000000 100.000000
vn 0.000000 -17.364818 98.480775
vn 0.000000 -17.364818 98.480775
vn 0.000000 -34.202014 93.969262
vn 0.000000 -34.202014 93.969262
vn 0.000000 -50.000000 86.602540
vn 0.000000 -38.268343 92.387953
vn 0.000000 -55.557023 83.146961
vn 0.000000 -64.278761 76.604444
vn 0.000000 -70.710678 70.710678
vn 0.000000 -76.604444 64.278761
vn 0.000000 -77.301045 63.439328
vn 0.000000 -83.146961 55.557023
vn 0.000000 -86.602540 50.000000
vn 0.000000 -88.192126 47.139674
vn 0.000000 -92.387953 38.268343
vn 0.000000 -93.969262 34.202014
vn 0.000000 -95.694034 29.028468
vn 0.000000 -98.480775 17.364818
vn 0.000000 -98.078528 19.509032
vn 0.000000 -99.518473 9.801714
vn 0.000000 -100.000000 -0.000000
vn 0.000000 -98.480775 17.364818
vn 0.000000 -98.480775 17.364818
vn 0.000000 -93.969262 34.202014
vn 0.000000 -93.969262 34.202014
vn 0.000000 -86.602540 50.000000
vn 0.000000 -86.602540 50.000000
vn 0.000000 -76.604444 64.278761
vn 0.000000 -76.604444 64.278761
vn 0.000000 -64.278761 76.604444
vn 0.000000 -64.278761 76.604444
vn 0.000000 -50.000000 86.602540
vn 0.000000 -55.557023 83.146961
vn 0.000000 -38.268343 92.387953
vn 0.000000 -34.202014 93.969262
vn 0.000000 -19.509032 98.078528
vn 0.000000 -17.364818 98.480775
vn 0.000000 -17.364818 98.480775
vn 0.000000 -17.364818 98.480775
vn 0.000000 -34.202014 93.969262
vn 0.000000 -34.202014 93.969262
vn 0.000000 -50.000000 86.602540
vn 0.000000 -50.000000 86.602540
vn 0.000000 -64.278761 76.604444
vn 0.000000 -64.278761 76.604444
vn 0.000000 -76.604444 64.278761
vn 0.000000 -70.710678 70.710678
vn 0.000000 -76.604444 64.278761
vn 0.000000 -86.602540 50.000000
vn 0.000000 -93.969262 34.202014
vn 0.000000 -98.480775 17.364818
vn 0.000000 -77.301045 63.439328
vn 0.000000 -83.146961 55.557023
vn 0.000000 -86.602540 50.000000
vn 0.000000 -88.192126 47.139674
vn 0.000000 -92.387953 38.268343
vn 0.000000 -93.969262 34.202014
vn 0.000000 -95.694034 29.028468
vn 0.000000 -98.480775 17.364818
vn 0.000000 -98.078528 19.509032
vn 0.000000 -99.518473 9.801714
vn 0.000000 -100.000000 -0.000000
vn 0.000000 -98.480775 17.364818
vn 0.000000 -98.480775 17.364818
vn 0.000000 -93.969262 34.202014
vn 0.000000 -19.509032 98.078528
vn 0.000000 -17.364818 98.480775
vn 0.000000 -34.202014 93.969262
vn 0.000000 -50.000000 86.602540
vn 0.000000 -34.202014 93.969262
vn 0.000000 -50.000000 86.602540
vn 0.000000 -64.278761 76.604444
vn 0.000000 -76.604444 64.278761
vn 0.000000 -86.602540 50.000000
vn 0.000000 -50.000000 86.602540
vn 0.000000 -64.278761 76.604444
vn 0.000000 -76.604444 64.278761
vn 0.000000 -86.602540 50.000000
vn 0.000000 -93.969262 34.202014
vn 100.000000 -0.000000 -0.000000
vn 100.000000 -0.000000 0.000000
vn 99.518473 -0.000000 9.801714
vn 98.480775 -0.000000 17.364818
vn 98.480775 -0.000000 17.364818
vn 93.969262 -0.000000 34.202014
vn 93.969262 -0.000000 34.202014
vn 86.602540 -0.000000 50.000000
vn 92.387953 -0.000000 38.268343
vn 88.192126 -0.000000 47.139674
vn 83.146961 -0.000000 55.557023
vn 76.604444 -0.000000 64.278761
vn 77.301045 -0.000000 63.439328
vn 70.710678 -0.000000 70.710678
vn 64.278761 -0.000000 76.604444
vn 55.557023 -0.000000 83.146961
vn 50.000000 -0.000000 86.602540
vn 38.268343 -0.000000 92.387953
vn 34.202014 -0.000000 93.969262
vn 19.509032 -0.000000 98.078528
vn 17.364818 -0.000000 98.480775
vn 17.364818 -0.000000 98.480775
vn 17.364818 -0.000000 98.480775
vn 34.202014 -0.000000 93.969262
vn 34.202014 -0.000000 93.969262
vn 50.000000 -0.000000 86.602540
vn 50.000000 -0.000000 86.602540
vn 64.278761 -0.000000 76.604444
vn 64.278761 -0.000000 76.604444
vn 76.604444 -0.000000 64.278761
vn 76.604444 -0.000000 64.278761
vn 86.602540 -0.000000 50.000000
vn 83.146961 -0.000000 55.557023
vn 88.192126 -0.000000 47.139674
vn 92.387953 -0.000000 38.268343
vn 93.969262 -0.000000 34.202014
vn 95.694034 -0.000000 29.028468
vn 98.480775 -0.000000 17.364818
vn 98.078528 -0.000000 19.509032
vn 99.518473 -0.000000 9.801714
vn 98.480775 -0.000000 17.364818
vn 98.480775 -0.000000 17.364818
vn 93.969262 -0.000000 34.202014
vn 93.969262 -0.000000 34.202014
vn 86.602540 -0.000000 50.000000
vn 86.602540 -0.000000 50.000000
vn 76.604444 -0.000000 64.278761
vn 76.604444 -0.000000 64.278761
vn 64.278761 -0.000000 76.604444
vn 77.301045 -0.000000 63.439328
vn 70.710678 -0.000000 70.710678
vn 64.278761 -0.000000 76.604444
vn 55.557023 -0.000000 83.146961
vn 50.000000 -0.000000 86.602540
vn 38.268343 -0.000000 92.387953
vn 34.202014 -0.000000 93.969262
vn 19.509032 -0.000000 98.078528
vn 17.364818 -0.000000 98.480775
vn 17.364818 -0.000000 98.480775
vn 17.364818 -0.000000 98.480775
vn 34.202014 -0.000000 93.969262
vn 34.202014 -0.000000 93.969262
vn 50.000000 -0.000000 86.602540
vn 17.364818 -0.000000 98.480775
vn 95.694034 -0.000000 29.028468
vn 98.480775 -0.000000 17.364818
vn 98.078528 -0.000000 19.509032
vn 93.969262 -0.000000 34.202014
vn 86.602540 -0.000000 50.000000
vn 98.480775 -0.000000 17.364818
vn 93.969262 -0.000000 34.202014
vn 86.602540 -0.000000 50.000000
vn 76.604444 -0.000000 64.278761
vn 64.278761 -0.000000 76.604444
vn 50.000000 -0.000000 86.602540
vn 86.602540 -0.000000 50.000000
vn 76.604444 -0.000000 64.278761
vn 64.278761 -0.000000 76.604444
vn 50.000000 -0.000000 86.602540
vn 34.202014 -0.000000 93.969262
vn -17.364818 0.000000 98.480775
vn -17.364818 0.000000 98.480775
vn -17.364818 0.000000 98.480775
vn -34.202014 0.000000 93.969262
vn -34.202014 0.000000 93.969262
vn -50.000000 0.000000 86.602540
vn -38.268343 0.000000 92.387953
vn -55.557023 0.000000 83.146961
vn -64.278761 0.000000 76.604444
vn -70.710678 0.000000 70.710678
vn -76.604444 0.000000 64.278761
vn -77.301045 0.000000 63.439328
vn -83.146961 0.000000 55.557023
vn -86.602540 0.000000 50.000000
vn -88.192126 0.000000 47.139674
vn -92.387953 0.000000 38.268343
vn -93.969262 0.000000 34.202014
vn -95.694034 0.000000 29.028468
vn -98.480775 0.000000 17.364818
vn -98.078528 0.000000 19.509032
vn -99.518473 0.000000 9.801714
vn -100.000000 0.000000 -0.000000
vn -98.480775 0.000000 17.364818
vn -98.480775 0.000000 17.364818
vn -93.969262 0.000000 34.202014
vn -93.969262 0.000000 34.202014
vn -86.602540 0.000000 50.000000
vn -86.602540 0.000000 50.000000
vn -76.604444 0.000000 64.278761
vn -76.604444 0.000000 64.278761
vn -64.278761 0.000000 76.604444
vn -64.278761 0.000000 76.604444
vn -50.000000 0.000000 86.602540
vn -55.557023 0.000000 83.146961
vn -38.268343 0.000000 92.387953
vn -34.202014 0.000000 93.969262
vn -19.509032 0.000000 98.078528
vn -17.364818 0.000000 98.480775
vn -17.364818 0.000000 98.480775
vn -17.364818 0.000000 98.480775
vn -34.202014 0.000000 93.969262
vn -34.202014 0.000000 93.969262
vn -50.000000 0.000000 86.602540
vn -50.000000 0.000000 86.602540
vn -64.278761 0.000000 76.604444
vn -64.278761 0.000000 76.604444
vn -76.604444 0.000000 64.278761
vn -70.710678 0.000000 70.710678
vn -76.604444 0.000000 64.278761
vn -86.602540 0.000000 50.000000
vn -93.969262 0.000000 34.202014
vn -98.480775 0.000000 17.364818
vn -77.301045 0.000000 63.439328
vn -83.146961 0.000000 55.557023
vn -86.602540 0.000000 50.000000
vn -88.192126 0.000000 47.139674
vn -92.387953 0.000000 38.268343
vn -93.969262 0.000000 34.202014
vn -95.694034 0.000000 29.028468
vn -98.480775 0.000000 17.364818
vn -98.078528 0.000000 19.509032
vn -99.518473 0.000000 9.801714
vn -100.000000 0.000000 -0.000000
vn -98.480775 0.000000 17.364818
vn -98.480775 0.000000 17.364818
vn -93.969262 0.000000 34.202014
vn -19.509032 0.000000 98.078528
vn -17.364818 0.000000 98.480775
vn -34.202014 0.000000 93.969262
vn -50.000000 0.000000 86.602540
vn -34.202014 0.000000 93.969262
vn -50.000000 0.000000 86.602540
vn -64.278761 0.000000 76.604444
vn -76.604444 0.000000 64.278761
vn -86.602540 0.000000 50.000000
vn -50.000000 0.000000 86.602540
vn -64.278761 0.000000 76.604444
vn -76.604444 0.000000 64.278761
vn -86.602540 0.000000 50.000000
vn -93.969262 0.000000 34.202014
vn -100.000000 0.000000 0.000000
vn -100.000000 0.000000 0.000000
vn 0.000000 -100.000000 0.000000
vn 0.000000 -100.000000 0.000000
vn 0.000000 0.000000 100.000000
vn 0.000000 0.000000 100.000000
vn 0.000000 0.000000 100.000000
vn 0.000000 0.000000 100.000000
vn 100.000000 -0.000000 0.000000
vn 100.000000 -0.000000 0.000000
vn -0.000000 100.000000 -0.000000
vn -0.000000 100.000000 -0.000000
vn 0.000000 0.000000 100.000000
vn 0.000000 0.000000 100.000000
vn 0.000000 0.000000 100.000000
vn 0.000000 0.000000 100.000000
vn -99.211470 -12.533323 0.000000
vn -99.211470 -12.533323 0.000000
vn -100.000000 -0.000000 0.000000
vn -100.000000 -0.000000 0.000000
vn -99.211470 12.533323 0.000000
vn -99.211470 12.533323 0.000000
vn -96.858316 24.868989 0.000000
vn -96.858316 24.868989 0.000000
vn -92.977649 36.812455 0.000000
vn -92.977649 36.812455 0.000000
vn -87.630668 48.175367 0.000000
vn -87.630668 48.175367 0.000000
vn -80.901699 58.778525 0.000000
vn -80.901699 58.778525 0.000000
vn -72.896863 68.454711 0.000000
vn -72.896863 68.454711 0.000000
vn -63.742399 77.051324 0.000000
vn -63.742399 77.051324 0.000000
vn -53.582679 84.432793 0.000000
vn -53.582679 84.432793 0.000000
vn -42.577929 90.482705 0.000000
vn -42.577929 90.482705 0.000000
vn -30.901699 95.105652 0.000000
vn -30.901699 95.105652 0.000000
vn -18.738131 98.228725 0.000000
vn -18.738131 98.228725 0.000000
vn -6.279052 99.802673 0.000000
vn -6.279052 99.802673 0.000000
vn 6.279052 99.802673 0.000000
vn 6.279052 99.802673 0.000000
vn 18.738131 98.228725 0.000000
vn 18.738131 98.228725 0.000000
vn 30.901699 95.105652 0.000000
vn 30.901699 95.105652 0.000000
vn 42.577929 90.482705 0.000000
vn 42.577929 90.482705 0.000000
vn 53.582679 84.432793 0.000000
vn 53.582679 84.432793 0.000000
vn 63.742399 77.051324 0.000000
vn 63.742399 77.051324 0.000000
vn 72.896863 68.454711 0.000000
vn 72.896863 68.454711 0.000000
vn 80.901699 58.778525 0.000000
vn 80.901699 58.778525 0.000000
vn 87.630668 48.175367 0.000000
vn 87.630668 48.175367 0.000000
vn 92.977649 36.812455 0.000000
vn 92.977649 36.812455 0.000000
vn 96.858316 24.868989 0.000000
vn 96.858316 24.868989 0.000000
vn 99.211470 12.533323 0.000000
vn 99.211470 12.533323 0.000000
vn 100.000000 0.000000 0.000000
vn 100.000000 0.000000 0.000000
vn 99.211470 -12.533323 0.000000
vn 99.211470 -12.533323 0.000000
vn 96.858316 -24.868989 0.000000
vn 96.858316 -24.868989 0.000000
vn 92.977649 -36.812455 0.000000
vn 92.977649 -36.812455 0.000000
vn 87.630668 -48.175367 0.000000
vn 87.630668 -48.175367 0.000000
vn 80.901699 -58.778525 0.000000
vn 80.901699 -58.778525 0.000000
vn 72.896863 -68.454711 0.000000
vn 72.896863 -68.454711 0.000000
vn 63.742399 -77.051324 0.000000
vn 63.742399 -77.051324 0.000000
vn 53.582679 -84.432793 0.000000
vn 53.582679 -84.432793 0.000000
vn 42.577929 -90.482705 0.000000
vn 42.577929 -90.482705 0.000000
vn 30.901699 -95.105652 0.000000
vn 30.901699 -95.105652 0.000000
vn 18.738131 -98.228725 0.000000
vn 18.738131 -98.228725 0.000000
vn 6.279052 -99.802673 0.000000
vn 6.279052 -99.802673 0.000000
vn -6.279052 -99.802673 0.000000
vn -6.279052 -99.802673 0.000000
vn -18.738131 -98.228725 0.000000
vn -18.738131 -98.228725 0.000000
vn -30.901699 -95.105652 0.000000
vn -30.901699 -95.105652 0.000000
vn -42.577929 -90.482705 0.000000
vn -42.577929 -90.482705 0.000000
vn -53.582679 -84.432793 0.000000
vn -53.582679 -84.432793 0.000000
vn -63.742399 -77.051324 0.000000
vn -63.742399 -77.051324 0.000000
vn -72.896863 -68.454711 0.000000
vn -72.896863 -68.454711 0.000000
vn -80.901699 -58.778525 0.000000
vn -80.901699 -58.778525 0.000000
vn -87.630668 -48.175367 0.000000
vn -87.630668 -48.175367 0.000000
vn -92.977649 -36.812455 0.000000
vn -92.977649 -36.812455 0.000000
vn -96.858316 -24.868989 0.000000
vn -96.858316 -24.868989 0.000000
vn -99.211470 12.533323 0.000000
vn -100.000000 0.000000 0.000000
vn -99.211470 -12.533323 0.000000
vn -96.858316 -24.868989 0.000000
vn -92.977649 -36.812455 0.000000
vn -87.630668 -48.175367 0.000000
vn -80.901699 -58.778525 0.000000
vn -72.896863 -68.454711 0.000000
vn -63.742399 -77.051324 0.000000
vn -53.582679 -84.432793 0.000000
vn -42.577929 -90.482705 0.000000
vn -30.901699 -95.105652 0.000000
vn -18.738131 -98.228725 0.000000
vn -6.279052 -99.802673 0.000000
vn 6.279052 -99.802673 0.000000
vn 18.738131 -98.228725 0.000000
vn 30.901699 -95.105652 0.000000
vn 42.577929 -90.482705 0.000000
vn 53.582679 -84.432793 0.000000
vn 63.742399 -77.051324 0.000000
vn 72.896863 -68.454711 0.000000
vn 80.901699 -58.778525 0.000000
vn 87.630668 -48.175367 0.000000
vn 92.977649 -36.812455 0.000000
vn 96.858316 -24.868989 0.000000
vn 99.211470 -12.533323 0.000000
vn 100.000000 0.000000 0.000000
vn 99.211470 12.533323 0.000000
vn 96.858316 24.868989 0.000000
vn 92.977649 36.812455 0.000000
vn 87.630668 48.175367 0.000000
vn 80.901699 58.778525 0.000000
vn 72.896863 68.454711 0.000000
vn 63.742399 77.051324 0.000000
vn 53.582679 84.432793 0.000000
vn 42.577929 90.482705 0.000000
vn 30.901699 95.105652 0.000000
vn 18.738131 98.228725 0.000000
vn 6.279052 99.802673 0.000000
vn -6.279052 99.802673 0.000000
vn -18.738131 98.228725 0.000000
vn -30.901699 95.105652 0.000000
vn -42.577929 90.482705 0.000000
vn -53.582679 84.432793 0.000000
vn -63.742399 77.051324 0.000000
vn -72.896863 68.454711 0.000000
vn -80.901699 58.778525 0.000000
vn -87.630668 48.175367 0.000000
vn -92.977649 36.812455 0.000000
vn -96.858316 24.868989 0.000000
vn -99.211470 -12.533323 0.000000
vn -99.211470 -12.533323 0.000000
vn -100.000000 -0.000000 0.000000
vn -100.000000 -0.000000 0.000000
vn -99.211470 12.533323 0.000000
vn -99.211470 12.533323 0.000000
vn -96.858316 24.868989 0.000000
vn -96.858316 24.868989 0.000000
vn -92.977649 36.812455 0.000000
vn -92.977649 36.812455 0.000000
vn -87.630668 48.175367 0.000000
vn -87.630668 48.175367 0.000000
vn -80.901699 58.778525 0.000000
vn -80.901699 58.778525 0.000000
vn -72.896863 68.454711 0.000000
vn -72.896863 68.454711 0.000000
vn -63.742399 77.051324 0.000000
vn -63.742399 77.051324 0.000000
vn -53.582679 84.432793 0.000000
vn -53.582679 84.432793 0.000000
vn -42.577929 90.482705 0.000000
vn -42.577929 90.482705 0.000000
vn -30.901699 95.105652 0.000000
vn -30.901699 95.105652 0.000000
vn -18.738131 98.228725 0.000000
vn -18.738131 98.228725 0.000000
vn -6.279052 99.802673 0.000000
vn -6.279052 99.802673 0.000000
vn 6.279052 99.802673 0.000000
vn 6.279052 99.802673 0.000000
vn 18.738131 98.228725 0.000000
vn 18.738131 98.228725 0.000000
vn 30.901699 95.105652 0.000000
vn 30.901699 95.105652 0.000000
vn 42.577929 90.482705 0.000000
vn 42.577929 90.482705 0.000000
vn 53.582679 84.432793 0.000000
vn 53.582679 84.432793 0.000000
vn 63.742399 77.051324 0.000000
vn 63.742399 77.051324 0.000000
vn 72.896863 68.454711 0.000000
vn 72.896863 68.454711 0.000000
vn 80.901699 58.778525 0.000000
vn 80.901699 58.778525 0.000000
vn 87.630668 48.175367 0.000000
vn 87.630668 48.175367 0.000000
vn 92.977649 36.812455 0.000000
vn 92.977649 36.812455 0.000000
vn 96.858316 24.868989 0.000000
vn 96.858316 24.868989 0.000000
vn 99.211470 12.533323 0.000000
vn 99.211470 12.533323 0.000000
vn 100.000000 0.000000 0.000000
vn 100.000000 0.000000 0.000000
vn 99.211470 -12.533323 0.000000
vn 99.211470 -12.533323 0.000000
vn 96.858316 -24.868989 0.000000
vn 96.858316 -24.868989 0.000000
vn 92.977649 -36.812455 0.000000
vn 92.977649 -36.812455 0.000000
vn 87.630668 -48.175367 0.000000
vn 87.630668 -48.175367 0.000000
vn 80.901699 -58.778525 0.000000
vn 80.901699 -58.778525 0.000000
vn 72.896863 -68.454711 0.000000
vn 72.896863 -68.454711 0.000000
vn 63.742399 -77.051324 0.000000
vn 63.742399 -77.051324 0.000000
vn 53.582679 -84.432793 0.000000
vn 53.582679 -84.432793 0.000000
vn 42.577929 -90.482705 0.000000
vn 42.577929 -90.482705 0.000000
vn 30.901699 -95.105652 0.000000
vn 30.901699 -95.105652 0.000000
vn 18.738131 -98.228725 0.000000
vn 18.738131 -98.228725 0.000000
vn 6.279052 -99.802673 0.000000
vn 6.279052 -99.802673 0.000000
vn -6.279052 -99.802673 0.000000
vn -6.279052 -99.802673 0.000000
vn -18.738131 -98.228725 0.000000
vn -18.738131 -98.228725 0.000000
vn -30.901699 -95.105652 0.000000
vn -30.901699 -95.105652 0.000000
vn -42.577929 -90.482705 0.000000
vn -42.577929 -90.482705 0.000000
vn -53.582679 -84.432793 0.000000
vn -53.582679 -84.432793 0.000000
vn -63.742399 -77.051324 0.000000
vn -63.742399 -77.051324 0.000000
vn -72.896863 -68.454711 0.000000
vn -72.896863 -68.454711 0.000000
vn -80.901699 -58.778525 0.000000
vn -80.901699 -58.778525 0.000000
vn -87.630668 -48.175367 0.000000
vn -87.630668 -48.175367 0.000000
vn -92.977649 -36.812455 0.000000
vn -92.977649 -36.812455 0.000000
vn -96.858316 -24.868989 0.000000
vn -96.858316 -24.868989 0.000000
vn -99.211470 12.533323 0.000000
vn -100.000000 0.000000 0.000000
vn -99.211470 -12.533323 0.000000
vn -96.858316 -24.868989 0.000000
vn -92.977649 -36.812455 0.000000
vn -87.630668 -48.175367 0.000000
vn -80.901699 -58.778525 0.000000
vn -72.896863 -68.454711 0.000000
vn -63.742399 -77.051324 0.000000
vn -53.582679 -84.432793 0.000000
vn -42.577929 -90.482705 0.000000
vn -30.901699 -95.105652 0.000000
vn -18.738131 -98.228725 0.000000
vn -6.279052 -99.802673 0.000000
vn 6.279052 -99.802673 0.000000
vn 18.738131 -98.228725 0.000000
vn 30.901699 -95.105652 0.000000
vn 42.577929 -90.482705 0.000000
vn 53.582679 -84.432793 0.000000
vn 63.742399 -77.051324 0.000000
vn 72.896863 -68.454711 0.000000
vn 80.901699 -58.778525 0.000000
vn 87.630668 -48.175367 0.000000
vn 92.977649 -36.812455 0.000000
vn 96.858316 -24.868989 0.000000
vn 99.211470 -12.533323 0.000000
vn 100.000000 0.000000 0.000000
vn 99.211470 12.533323 0.000000
vn 96.858316 24.868989 0.000000
vn 92.977649 36.812455 0.000000
vn 87.630668 48.175367 0.000000
vn 80.901699 58.778525 0.000000
vn 72.896863 68.454711 0.000000
vn 63.742399 77.051324 0.000000
vn 53.582679 84.432793 0.000000
vn 42.577929 90.482705 0.000000
vn 30.901699 95.105652 0.000000
vn 18.738131 98.228725 0.000000
vn 6.279052 99.802673 0.000000
vn -6.279052 99.802673 0.000000
vn -18.738131 98.228725 0.000000
vn -30.901699 95.105652 0.000000
vn -42.577929 90.482705 0.000000
vn -53.582679 84.432793 0.000000
vn -63.742399 77.051324 0.000000
vn -72.896863 68.454711 0.000000
vn -80.901699 58.778525 0.000000
vn -87.630668 48.175367 0.000000
vn -92.977649 36.812455 0.000000
vn -96.858316 24.868989 0.000000
vn -99.211470 -12.533323 0.000000
vn -99.211470 -12.533323 0.000000
vn -100.000000 -0.000000 0.000000
vn -100.000000 -0.000000 0.000000
vn -99.211470 12.533323 0.000000
vn -99.211470 12.533323 0.000000
vn -96.858316 24.868989 0.000000
vn -96.858316 24.868989 0.000000
vn -92.977649 36.812455 0.000000
vn -92.977649 36.812455 0.000000
vn -87.630668 48.175367 0.000000
vn -87.630668 48.175367 0.000000
vn -80.901699 58.778525 0.000000
vn -80.901699 58.778525 0.000000
vn -72.896863 68.454711 0.000000
vn -72.896863 68.454711 0.000000
vn -63.742399 77.051324 0.000000
vn -63.742399 77.051324 0.000000
vn -53.582679 84.432793 0.000000
vn -53.582679 84.432793 0.000000
vn -42.577929 90.482705 0.000000
vn -42.577929 90.482705 0.000000
vn -30.901699 95.105652 0.000000
vn -30.901699 95.105652 0.000000
vn -18.738131 98.228725 0.000000
vn -18.738131 98.228725 0.000000
vn -6.279052 99.802673 0.000000
vn -6.279052 99.802673 0.000000
vn 6.279052 99.802673 0.000000
vn 6.279052 99.802673 0.000000
vn 18.738131 98.228725 0.000000
vn 18.738131 98.228725 0.000000
vn 30.901699 95.105652 0.000000
vn 30.901699 95.105652 0.000000
vn 42.577929 90.482705 0.000000
vn 42.577929 90.482705 0.000000
vn 53.582679 84.432793 0.000000
vn 53.582679 84.432793 0.000000
vn 63.742399 77.051324 0.000000
vn 63.742399 77.051324 0.000000
vn 72.896863 68.454711 0.000000
vn 72.896863 68.454711 0.000000
vn 80.901699 58.778525 0.000000
vn 80.901699 58.778525 0.000000
vn 87.630668 48.175367 0.000000
vn 87.630668 48.175367 0.000000
vn 92.977649 36.812455 0.000000
vn 92.977649 36.812455 0.000000
vn 96.858316 24.868989 0.000000
vn 96.858316 24.868989 0.000000
vn 99.211470 12.533323 0.000000
vn 99.211470 12.533323 0.000000
vn 100.000000 0.000000 0.000000
vn 100.000000 0.000000 0.000000
vn 99.211470 -12.533323 0.000000
vn 99.211470 -12.533323 0.000000
vn 96.858316 -24.868989 0.000000
vn 96.858316 -24.868989 0.000000
vn 92.977649 -36.812455 0.000000
vn 92.977649 -36.812455 0.000000
vn 87.630668 -48.175367 0.000000
vn 87.630668 -48.175367 0.000000
vn 80.901699 -58.778525 0.000000
vn 80.901699 -58.778525 0.000000
vn 72.896863 -68.454711 0.000000
vn 72.896863 -68.454711 0.000000
vn 63.742399 -77.051324 0.000000
vn 63.742399 -77.051324 0.000000
vn 53.582679 -84.432793 0.000000
vn 53.582679 -84.432793 0.000000
vn 42.577929 -90.482705 0.000000
vn 42.577929 -90.482705 0.000000
vn 30.901699 -95.105652 0.000000
vn 30.901699 -95.105652 0.000000
vn 18.738131 -98.228725 0.000000
vn 18.738131 -98.228725 0.000000
vn 6.279052 -99.802673 0.000000
vn 6.279052 -99.802673 0.000000
vn -6.279052 -99.802673 0.000000
vn -6.279052 -99.802673 0.000000
vn -18.738131 -98.228725 0.000000
vn -18.738131 -98.228725 0.000000
vn -30.901699 -95.105652 0.000000
vn -30.901699 -95.105652 0.000000
vn -42.577929 -90.482705 0.000000
vn -42.577929 -90.482705 0.000000
vn -53.582679 -84.432793 0.000000
vn -53.582679 -84.432793 0.000000
vn -63.742399 -77.051324 0.000000
vn -63.742399 -77.051324 0.000000
vn -72.896863 -68.454711 0.000000
vn -72.896863 -68.454711 0.000000
vn -80.901699 -58.778525 0.000000
vn -80.901699 -58.778525 0.000000
vn -87.630668 -48.175367 0.000000
vn -87.630668 -48.175367 0.000000
vn -92.977649 -36.812455 0.000000
vn -92.977649 -36.812455 0.000000
vn -96.858316 -24.868989 0.000000
vn -96.858316 -24.868989 0.000000
vn -99.211470 12.533323 0.000000
vn -100.000000 0.000000 0.000000
vn -99.211470 -12.533323 0.000000
vn -96.858316 -24.868989 0.000000
vn -92.977649 -36.812455 0.000000
vn -87.630668 -48.175367 0.000000
vn -80.901699 -58.778525 0.000000
vn -72.896863 -68.454711 0.000000
vn -63.742399 -77.051324 0.000000
vn -53.582679 -84.432793 0.000000
vn -42.577929 -90.482705 0.000000
vn -30.901699 -95.105652 0.000000
vn -18.738131 -98.228725 0.000000
vn -6.279052 -99.802673 0.000000
vn 6.279052 -99.802673 0.000000
vn 18.738131 -98.228725 0.000000
vn 30.901699 -95.105652 0.000000
vn 42.577929 -90.482705 0.000000
vn 53.582679 -84.432793 0.000000
vn 63.742399 -77.051324 0.000000
vn 72.896863 -68.454711 0.000000
vn 80.901699 -58.778525 0.000000
vn 87.630668 -48.175367 0.000000
vn 92.977649 -36.812455 0.000000
vn 96.858316 -24.868989 0.000000
vn 99.211470 -12.533323 0.000000
vn 100.000000 0.000000 0.000000
vn 99.211470 12.533323 0.000000
vn 96.858316 24.868989 0.000000
vn 92.977649 36.812455 0.000000
vn 87.630668 48.175367 0.000000
vn 80.901699 58.778525 0.000000
vn 72.896863 68.454711 0.000000
vn 63.742399 77.051324 0.000000
vn 53.582679 84.432793 0.000000
vn 42.577929 90.482705 0.000000
vn 30.901699 95.105652 0.000000
vn 18.738131 98.228725 0.000000
vn 6.279052 99.802673 0.000000
vn -6.279052 99.802673 0.000000
vn -18.738131 98.228725 0.000000
vn -30.901699 95.105652 0.000000
vn -42.577929 90.482705 0.000000
vn -53.582679 84.432793 0.000000
vn -63.742399 77.051324 0.000000
vn -72.896863 68.454711 0.000000
vn -80.901699 58.778525 0.000000
vn -87.630668 48.175367 0.000000
vn -92.977649 36.812455 0.000000
vn -96.858316 24.868989 0.000000
vn -99.211470 -12.533323 0.000000
vn -99.211470 -12.533323 0.000000
vn -100.000000 -0.000000 0.000000
vn -100.000000 -0.000000 0.000000
vn -99.211470 12.533323 0.000000
vn -99.211470 12.533323 0.000000
vn -96.858316 24.868989 0.000000
vn -96.858316 24.868989 0.000000
vn -92.977649 36.812455 0.000000
vn -92.977649 36.812455 0.000000
vn -87.630668 48.175367 0.000000
vn -87.630668 48.175367 0.000000
vn -80.901699 58.778525 0.000000
vn -80.901699 58.778525 0.000000
vn -72.896863 68.454711 0.000000
vn -72.896863 68.454711 0.000000
vn -63.742399 77.051324 0.000000
vn -63.742399 77.051324 0.000000
vn -53.582679 84.432793 0.000000
vn -53.582679 84.432793 0.000000
vn -42.577929 90.482705 0.000000
vn -42.577929 90.482705 0.000000
vn -30.901699 95.105652 0.000000
vn -30.901699 95.105652 0.000000
vn -18.738131 98.228725 0.000000
vn -18.738131 98.228725 0.000000
vn -6.279052 99.802673 0.000000
vn -6.279052 99.802673 0.000000
vn 6.279052 99.802673 0.000000
vn 6.279052 99.802673 0.000000
vn 18.738131 98.228725 0.000000
vn 18.738131 98.228725 0.000000
vn 30.901699 95.105652 0.000000
vn 30.901699 95.105652 0.000000
vn 42.577929 90.482705 0.000000
vn 42.577929 90.482705 0.000000
vn 53.582679 84.432793 0.000000
vn 53.582679 84.432793 0.000000
vn 63.742399 77.051324 0.000000
vn 63.742399 77.051324 0.000000
vn 72.896863 68.454711 0.000000
vn 72.896863 68.454711 0.000000
vn 80.901699 58.778525 0.000000
vn 80.901699 58.778525 0.000000
vn 87.630668 48.175367 0.000000
vn 87.630668 48.175367 0.000000
vn 92.977649 36.812455 0.000000
vn 92.977649 36.812455 0.000000
vn 96.858316 24.868989 0.000000
vn 96.858316 24.868989 0.000000
vn 99.211470 12.533323 0.000000
vn 99.211470 12.533323 0.000000
vn 100.000000 0.000000 0.000000
vn 100.000000 0.000000 0.000000
vn 99.211470 -12.533323 0.000000
vn 99.211470 -12.533323 0.000000
vn 96.858316 -24.868989 0.000000
vn 96.858316 -24.868989 0.000000
vn 92.977649 -36.812455 0.000000
vn 92.977649 -36.812455 0.000000
vn 87.630668 -48.175367 0.000000
vn 87.630668 -48.175367 0.000000
vn 80.901699 -58.778525 0.000000
vn 80.901699 -58.778525 0.000000
vn 72.896863 -68.454711 0.000000
vn 72.896863 -68.454711 0.000000
vn 63.742399 -77.051324 0.000000
vn 63.742399 -77.051324 0.000000
vn 53.582679 -84.432793 0.000000
vn 53.582679 -84.432793 0.000000
vn 42.577929 -90.482705 0.000000
vn 42.577929 -90.482705 0.000000
vn 30.901699 -95.105652 0.000000
vn 30.901699 -95.105652 0.000000
vn 18.738131 -98.228725 0.000000
vn 18.738131 -98.228725 0.000000
vn 6.279052 -99.802673 0.000000
vn 6.279052 -99.802673 0.000000
vn -6.279052 -99.802673 0.000000
vn -6.279052 -99.802673 0.000000
vn -18.738131 -98.228725 0.000000
vn -18.738131 -98.228725 0.000000
vn -30.901699 -95.105652 0.000000
vn -30.901699 -95.105652 0.000000
vn -42.577929 -90.482705 0.000000
vn -42.577929 -90.482705 0.000000
vn -53.582679 -84.432793 0.000000
vn -53.582679 -84.432793 0.000000
vn -63.742399 -77.051324 0.000000
vn -63.742399 -77.051324 0.000000
vn -72.896863 -68.454711 0.000000
vn -72.896863 -68.454711 0.000000
vn -80.901699 -58.778525 0.000000
vn -80.901699 -58.778525 0.000000
vn -87.630668 -48.175367 0.000000
vn -87.630668 -48.175367 0.000000
vn -92.977649 -36.812455 0.000000
vn -92.977649 -36.812455 0.000000
vn -96.858316 -24.868989 0.000000
vn -96.858316 -24.868989 0.000000
vn -99.211470 12.533323 0.000000
vn -100.000000 0.000000 0.000000
vn -99.211470 -12.533323 0.000000
vn -96.858316 -24.868989 0.000000
vn -92.977649 -36.812455 0.000000
vn -87.630668 -48.175367 0.000000
vn -80.901699 -58.778525 0.000000
vn -72.896863 -68.454711 0.000000
vn -63.742399 -77.051324 0.000000
vn -53.582679 -84.432793 0.000000
vn -42.577929 -90.482705 0.000000
vn -30.901699 -95.105652 0.000000
vn -18.738131 -98.228725 0.000000
vn -6.279052 -99.802673 0.000000
vn 6.279052 -99.802673 0.000000
vn 18.738131 -98.228725 0.000000
vn 30.901699 -95.105652 0.000000
vn 42.577929 -90.482705 0.000000
vn 53.582679 -84.432793 0.000000
vn 63.742399 -77.051324 0.000000
vn 72.896863 -68.454711 0.000000
vn 80.901699 -58.778525 0.000000
vn 87.630668 -48.175367 0.000000
vn 92.977649 -36.812455 0.000000
vn 96.858316 -24.868989 0.000000
vn 99.211470 -12.533323 0.000000
vn 100.000000 0.000000 0.000000
vn 99.211470 12.533323 0.000000
vn 96.858316 24.868989 0.000000
vn 92.977649 36.812455 0.000000
vn 87.630668 48.175367 0.000000
vn 80.901699 58.778525 0.000000
vn 72.896863 68.454711 0.000000
vn 63.742399 77.051324 0.000000
vn 53.582679 84.432793 0.000000
vn 42.577929 90.482705 0.000000
vn 30.901699 95.105652 0.000000
vn 18.738131 98.228725 0.000000
vn 6.279052 99.802673 0.000000
vn -6.279052 99.802673 0.000000
vn -18.738131 98.228725 0.000000
vn -30.901699 95.105652 0.000000
vn -42.577929 90.482705 0.000000
vn -53.582679 84.432793 0.000000
vn -63.742399 77.051324 0.000000
vn -72.896863 68.454711 0.000000
vn -80.901699 58.778525 0.000000
vn -87.630668 48.175367 0.000000
vn -92.977649 36.812455 0.000000
vn -96.858316 24.868989 0.000000
vn 0.000000 0.000000 100.000000
vn 0.000000 0.000000 100.000000
vn 0.000000 0.000000 100.000000
vn 0.000000 0.000000 100.000000
vn 0.000000 0.000000 100.000000
vn 0.000000 0.000000 100.000000
vn 0.000000 0.000000 100.000000
vn 0.000000 0.000000 100.000000
vn 0.000000 0.000000 100.000000
vn 0.000000 0.000000 100.000000
vn 0.000000 0.000000 100.000000
vn 0.000000 0.000000 100.000000
vn 0.000000 0.000000 100.000000
vn 0.000000 0.000000 100.000000
vn 0.000000 0.000000 100.000000
vn 0.000000 0.000000 100.000000
vn 0.000000 0.000000 100.000000
vn 0.000000 0.000000 100.000000
vn 0.000000 0.000000 100.000000
vn 0.000000 0.000000 100.000000
vn 0.000000 0.000000 100.000000
vn 0.000000 0.000000 100.000000
vn 0.000000 0.000000 100.000000
vn 0.000000 0.000000 100.000000
vn 0.000000 0.000000 100.000000
vn 0.000000 0.000000 100.000000
vn 0.000000 0.000000 100.000000
vn 0.000000 0.000000 100.000000
vn 0.000000 0.000000 100.000000
vn 0.000000 0.000000 100.000000
vn 0.000000 0.000000 100.000000
vn 0.000000 0.000000 100.000000
vn 0.000000 0.000000 100.000000
vn 0.000000 0.000000 100.000000
vn 0.000000 0.000000 100.000000
vn 0.000000 0.000000 100.000000
vn 0.000000 0.000000 100.000000
vn 0.000000 0.000000 100.000000
vn 0.000000 0.000000 100.000000
vn 0.000000 0.000000 100.000000
vn 0.000000 0.000000 100.000000
vn 0.000000 0.000000 100.000000
vn 0.000000 0.000000 100.000000
vn 0.000000 0.000000 100.000000
vn 0.000000 0.000000 100.000000
vn 0.000000 0.000000 100.000000
vn 0.000000 0.000000 100.000000
vn 0.000000 0.000000 100.000000
vn 0.000000 0.000000 100.000000
vn 0.000000 0.000000 100.000000
vn 0.000000 0.000000 100.000000
vn 0.000000 0.000000 100.000000
vn 0.000000 0.000000 100.000000
vn 0.000000 0.000000 100.000000
vn 0.000000 0.000000 100.000000
vn 0.000000 0.000000 100.000000
vn 0.000000 0.000000 100.000000
vn 0.000000 0.000000 100.000000
vn 0.000000 0.000000 100.000000
vn 0.000000 0.000000 100.000000
vn 0.000000 0.000000 100.000000
vn 0.000000 0.000000 100.000000
vn 0.000000 0.000000 100.000000
vn 0.000000 0.000000 100.000000
vn 0.000000 0.000000 100.000000
vn 0.000000 0.000000 100.000000
vn 0.000000 0.000000 100.000000
vn 0.000000 0.000000 100.000000
vn 0.000000 0.000000 100.000000
vn 0.000000 0.000000 100.000000
vn 0.000000 0.000000 100.000000
vn 0.000000 0.000000 100.000000
vn 0.000000 0.000000 100.000000
vn 0.000000 0.000000 100.000000
vn 0.000000 0.000000 100.000000
vn 0.000000 0.000000 100.000000
vn 0.000000 0.000000 100.000000
vn 0.000000 0.000000 100.000000
vn 0.000000 0.000000 100.000000
vn 0.000000 0.000000 100.000000
vn 0.000000 0.000000 100.000000
vn 0.000000 0.000000 100.000000
vn 0.000000 0.000000 100.000000
vn 0.000000 0.000000 100.000000
vn 0.000000 0.000000 100.000000
vn 0.000000 0.000000 100.000000
vn 0.000000 0.000000 100.000000
vn 0.000000 0.000000 100.000000
vn 0.000000 0.000000 100.000000
vn 0.000000 0.000000 100.000000
vn 0.000000 0.000000 100.000000
vn 0.000000 0.000000 100.000000
vn 0.000000 0.000000 100.000000
vn 0.000000 0.000000 100.000000
vn 0.000000 0.000000 100.000000
vn 0.000000 0.000000 100.000000
vn 0.000000 0.000000 100.000000
vn 0.000000 0.000000 100.000000
vn 0.000000 0.000000 100.000000
vn 0.000000 0.000000 100.000000
vn 0.000000 0.000000 100.000000
vn 0.000000 0.000000 100.000000
vn 0.000000 0.000000 100.000000
vn 0.000000 0.000000 100.000000
vn 0.000000 0.000000 100.000000
vn 0.000000 0.000000 100.000000
vn 0.000000 0.000000 100.000000
vn 0.000000 0.000000 100.000000
vn 0.000000 0.000000 100.000000
vn 0.000000 0.000000 100.000000
vn 0.000000 0.000000 100.000000
vn 0.000000 0.000000 100.000000
vn 0.000000 0.000000 100.000000
vn 0.000000 0.000000 100.000000
vn 0.000000 0.000000 100.000000
vn 0.000000 0.000000 100.000000
vn 0.000000 0.000000 100.000000
vn 0.000000 0.000000 100.000000
vn 0.000000 0.000000 100.000000
vn 0.000000 0.000000 100.000000
vn 0.000000 0.000000 100.000000
vn 0.000000 0.000000 100.000000
vn 0.000000 0.000000 100.000000
vn 0.000000 0.000000 100.000000
vn 0.000000 0.000000 100.000000
vn 0.000000 0.000000 100.000000
vn 0.000000 0.000000 100.000000
vn 0.000000 0.000000 100.000000
vn 0.000000 0.000000 100.000000
vn 0.000000 0.000000 100.000000
vn 0.000000 0.000000 100.000000
vn 0.000000 0.000000 100.000000
vn 0.000000 0.000000 100.000000
vn 0.000000 0.000000 100.000000
vn 0.000000 0.000000 100.000000
vn 0.000000 0.000000 100.000000
vn 0.000000 0.000000 100.000000
vn 0.000000 0.000000 100.000000
vn 0.000000 0.000000 100.000000
vn 0.000000 0.000000 100.000000
vn 0.000000 0.000000 100.000000
vn 0.000000 0.000000 100.000000
vn 0.000000 0.000000 100.000000
vn 0.000000 0.000000 100.000000
vn 0.000000 0.000000 100.000000
vn 0.000000 0.000000 100.000000
vn 0.000000 0.000000 100.000000
vn 0.000000 0.000000 100.000000
vn 0.000000 0.000000 100.000000
vn 0.000000 0.000000 100.000000
vn 0.000000 0.000000 100.000000
vn 0.000000 0.000000 100.000000
vn 0.000000 0.000000 100.000000
vn 0.000000 0.000000 100.000000
vn 0.000000 0.000000 100.000000
vn 0.000000 0.000000 100.000000
vn 0.000000 0.000000 100.000000
vn 0.000000 0.000000 100.000000
vn 0.000000 0.000000 100.000000
vn 0.000000 0.000000 100.000000
vn 0.000000 0.000000 100.000000
vn 0.000000 0.000000 100.000000
vn 0.000000 0.000000 100.000000
vn 0.000000 0.000000 100.000000
vn 0.000000 0.000000 100.000000
vn 0.000000 0.000000 100.000000
vn 0.000000 0.000000 100.000000
vn 0.000000 0.000000 100.000000
vn 0.000000 0.000000 100.000000
vn 0.000000 0.000000 100.000000
vn 0.000000 0.000000 100.000000
vn 0.000000 0.000000 100.000000
vn 0.000000 0.000000 100.000000
vn 0.000000 0.000000 100.000000
vn 0.000000 0.000000 100.000000
vn 0.000000 0.000000 100.000000
vn 0.000000 0.000000 100.000000
vn 0.000000 0.000000 100.000000
vn 0.000000 0.000000 100.000000
vn 0.000000 0.000000 100.000000
vn 0.000000 0.000000 100.000000
vn 0.000000 0.000000 100.000000
vn 0.000000 0.000000 100.000000
vn 0.000000 0.000000 100.000000
vn 0.000000 0.000000 100.000000
vn 0.000000 0.000000 100.000000
vn 0.000000 0.000000 100.000000
vn 0.000000 0.000000 100.000000
vn 0.000000 0.000000 100.000000
vn 0.000000 0.000000 100.000000
vn 0.000000 0.000000 100.000000
vn 0.000000 0.000000 100.000000
vn 0.000000 0.000000 100.000000
vn 0.000000 0.000000 100.000000
vn 0.000000 0.000000 100.000000
vn 0.000000 0.000000 100.000000
vn 0.000000 0.000000 100.000000
vn 0.000000 0.000000 100.000000
vn 0.000000 0.000000 100.000000
vn 0.000000 0.000000 100.000000
vn 0.000000 0.000000 100.000000
vn 0.000000 0.000000 100.000000
vn 0.000000 0.000000 100.000000
vn 0.000000 0.000000 100.000000
vn 0.000000 0.000000 100.000000
vn 0.000000 0.000000 100.000000
vn 0.000000 0.000000 100.000000
vn 0.000000 0.000000 100.000000
vn 0.000000 -100.000000 0.000000
vn 0.000000 -100.000000 0.000000
vn 0.000000 -100.000000 0.000000
vn 0.000000 -100.000000 0.000000
vn 100.000000 0.000000 0.000000
vn 100.000000 0.000000 0.000000
vn 100.000000 0.000000 0.000000
vn 100.000000 0.000000 0.000000
vn 0.000000 100.000000 0.000000
vn 0.000000 100.000000 0.000000
vn 0.000000 100.000000 0.000000
vn 0.000000 100.000000 0.000000
vn -100.000000 0.000000 0.000000
vn -100.000000 0.000000 0.000000
vn -100.000000 0.000000 0.000000
vn -100.000000 0.000000 0.000000
vn 0.000000 0.000000 -100.000000
vn 0.000000 0.000000 -100.000000
vn 0.000000 0.000000 -100.000000
vn 0.000000 0.000000 -100.000000
vn 0.000000 0.000000 -100.000000
vn 0.000000 0.000000 -100.000000
vn 0.000000 0.000000 -100.000000
vn 0.000000 0.000000 -100.000000
vn 0.000000 0.000000 -100.000000
vn 0.000000 0.000000 -100.000000
vn 0.000000 0.000000 -100.000000
vn 0.000000 0.000000 -100.000000
vn 0.000000 0.000000 -100.000000
vn 0.000000 0.000000 -100.000000
vn 0.000000 0.000000 -100.000000
vn 0.000000 0.000000 -100.000000
vn 0.000000 0.000000 -100.000000
vn 0.000000 0.000000 -100.000000
vn 0.000000 0.000000 -100.000000
vn 0.000000 0.000000 -100.000000
vn 0.000000 0.000000 -100.000000
vn 0.000000 0.000000 -100.000000
vn 0.000000 0.000000 -100.000000
vn 0.000000 0.000000 -100.000000
vn 0.000000 0.000000 -100.000000
vn 0.000000 0.000000 -100.000000
vn 0.000000 0.000000 -100.000000
vn 0.000000 0.000000 -100.000000
vn 0.000000 0.000000 -100.000000
vn 0.000000 0.000000 -100.000000
vn 0.000000 0.000000 -100.000000
vn 0.000000 0.000000 -100.000000
vn 0.000000 0.000000 -100.000000
vn 0.000000 0.000000 -100.000000
vn 0.000000 0.000000 -100.000000
vn 0.000000 0.000000 -100.000000
vn 0.000000 0.000000 -100.000000
vn 0.000000 0.000000 -100.000000
vn 0.000000 0.000000 -100.000000
vn 0.000000 0.000000 -100.000000
vn 0.000000 0.000000 -100.000000
vn 0.000000 0.000000 -100.000000
vn 0.000000 0.000000 -100.000000
vn 0.000000 0.000000 -100.000000
vn 0.000000 0.000000 -100.000000
vn 0.000000 0.000000 -100.000000
vn 0.000000 0.000000 -100.000000
vn 0.000000 0.000000 -100.000000
vn 0.000000 0.000000 -100.000000
vn 0.000000 0.000000 -100.000000
vn 0.000000 0.000000 -100.000000
vn 0.000000 0.000000 -100.000000
vn 0.000000 0.000000 -100.000000
vn 0.000000 0.000000 -100.000000
vn 0.000000 0.000000 -100.000000
vn 0.000000 0.000000 -100.000000
vn 0.000000 0.000000 -100.000000
vn 0.000000 0.000000 -100.000000
vn 0.000000 0.000000 -100.000000
vn 0.000000 0.000000 -100.000000
vn 0.000000 0.000000 -100.000000
vn 0.000000 0.000000 -100.000000
vn 0.000000 0.000000 -100.000000
vn 0.000000 0.000000 -100.000000
vn 0.000000 0.000000 -100.000000
vn 0.000000 0.000000 -100.000000
vn 0.000000 0.000000 -100.000000
vn 0.000000 0.000000 -100.000000
vn 0.000000 0.000000 -100.000000
vn 0.000000 0.000000 -100.000000
vn 0.000000 0.000000 -100.000000
vn 0.000000 0.000000 -100.000000
vn 0.000000 0.000000 -100.000000
vn 0.000000 0.000000 -100.000000
vn 0.000000 0.000000 -100.000000
vn 0.000000 0.000000 -100.000000
vn 0.000000 0.000000 -100.000000
vn 0.000000 0.000000 -100.000000
vn 0.000000 0.000000 -100.000000
vn 0.000000 0.000000 -100.000000
vn 0.000000 0.000000 -100.000000
vn 0.000000 0.000000 -100.000000
vn 0.000000 0.000000 -100.000000
vn 0.000000 0.000000 -100.000000
vn 0.000000 0.000000 -100.000000
vn 0.000000 0.000000 -100.000000
vn 0.000000 0.000000 -100.000000
vn 0.000000 0.000000 -100.000000
vn 0.000000 0.000000 -100.000000
vn 0.000000 0.000000 -100.000000
vn 0.000000 0.000000 -100.000000
vn 0.000000 0.000000 -100.000000
vn 0.000000 0.000000 -100.000000
vn 0.000000 0.000000 -100.000000
vn 0.000000 0.000000 -100.000000
vn 0.000000 0.000000 -100.000000
vn 0.000000 0.000000 -100.000000
vn 0.000000 0.000000 -100.000000
vn 0.000000 0.000000 -100.000000
vn 0.000000 0.000000 -100.000000
vn 0.000000 0.000000 -100.000000
vn 0.000000 0.000000 -100.000000
vn 0.000000 0.000000 -100.000000
vn 0.000000 0.000000 -100.000000
vn 0.000000 0.000000 -100.000000
vn 0.000000 0.000000 -100.000000
vn 0.000000 0.000000 -100.000000
vn 0.000000 0.000000 -100.000000
vn 0.000000 0.000000 -100.000000
vn 0.000000 0.000000 -100.000000
vn 0.000000 0.000000 -100.000000
vn 0.000000 0.000000 -100.000000
vn 0.000000 0.000000 -100.000000
vn 0.000000 0.000000 -100.000000
vn 0.000000 0.000000 -100.000000
vn 0.000000 0.000000 -100.000000
vn 0.000000 0.000000 -100.000000
vn 0.000000 0.000000 -100.000000
vn 0.000000 0.000000 -100.000000
vn 0.000000 0.000000 -100.000000
vn 0.000000 0.000000 -100.000000
vn 0.000000 0.000000 -100.000000
vn 0.000000 0.000000 -100.000000
vn 0.000000 0.000000 -100.000000
vn 0.000000 0.000000 -100.000000
vn 0.000000 0.000000 -100.000000
vn 0.000000 0.000000 -100.000000
vn 0.000000 0.000000 -100.000000
vn 0.000000 0.000000 -100.000000
vn 0.000000 0.000000 -100.000000
vn 0.000000 0.000000 -100.000000
vn 0.000000 0.000000 -100.000000
vn 0.000000 0.000000 -100.000000
vn 0.000000 0.000000 -100.000000
vn 0.000000 0.000000 -100.000000
vn 0.000000 0.000000 -100.000000
vn 0.000000 0.000000 -100.000000
vn 0.000000 0.000000 -100.000000
vn 0.000000 0.000000 -100.000000
vn 0.000000 0.000000 -100.000000
vn 0.000000 0.000000 -100.000000
vn 0.000000 0.000000 -100.000000
vn 0.000000 0.000000 -100.000000
vn 0.000000 0.000000 -100.000000
vn 0.000000 0.000000 -100.000000
vn 0.000000 0.000000 -100.000000
vn 0.000000 0.000000 -100.000000
vn 0.000000 0.000000 -100.000000
vn 0.000000 0.000000 -100.000000
vn 0.000000 0.000000 -100.000000
vn 0.000000 0.000000 -100.000000
vn 0.000000 0.000000 -100.000000
vn 0.000000 0.000000 -100.000000
vn 0.000000 0.000000 -100.000000
vn 0.000000 0.000000 -100.000000
vn 0.000000 0.000000 -100.000000
vn 0.000000 0.000000 -100.000000
vn 0.000000 0.000000 -100.000000
vn 0.000000 0.000000 -100.000000
vn 0.000000 0.000000 -100.000000
vn 0.000000 0.000000 -100.000000
vn 0.000000 0.000000 -100.000000
vn 0.000000 0.000000 -100.000000
vn 0.000000 0.000000 -100.000000
vn 0.000000 0.000000 -100.000000
vn 0.000000 0.000000 -100.000000
vn 0.000000 0.000000 -100.000000
vn 0.000000 0.000000 -100.000000
vn 0.000000 0.000000 -100.000000
vn 0.000000 0.000000 -100.000000
vn 0.000000 0.000000 -100.000000
vn 0.000000 0.000000 -100.000000
vn 0.000000 0.000000 -100.000000
vn 0.000000 0.000000 -100.000000
vn 0.000000 0.000000 -100.000000
vn 0.000000 0.000000 -100.000000
vn 0.000000 0.000000 -100.000000
vn 0.000000 0.000000 -100.000000
vn 0.000000 0.000000 -100.000000
vn 0.000000 0.000000 -100.000000
vn 0.000000 0.000000 -100.000000
vn 0.000000 0.000000 -100.000000
vn 0.000000 0.000000 -100.000000
vn 0.000000 0.000000 -100.000000
vn 0.000000 0.000000 -100.000000
vn 0.000000 0.000000 -100.000000
vn 0.000000 0.000000 -100.000000
vn 0.000000 0.000000 -100.000000
vn 0.000000 0.000000 -100.000000
vn 0.000000 0.000000 -100.000000
vn 0.000000 0.000000 -100.000000
vn 0.000000 0.000000 -100.000000
vn 0.000000 0.000000 -100.000000
vn 0.000000 0.000000 -100.000000
vn 0.000000 0.000000 -100.000000
vn 0.000000 0.000000 -100.000000
vn 0.000000 0.000000 -100.000000
vn 0.000000 0.000000 -100.000000
vn 0.000000 0.000000 -100.000000
vn 0.000000 0.000000 -100.000000
vn 0.000000 0.000000 -100.000000
vn 0.000000 0.000000 -100.000000
vn 0.000000 0.000000 -100.000000
vn 0.000000 0.000000 -100.000000
vn 0.000000 -100.000000 0.000000
vn 0.000000 -100.000000 0.000000
vn 0.000000 -100.000000 0.000000
vn 0.000000 -100.000000 0.000000
vn 100.000000 0.000000 0.000000
vn 100.000000 0.000000 0.000000
vn 100.000000 0.000000 0.000000
vn 100.000000 0.000000 0.000000
vn 0.000000 100.000000 0.000000
vn 0.000000 100.000000 0.000000
vn 0.000000 100.000000 0.000000
vn 0.000000 100.000000 0.000000
vn -100.000000 0.000000 0.000000
vn -100.000000 0.000000 0.000000
vn -100.000000 0.000000 0.000000
vn -100.000000 0.000000 0.000000
vn 0.000000 100.000000 0.000000
vn 0.000000 100.000000 0.000000
vn 0.000000 100.000000 0.000000
vn 0.000000 100.000000 0.000000
vn -100.000000 0.000000 0.000000
vn -100.000000 0.000000 0.000000
vn -100.000000 0.000000 0.000000
vn -100.000000 0.000000 0.000000
vn 0.000000 -100.000000 0.000000
vn 0.000000 -100.000000 0.000000
vn 0.000000 -100.000000 0.000000
vn 0.000000 -100.000000 0.000000
vn 100.000000 0.000000 0.000000
vn 100.000000 0.000000 0.000000
vn 100.000000 0.000000 0.000000
vn 100.000000 0.000000 0.000000
vn 0.000000 0.000000 -100.000000
vn 0.000000 0.000000 -100.000000
vn 0.000000 0.000000 -100.000000
vn 0.000000 0.000000 -100.000000
vn 0.000000 0.000000 -100.000000
vn 0.000000 0.000000 -100.000000
vn 0.000000 0.000000 -100.000000
vn 0.000000 0.000000 -100.000000
usemtl Steel_-_Satin
f 2/1/1 30/2/2 1/3/3
f 1/3/3 30/2/2 31/4/4
f 1/3/3 31/4/4 32/5/5
f 32/5/5 31/4/4 39/6/6
f 32/5/5 39/6/6 40/7/7
f 40/7/7 39/6/6 47/8/8
f 40/7/7 47/8/8 25/9/9
f 25/9/9 47/8/8 24/10/10
f 24/10/10 47/8/8 54/11/11
f 24/10/10 54/11/11 23/12/12
f 23/12/12 54/11/11 61/13/13
f 23/12/12 61/13/13 22/14/14
f 22/14/14 61/13/13 21/15/15
f 21/15/15 61/13/13 68/16/16
f 21/15/15 68/16/16 20/17/17
f 20/17/17 68/16/16 19/18/18
f 19/18/18 68/16/16 75/19/19
f 19/18/18 75/19/19 18/20/20
f 18/20/20 75/19/19 82/21/21
f 18/20/20 82/21/21 17/22/22
f 17/22/22 82/21/21 16/23/23
f 16/23/23 82/21/21 15/24/24
f 15/24/24 82/21/21 81/25/25
f 15/24/24 81/25/25 80/26/26
f 80/26/26 81/25/25 73/27/27
f 80/26/26 73/27/27 72/28/28
f 72/28/28 73/27/27 65/29/29
f 72/28/28 65/29/29 64/30/30
f 64/30/30 65/29/29 57/31/31
f 64/30/30 57/31/31 56/32/32
f 56/32/32 57/31/31 49/33/33
f 56/32/32 49/33/33 48/34/34
f 48/34/34 49/33/33 41/35/35
f 48/34/34 41/35/35 5/36/36
f 5/36/36 41/35/35 4/37/37
f 4/37/37 41/35/35 34/38/38
f 4/37/37 34/38/38 3/39/39
f 3/39/39 34/38/38 27/40/40
f 3/39/39 27/40/40 2/1/1
f 2/1/1 27/40/40 28/41/41
f 2/1/1 28/41/41 29/42/42
f 29/42/42 28/41/41 36/43/43
f 29/42/42 36/43/43 37/44/44
f 37/44/44 36/43/43 44/45/45
f 37/44/44 44/45/45 45/46/46
f 45/46/46 44/45/45 52/47/47
f 45/46/46 52/47/47 53/48/48
f 53/48/48 52/47/47 60/49/49
f 53/48/48 60/49/49 61/13/13
f 61/13/13 60/49/49 68/16/16
f 5/36/36 6/50/50 48/34/34
f 48/34/34 6/50/50 55/51/51
f 48/34/34 55/51/51 56/32/32
f 56/32/32 55/51/51 63/52/52
f 56/32/32 63/52/52 64/30/30
f 64/30/30 63/52/52 71/53/53
f 64/30/30 71/53/53 72/28/28
f 72/28/28 71/53/53 79/54/54
f 72/28/28 79/54/54 80/26/26
f 80/26/26 79/54/54 15/24/24
f 6/50/50 7/55/55 55/51/51
f 55/51/51 7/55/55 8/56/56
f 55/51/51 8/56/56 62/57/57
f 62/57/57 8/56/56 9/58/58
f 62/57/57 9/58/58 10/59/59
f 62/57/57 10/59/59 69/60/60
f 69/60/60 10/59/59 11/61/61
f 69/60/60 11/61/61 76/62/62
f 76/62/62 11/61/61 12/63/63
f 76/62/62 12/63/63 13/64/64
f 14/65/65 15/24/24 13/64/64
f 13/64/64 15/24/24 78/66/66
f 13/64/64 78/66/66 77/67/67
f 77/67/67 78/66/66 70/68/68
f 77/67/67 70/68/68 69/60/60
f 69/60/60 70/68/68 62/57/57
f 25/9/9 26/69/69 40/7/7
f 40/7/7 26/69/69 33/70/70
f 40/7/7 33/70/70 32/5/5
f 32/5/5 33/70/70 1/3/3
f 26/69/69 1/3/3 33/70/70
f 30/2/2 2/1/1 29/42/42
f 28/41/41 27/40/40 35/71/71
f 35/71/71 27/40/40 34/38/38
f 35/71/71 34/38/38 42/72/72
f 42/72/72 34/38/38 41/35/35
f 42/72/72 41/35/35 49/33/33
f 29/42/42 37/44/44 30/2/2
f 30/2/2 37/44/44 38/73/73
f 30/2/2 38/73/73 31/4/4
f 31/4/4 38/73/73 39/6/6
f 28/41/41 35/71/71 36/43/43
f 36/43/43 35/71/71 43/74/74
f 36/43/43 43/74/74 44/45/45
f 44/45/45 43/74/74 51/75/75
f 44/45/45 51/75/75 52/47/47
f 52/47/47 51/75/75 59/76/76
f 52/47/47 59/76/76 60/49/49
f 60/49/49 59/76/76 67/77/77
f 60/49/49 67/77/77 68/16/16
f 68/16/16 67/77/77 75/19/19
f 43/74/74 35/71/71 42/72/72
f 37/44/44 45/46/46 38/73/73
f 38/73/73 45/46/46 46/78/78
f 38/73/73 46/78/78 39/6/6
f 39/6/6 46/78/78 47/8/8
f 43/74/74 42/72/72 50/79/79
f 50/79/79 42/72/72 49/33/33
f 50/79/79 49/33/33 57/31/31
f 54/11/11 47/8/8 46/78/78
f 54/11/11 46/78/78 53/48/48
f 53/48/48 46/78/78 45/46/46
f 43/74/74 50/79/79 51/75/75
f 51/75/75 50/79/79 58/80/80
f 51/75/75 58/80/80 59/76/76
f 59/76/76 58/80/80 66/81/81
f 59/76/76 66/81/81 67/77/77
f 67/77/77 66/81/81 74/82/82
f 67/77/77 74/82/82 75/19/19
f 75/19/19 74/82/82 82/21/21
f 58/80/80 50/79/79 57/31/31
f 61/13/13 54/11/11 53/48/48
f 66/81/81 58/80/80 65/29/29
f 65/29/29 58/80/80 57/31/31
f 55/51/51 62/57/57 63/52/52
f 63/52/52 62/57/57 70/68/68
f 63/52/52 70/68/68 71/53/53
f 71/53/53 70/68/68 78/66/66
f 71/53/53 78/66/66 79/54/54
f 79/54/54 78/66/66 15/24/24
f 74/82/82 66/81/81 73/27/27
f 73/27/27 66/81/81 65/29/29
f 82/21/21 74/82/82 81/25/25
f 81/25/25 74/82/82 73/27/27
f 13/64/64 77/67/67 76/62/62
f 76/62/62 77/67/67 69/60/60
f 84/83/83 112/84/84 83/85/85
f 83/85/85 112/84/84 113/86/86
f 83/85/85 113/86/86 114/87/87
f 114/87/87 113/86/86 121/88/88
f 114/87/87 121/88/88 122/89/89
f 122/89/89 121/88/88 129/90/90
f 122/89/89 129/90/90 107/91/91
f 107/91/91 129/90/90 106/92/92
f 106/92/92 129/90/90 136/93/93
f 106/92/92 136/93/93 105/94/94
f 105/94/94 136/93/93 143/95/95
f 105/94/94 143/95/95 104/96/96
f 104/96/96 143/95/95 103/97/97
f 103/97/97 143/95/95 150/98/98
f 103/97/97 150/98/98 102/99/99
f 102/99/99 150/98/98 101/100/100
f 101/100/100 150/98/98 157/101/101
f 101/100/100 157/101/101 100/102/102
f 100/102/102 157/101/101 164/103/103
f 100/102/102 164/103/103 99/104/104
f 99/104/104 164/103/103 98/105/105
f 98/105/105 164/103/103 97/106/106
f 97/106/106 164/103/103 163/107/107
f 97/106/106 163/107/107 162/108/108
f 162/108/108 163/107/107 155/109/109
f 162/108/108 155/109/109 154/110/110
f 154/110/110 155/109/109 147/111/111
f 154/110/110 147/111/111 146/112/112
f 146/112/112 147/111/111 139/113/113
f 146/112/112 139/113/113 138/114/114
f 138/114/114 139/113/113 131/115/115
f 138/114/114 131/115/115 130/116/116
f 130/116/116 131/115/115 123/117/117
f 130/116/116 123/117/117 87/118/118
f 87/118/118 123/117/117 86/119/119
f 86/119/119 123/117/117 116/120/120
f 86/119/119 116/120/120 85/121/121
f 85/121/121 116/120/120 109/122/122
f 85/121/121 109/122/122 84/83/83
f 84/83/83 109/122/122 110/123/123
f 84/83/83 110/123/123 111/124/124
f 111/124/124 110/123/123 118/125/125
f 111/124/124 118/125/125 119/126/126
f 119/126/126 118/125/125 126/127/127
f 119/126/126 126/127/127 127/128/128
f 127/128/128 126/127/127 134/129/129
f 127/128/128 134/129/129 135/130/130
f 135/130/130 134/129/129 142/131/131
f 135/130/130 142/131/131 143/95/95
f 143/95/95 142/131/131 150/98/98
f 87/118/118 88/132/132 130/116/116
f 130/116/116 88/132/132 137/133/133
f 130/116/116 137/133/133 138/114/114
f 138/114/114 137/133/133 145/134/134
f 138/114/114 145/134/134 146/112/112
f 146/112/112 145/134/134 153/135/135
f 146/112/112 153/135/135 154/110/110
f 154/110/110 153/135/135 161/136/136
f 154/110/110 161/136/136 162/108/108
f 162/108/108 161/136/136 97/106/106
f 88/132/132 89/137/137 137/133/133
f 137/133/133 89/137/137 90/138/138
f 137/133/133 90/138/138 144/139/139
f 144/139/139 90/138/138 91/140/140
f 144/139/139 91/140/140 92/141/141
f 144/139/139 92/141/141 151/142/142
f 151/142/142 92/141/141 93/143/143
f 151/142/142 93/143/143 158/144/144
f 158/144/144 93/143/143 94/145/145
f 158/144/144 94/145/145 95/146/146
f 96/147/147 97/106/106 95/146/146
f 95/146/146 97/106/106 160/148/148
f 95/146/146 160/148/148 159/149/149
f 159/149/149 160/148/148 152/150/150
f 159/149/149 152/150/150 151/142/142
f 151/142/142 152/150/150 144/139/139
f 107/91/91 108/151/151 122/89/89
f 122/89/89 108/151/151 115/152/152
f 122/89/89 115/152/152 114/87/87
f 114/87/87 115/152/152 83/85/85
f 108/151/151 83/85/85 115/152/152
f 112/84/84 84/83/83 111/124/124
f 110/123/123 109/122/122 117/153/153
f 117/153/153 109/122/122 116/120/120
f 117/153/153 116/120/120 124/154/154
f 124/154/154 116/120/120 123/117/117
f 124/154/154 123/117/117 131/115/115
f 111/124/124 119/126/126 112/84/84
f 112/84/84 119/126/126 120/155/155
f 112/84/84 120/155/155 113/86/86
f 113/86/86 120/155/155 121/88/88
f 110/123/123 117/153/153 118/125/125
f 118/125/125 117/153/153 125/156/156
f 118/125/125 125/156/156 126/127/127
f 126/127/127 125/156/156 133/157/157
f 126/127/127 133/157/157 134/129/129
f 134/129/129 133/157/157 141/158/158
f 134/129/129 141/158/158 142/131/131
f 142/131/131 141/158/158 149/159/159
f 142/131/131 149/159/159 150/98/98
f 150/98/98 149/159/159 157/101/101
f 125/156/156 117/153/153 124/154/154
f 119/126/126 127/128/128 120/155/155
f 120/155/155 127/128/128 128/160/160
f 120/155/155 128/160/160 121/88/88
f 121/88/88 128/160/160 129/90/90
f 125/156/156 124/154/154 132/161/161
f 132/161/161 124/154/154 131/115/115
f 132/161/161 131/115/115 139/113/113
f 136/93/93 129/90/90 128/160/160
f 136/93/93 128/160/160 135/130/130
f 135/130/130 128/160/160 127/128/128
f 125/156/156 132/161/161 133/157/157
f 133/157/157 132/161/161 140/162/162
f 133/157/157 140/162/162 141/158/158
f 141/158/158 140/162/162 148/163/163
f 141/158/158 148/163/163 149/159/159
f 149/159/159 148/163/163 156/164/164
f 149/159/159 156/164/164 157/101/101
f 157/101/101 156/164/164 164/103/103
f 140/162/162 132/161/161 139/113/113
f 143/95/95 136/93/93 135/130/130
f 148/163/163 140/162/162 147/111/111
f 147/111/111 140/162/162 139/113/113
f 137/133/133 144/139/139 145/134/134
f 145/134/134 144/139/139 152/150/150
f 145/134/134 152/150/150 153/135/135
f 153/135/135 152/150/150 160/148/148
f 153/135/135 160/148/148 161/136/136
f 161/136/136 160/148/148 97/106/106
f 156/164/164 148/163/163 155/109/109
f 155/109/109 148/163/163 147/111/111
f 164/103/103 156/164/164 163/107/107
f 163/107/107 156/164/164 155/109/109
f 95/146/146 159/149/149 158/144/144
f 158/144/144 159/149/149 151/142/142
f 15/165/165 96/166/166 16/167/167
f 16/167/167 96/166/166 169/168/168
f 16/167/167 169/168/168 170/169/169
f 170/169/169 169/168/168 177/170/170
f 170/169/169 177/170/170 178/171/171
f 178/171/171 177/170/170 185/172/172
f 178/171/171 185/172/172 19/173/173
f 19/173/173 185/172/172 20/174/174
f 20/174/174 185/172/172 21/175/175
f 21/175/175 185/172/172 192/176/176
f 21/175/175 192/176/176 22/177/177
f 22/177/177 192/176/176 23/178/178
f 23/178/178 192/176/176 199/179/179
f 23/178/178 199/179/179 24/180/180
f 24/180/180 199/179/179 206/181/181
f 24/180/180 206/181/181 25/182/182
f 25/182/182 206/181/181 213/183/183
f 25/182/182 213/183/183 26/184/184
f 26/184/184 213/183/183 220/185/185
f 26/184/184 220/185/185 1/186/3
f 1/186/3 220/185/185 219/187/186
f 1/186/3 219/187/186 218/188/187
f 218/188/187 219/187/186 211/189/188
f 218/188/187 211/189/188 210/190/189
f 210/190/189 211/189/188 203/191/190
f 210/190/189 203/191/190 202/192/191
f 202/192/191 203/191/190 195/193/192
f 202/192/191 195/193/192 194/194/193
f 194/194/193 195/193/192 187/195/194
f 194/194/193 187/195/194 186/196/195
f 186/196/195 187/195/194 179/197/196
f 186/196/195 179/197/196 90/198/197
f 90/198/197 179/197/196 91/199/198
f 91/199/198 179/197/196 92/200/199
f 92/200/199 179/197/196 172/201/200
f 92/200/199 172/201/200 93/202/201
f 93/202/201 172/201/200 165/203/202
f 93/202/201 165/203/202 94/204/203
f 94/204/203 165/203/202 95/205/204
f 95/205/204 165/203/202 96/166/166
f 96/166/166 165/203/202 166/206/205
f 96/166/166 166/206/205 167/207/206
f 167/207/206 166/206/205 174/208/207
f 167/207/206 174/208/207 175/209/208
f 175/209/208 174/208/207 182/210/209
f 175/209/208 182/210/209 183/211/210
f 183/211/210 182/210/209 190/212/211
f 183/211/210 190/212/211 191/213/212
f 191/213/212 190/212/211 198/214/213
f 191/213/212 198/214/213 199/179/179
f 199/179/179 198/214/213 206/181/181
f 90/198/197 89/215/214 186/196/195
f 186/196/195 89/215/214 88/216/215
f 186/196/195 88/216/215 193/217/216
f 193/217/216 88/216/215 87/218/217
f 193/217/216 87/218/217 200/219/218
f 200/219/218 87/218/217 86/220/219
f 200/219/218 86/220/219 207/221/220
f 207/221/220 86/220/219 85/222/221
f 207/221/220 85/222/221 214/223/222
f 214/223/222 85/222/221 84/224/83
f 214/223/222 84/224/83 215/225/223
f 215/225/223 84/224/83 216/226/224
f 215/225/223 216/226/224 208/227/225
f 208/227/225 216/226/224 209/228/226
f 208/227/225 209/228/226 201/229/227
f 201/229/227 209/228/226 202/192/191
f 201/229/227 202/192/191 194/194/193
f 216/226/224 84/224/83 217/230/228
f 217/230/228 84/224/83 1/186/3
f 217/230/228 1/186/3 218/188/187
f 19/173/173 18/231/229 178/171/171
f 178/171/171 18/231/229 171/232/230
f 178/171/171 171/232/230 170/169/169
f 170/169/169 171/232/230 16/167/167
f 18/231/229 17/233/231 171/232/230
f 171/232/230 17/233/231 16/167/167
f 166/206/205 165/203/202 173/234/232
f 173/234/232 165/203/202 172/201/200
f 173/234/232 172/201/200 180/235/233
f 180/235/233 172/201/200 179/197/196
f 180/235/233 179/197/196 187/195/194
f 169/168/168 96/166/166 168/236/234
f 168/236/234 96/166/166 167/207/206
f 168/236/234 167/207/206 175/209/208
f 169/168/168 168/236/234 176/237/235
f 176/237/235 168/236/234 175/209/208
f 176/237/235 175/209/208 183/211/210
f 166/206/205 173/234/232 174/208/207
f 174/208/207 173/234/232 181/238/236
f 174/208/207 181/238/236 182/210/209
f 182/210/209 181/238/236 189/239/237
f 182/210/209 189/239/237 190/212/211
f 190/212/211 189/239/237 197/240/238
f 190/212/211 197/240/238 198/214/213
f 198/214/213 197/240/238 205/241/239
f 198/214/213 205/241/239 206/181/181
f 206/181/181 205/241/239 213/183/183
f 181/238/236 173/234/232 180/235/233
f 169/168/168 176/237/235 177/170/170
f 177/170/170 176/237/235 184/242/240
f 177/170/170 184/242/240 185/172/172
f 185/172/172 184/242/240 192/176/176
f 184/242/240 176/237/235 183/211/210
f 181/238/236 180/235/233 188/243/241
f 188/243/241 180/235/233 187/195/194
f 188/243/241 187/195/194 195/193/192
f 192/176/176 184/242/240 191/213/212
f 191/213/212 184/242/240 183/211/210
f 181/238/236 188/243/241 189/239/237
f 189/239/237 188/243/241 196/244/242
f 189/239/237 196/244/242 197/240/238
f 197/240/238 196/244/242 204/245/243
f 197/240/238 204/245/243 205/241/239
f 205/241/239 204/245/243 212/246/244
f 205/241/239 212/246/244 213/183/183
f 213/183/183 212/246/244 220/185/185
f 196/244/242 188/243/241 195/193/192
f 199/179/179 192/176/176 191/213/212
f 201/229/227 194/194/193 193/217/216
f 193/217/216 194/194/193 186/196/195
f 204/245/243 196/244/242 203/191/190
f 203/191/190 196/244/242 195/193/192
f 208/227/225 201/229/227 200/219/218
f 200/219/218 201/229/227 193/217/216
f 210/190/189 202/192/191 209/228/226
f 212/246/244 204/245/243 211/189/188
f 211/189/188 204/245/243 203/191/190
f 215/225/223 208/227/225 207/221/220
f 207/221/220 208/227/225 200/219/218
f 214/223/222 215/225/223 207/221/220
f 216/226/224 217/230/228 209/228/226
f 209/228/226 217/230/228 210/190/189
f 217/230/228 218/188/187 210/190/189
f 220/185/185 212/246/244 219/187/186
f 219/187/186 212/246/244 211/189/188
f 83/247/85 224/248/245 2/249/1
f 2/249/1 224/248/245 225/250/246
f 2/249/1 225/250/246 226/251/247
f 226/251/247 225/250/246 233/252/248
f 226/251/247 233/252/248 234/253/249
f 234/253/249 233/252/248 241/254/250
f 234/253/249 241/254/250 4/255/251
f 4/255/251 241/254/250 5/256/252
f 5/256/252 241/254/250 248/257/253
f 5/256/252 248/257/253 6/258/254
f 6/258/254 248/257/253 255/259/255
f 6/258/254 255/259/255 7/260/256
f 7/260/256 255/259/255 8/261/257
f 8/261/257 255/259/255 262/262/258
f 8/261/257 262/262/258 9/263/259
f 9/263/259 262/262/258 10/264/260
f 10/264/260 262/262/258 269/265/261
f 10/264/260 269/265/261 11/266/262
f 11/266/262 269/265/261 276/267/263
f 11/266/262 276/267/263 12/268/264
f 12/268/264 276/267/263 13/269/265
f 13/269/265 276/267/263 14/270/266
f 14/270/266 276/267/263 275/271/267
f 14/270/266 275/271/267 274/272/268
f 274/272/268 275/271/267 267/273/269
f 274/272/268 267/273/269 266/274/270
f 266/274/270 267/273/269 259/275/271
f 266/274/270 259/275/271 258/276/272
f 258/276/272 259/275/271 251/277/273
f 258/276/272 251/277/273 250/278/274
f 250/278/274 251/277/273 243/279/275
f 250/278/274 243/279/275 242/280/276
f 242/280/276 243/279/275 235/281/277
f 242/280/276 235/281/277 106/282/278
f 106/282/278 235/281/277 107/283/279
f 107/283/279 235/281/277 228/284/280
f 107/283/279 228/284/280 108/285/281
f 108/285/281 228/284/280 221/286/282
f 108/285/281 221/286/282 83/247/85
f 83/247/85 221/286/282 222/287/283
f 83/247/85 222/287/283 223/288/284
f 223/288/284 222/287/283 230/289/285
f 223/288/284 230/289/285 231/290/286
f 231/290/286 230/289/285 238/291/287
f 231/290/286 238/291/287 239/292/288
f 239/292/288 238/291/287 246/293/289
f 239/292/288 246/293/289 247/294/290
f 247/294/290 246/293/289 254/295/291
f 247/294/290 254/295/291 255/259/255
f 255/259/255 254/295/291 262/262/258
f 106/282/278 105/296/292 242/280/276
f 242/280/276 105/296/292 249/297/293
f 242/280/276 249/297/293 250/278/274
f 250/278/274 249/297/293 257/298/294
f 250/278/274 257/298/294 258/276/272
f 258/276/272 257/298/294 265/299/295
f 258/276/272 265/299/295 266/274/270
f 266/274/270 265/299/295 273/300/296
f 266/274/270 273/300/296 274/272/268
f 274/272/268 273/300/296 14/270/266
f 105/296/292 104/301/297 249/297/293
f 249/297/293 104/301/297 103/302/298
f 249/297/293 103/302/298 256/303/299
f 256/303/299 103/302/298 102/304/300
f 256/303/299 102/304/300 101/305/301
f 256/303/299 101/305/301 263/306/302
f 263/306/302 101/305/301 100/307/303
f 263/306/302 100/307/303 270/308/304
f 270/308/304 100/307/303 99/309/305
f 270/308/304 99/309/305 98/310/306
f 97/311/307 14/270/266 98/310/306
f 98/310/306 14/270/266 272/312/308
f 98/310/306 272/312/308 271/313/309
f 271/313/309 272/312/308 264/314/310
f 271/313/309 264/314/310 263/306/302
f 263/306/302 264/314/310 256/303/299
f 4/255/251 3/315/311 234/253/249
f 234/253/249 3/315/311 227/316/312
f 234/253/249 227/316/312 226/251/247
f 226/251/247 227/316/312 2/249/1
f 3/315/311 2/249/1 227/316/312
f 224/248/245 83/247/85 223/288/284
f 222/287/283 221/286/282 229/317/313
f 229/317/313 221/286/282 228/284/280
f 229/317/313 228/284/280 236/318/314
f 236/318/314 228/284/280 235/281/277
f 236/318/314 235/281/277 243/279/275
f 223/288/284 231/290/286 224/248/245
f 224/248/245 231/290/286 232/319/315
f 224/248/245 232/319/315 225/250/246
f 225/250/246 232/319/315 233/252/248
f 222/287/283 229/317/313 230/289/285
f 230/289/285 229/317/313 237/320/316
f 230/289/285 237/320/316 238/291/287
f 238/291/287 237/320/316 245/321/317
f 238/291/287 245/321/317 246/293/289
f 246/293/289 245/321/317 253/322/318
f 246/293/289 253/322/318 254/295/291
f 254/295/291 253/322/318 261/323/319
f 254/295/291 261/323/319 262/262/258
f 262/262/258 261/323/319 269/265/261
f 237/320/316 229/317/313 236/318/314
f 231/290/286 239/292/288 232/319/315
f 232/319/315 239/292/288 240/324/320
f 232/319/315 240/324/320 233/252/248
f 233/252/248 240/324/320 241/254/250
f 237/320/316 236/318/314 244/325/321
f 244/325/321 236/318/314 243/279/275
f 244/325/321 243/279/275 251/277/273
f 248/257/253 241/254/250 240/324/320
f 248/257/253 240/324/320 247/294/290
f 247/294/290 240/324/320 239/292/288
f 237/320/316 244/325/321 245/321/317
f 245/321/317 244/325/321 252/326/322
f 245/321/317 252/326/322 253/322/318
f 253/322/318 252/326/322 260/327/323
f 253/322/318 260/327/323 261/323/319
f 261/323/319 260/327/323 268/328/324
f 261/323/319 268/328/324 269/265/261
f 269/265/261 268/328/324 276/267/263
f 252/326/322 244/325/321 251/277/273
f 255/259/255 248/257/253 247/294/290
f 260/327/323 252/326/322 259/275/271
f 259/275/271 252/326/322 251/277/273
f 249/297/293 256/303/299 257/298/294
f 257/298/294 256/303/299 264/314/310
f 257/298/294 264/314/310 265/299/295
f 265/299/295 264/314/310 272/312/308
f 265/299/295 272/312/308 273/300/296
f 273/300/296 272/312/308 14/270/266
f 268/328/324 260/327/323 267/273/269
f 267/273/269 260/327/323 259/275/271
f 276/267/263 268/328/324 275/271/267
f 275/271/267 268/328/324 267/273/269
f 98/310/306 271/313/309 270/308/304
f 270/308/304 271/313/309 263/306/302
f 14/329/266 97/330/307 278/331/325
f 278/331/325 97/330/307 277/332/326
f 97/333/106 96/334/147 277/335/327
f 277/335/327 96/334/147 279/336/328
f 281/337/329 83/338/85 280/339/330
f 280/339/330 83/338/85 2/340/1
f 280/339/330 2/340/1 1/341/3
f 281/337/329 282/342/331 83/338/85
f 83/338/85 282/342/331 84/343/83
f 84/343/83 282/342/331 283/344/332
f 84/343/83 283/344/332 1/341/3
f 1/341/3 283/344/332 280/339/330
f 96/345/166 15/346/165 279/347/333
f 279/347/333 15/346/165 284/348/334
f 15/349/24 14/350/65 284/351/335
f 284/351/335 14/350/65 278/352/336
f 277/353/337 279/354/338 278/355/339
f 278/355/339 279/354/338 284/356/340
f 286/357/341 386/358/342 285/359/343
f 285/359/343 386/358/342 385/360/344
f 285/361/343 385/362/344 334/363/345
f 334/363/345 385/362/344 434/364/346
f 334/363/345 434/364/346 333/365/347
f 333/365/347 434/364/346 433/366/348
f 333/365/347 433/366/348 332/367/349
f 332/367/349 433/366/348 432/368/350
f 332/367/349 432/368/350 331/369/351
f 331/369/351 432/368/350 431/370/352
f 331/369/351 431/370/352 330/371/353
f 330/371/353 431/370/352 430/372/354
f 330/371/353 430/372/354 329/373/355
f 329/373/355 430/372/354 429/374/356
f 329/373/355 429/374/356 328/375/357
f 328/375/357 429/374/356 428/376/358
f 328/375/357 428/376/358 327/377/359
f 327/377/359 428/376/358 427/378/360
f 327/377/359 427/378/360 326/379/361
f 326/379/361 427/378/360 426/380/362
f 326/379/361 426/380/362 325/381/363
f 325/381/363 426/380/362 425/382/364
f 325/381/363 425/382/364 324/383/365
f 324/383/365 425/382/364 424/384/366
f 324/383/365 424/384/366 323/385/367
f 323/385/367 424/384/366 423/386/368
f 323/385/367 423/386/368 322/387/369
f 322/387/369 423/386/368 422/388/370
f 322/387/369 422/388/370 321/389/371
f 321/389/371 422/388/370 421/390/372
f 321/389/371 421/390/372 320/391/373
f 320/391/373 421/390/372 420/392/374
f 320/391/373 420/392/374 319/393/375
f 319/393/375 420/392/374 419/394/376
f 319/393/375 419/394/376 318/395/377
f 318/395/377 419/394/376 418/396/378
f 318/395/377 418/396/378 317/397/379
f 317/397/379 418/396/378 417/398/380
f 317/397/379 417/398/380 316/399/381
f 316/399/381 417/398/380 416/400/382
f 316/399/381 416/400/382 315/401/383
f 315/401/383 416/400/382 415/402/384
f 315/401/383 415/402/384 314/403/385
f 314/403/385 415/402/384 414/404/386
f 314/403/385 414/404/386 313/405/387
f 313/405/387 414/404/386 413/406/388
f 313/405/387 413/406/388 312/407/389
f 312/407/389 413/406/388 412/408/390
f 312/407/389 412/408/390 311/409/391
f 311/409/391 412/408/390 411/410/392
f 311/409/391 411/410/392 310/411/393
f 310/411/393 411/410/392 410/412/394
f 310/411/393 410/412/394 309/413/395
f 309/413/395 410/412/394 409/414/396
f 309/413/395 409/414/396 308/415/397
f 308/415/397 409/414/396 408/416/398
f 308/415/397 408/416/398 307/417/399
f 307/417/399 408/416/398 407/418/400
f 307/417/399 407/418/400 306/419/401
f 306/419/401 407/418/400 406/420/402
f 306/419/401 406/420/402 305/421/403
f 305/421/403 406/420/402 405/422/404
f 305/421/403 405/422/404 304/423/405
f 304/423/405 405/422/404 404/424/406
f 304/423/405 404/424/406 303/425/407
f 303/425/407 404/424/406 403/426/408
f 303/425/407 403/426/408 302/427/409
f 302/427/409 403/426/408 402/428/410
f 302/427/409 402/428/410 301/429/411
f 301/429/411 402/428/410 401/430/412
f 301/429/411 401/430/412 300/431/413
f 300/431/413 401/430/412 400/432/414
f 300/431/413 400/432/414 299/433/415
f 299/433/415 400/432/414 399/434/416
f 299/433/415 399/434/416 298/435/417
f 298/435/417 399/434/416 398/436/418
f 298/435/417 398/436/418 297/437/419
f 297/437/419 398/436/418 397/438/420
f 297/437/419 397/438/420 296/439/421
f 296/439/421 397/438/420 396/440/422
f 296/439/421 396/440/422 295/441/423
f 295/441/423 396/440/422 395/442/424
f 295/441/423 395/442/424 294/443/425
f 294/443/425 395/442/424 394/444/426
f 294/443/425 394/444/426 293/445/427
f 293/445/427 394/444/426 393/446/428
f 293/445/427 393/446/428 292/447/429
f 292/447/429 393/446/428 392/448/430
f 292/447/429 392/448/430 291/449/431
f 291/449/431 392/448/430 391/450/432
f 291/449/431 391/450/432 290/451/433
f 290/451/433 391/450/432 390/452/434
f 290/451/433 390/452/434 289/453/435
f 289/453/435 390/452/434 389/454/436
f 289/453/435 389/454/436 288/455/437
f 288/455/437 389/454/436 388/456/438
f 288/455/437 388/456/438 287/457/439
f 287/457/439 388/456/438 387/458/440
f 287/457/439 387/458/440 286/357/341
f 286/357/341 387/458/440 386/358/342
f 336/459/441 434/364/346 335/460/442
f 335/460/442 434/364/346 385/362/344
f 335/461/442 385/360/344 384/462/443
f 384/462/443 385/360/344 386/358/342
f 384/462/443 386/358/342 383/463/444
f 383/463/444 386/358/342 387/458/440
f 383/463/444 387/458/440 382/464/445
f 382/464/445 387/458/440 388/456/438
f 382/464/445 388/456/438 381/465/446
f 381/465/446 388/456/438 389/454/436
f 381/465/446 389/454/436 380/466/447
f 380/466/447 389/454/436 390/452/434
f 380/466/447 390/452/434 379/467/448
f 379/467/448 390/452/434 391/450/432
f 379/467/448 391/450/432 378/468/449
f 378/468/449 391/450/432 392/448/430
f 378/468/449 392/448/430 377/469/450
f 377/469/450 392/448/430 393/446/428
f 377/469/450 393/446/428 376/470/451
f 376/470/451 393/446/428 394/444/426
f 376/470/451 394/444/426 375/471/452
f 375/471/452 394/444/426 395/442/424
f 375/471/452 395/442/424 374/472/453
f 374/472/453 395/442/424 396/440/422
f 374/472/453 396/440/422 373/473/454
f 373/473/454 396/440/422 397/438/420
f 373/473/454 397/438/420 372/474/455
f 372/474/455 397/438/420 398/436/418
f 372/474/455 398/436/418 371/475/456
f 371/475/456 398/436/418 399/434/416
f 371/475/456 399/434/416 370/476/457
f 370/476/457 399/434/416 400/432/414
f 370/476/457 400/432/414 369/477/458
f 369/477/458 400/432/414 401/430/412
f 369/477/458 401/430/412 368/478/459
f 368/478/459 401/430/412 402/428/410
f 368/478/459 402/428/410 367/479/460
f 367/479/460 402/428/410 403/426/408
f 367/479/460 403/426/408 366/480/461
f 366/480/461 403/426/408 404/424/406
f 366/480/461 404/424/406 365/481/462
f 365/481/462 404/424/406 405/422/404
f 365/481/462 405/422/404 364/482/463
f 364/482/463 405/422/404 406/420/402
f 364/482/463 406/420/402 363/483/464
f 363/483/464 406/420/402 407/418/400
f 363/483/464 407/418/400 362/484/465
f 362/484/465 407/418/400 408/416/398
f 362/484/465 408/416/398 361/485/466
f 361/485/466 408/416/398 409/414/396
f 361/485/466 409/414/396 360/486/467
f 360/486/467 409/414/396 410/412/394
f 360/486/467 410/412/394 359/487/468
f 359/487/468 410/412/394 411/410/392
f 359/487/468 411/410/392 358/488/469
f 358/488/469 411/410/392 412/408/390
f 358/488/469 412/408/390 357/489/470
f 357/489/470 412/408/390 413/406/388
f 357/489/470 413/406/388 356/490/471
f 356/490/471 413/406/388 414/404/386
f 356/490/471 414/404/386 355/491/472
f 355/491/472 414/404/386 415/402/384
f 355/491/472 415/402/384 354/492/473
f 354/492/473 415/402/384 416/400/382
f 354/492/473 416/400/382 353/493/474
f 353/493/474 416/400/382 417/398/380
f 353/493/474 417/398/380 352/494/475
f 352/494/475 417/398/380 418/396/378
f 352/494/475 418/396/378 351/495/476
f 351/495/476 418/396/378 419/394/376
f 351/495/476 419/394/376 350/496/477
f 350/496/477 419/394/376 420/392/374
f 350/496/477 420/392/374 349/497/478
f 349/497/478 420/392/374 421/390/372
f 349/497/478 421/390/372 348/498/479
f 348/498/479 421/390/372 422/388/370
f 348/498/479 422/388/370 347/499/480
f 347/499/480 422/388/370 423/386/368
f 347/499/480 423/386/368 346/500/481
f 346/500/481 423/386/368 424/384/366
f 346/500/481 424/384/366 345/501/482
f 345/501/482 424/384/366 425/382/364
f 345/501/482 425/382/364 344/502/483
f 344/502/483 425/382/364 426/380/362
f 344/502/483 426/380/362 343/503/484
f 343/503/484 426/380/362 427/378/360
f 343/503/484 427/378/360 342/504/485
f 342/504/485 427/378/360 428/376/358
f 342/504/485 428/376/358 341/505/486
f 341/505/486 428/376/358 429/374/356
f 341/505/486 429/374/356 340/506/487
f 340/506/487 429/374/356 430/372/354
f 340/506/487 430/372/354 339/507/488
f 339/507/488 430/372/354 431/370/352
f 339/507/488 431/370/352 338/508/489
f 338/508/489 431/370/352 432/368/350
f 338/508/489 432/368/350 337/509/490
f 337/509/490 432/368/350 433/366/348
f 337/509/490 433/366/348 336/459/441
f 336/459/441 433/366/348 434/364/346
f 436/510/491 536/511/492 435/512/493
f 435/512/493 536/511/492 535/513/494
f 435/514/493 535/515/494 484/516/495
f 484/516/495 535/515/494 584/517/496
f 484/516/495 584/517/496 483/518/497
f 483/518/497 584/517/496 583/519/498
f 483/518/497 583/519/498 482/520/499
f 482/520/499 583/519/498 582/521/500
f 482/520/499 582/521/500 481/522/501
f 481/522/501 582/521/500 581/523/502
f 481/522/501 581/523/502 480/524/503
f 480/524/503 581/523/502 580/525/504
f 480/524/503 580/525/504 479/526/505
f 479/526/505 580/525/504 579/527/506
f 479/526/505 579/527/506 478/528/507
f 478/528/507 579/527/506 578/529/508
f 478/528/507 578/529/508 477/530/509
f 477/530/509 578/529/508 577/531/510
f 477/530/509 577/531/510 476/532/511
f 476/532/511 577/531/510 576/533/512
f 476/532/511 576/533/512 475/534/513
f 475/534/513 576/533/512 575/535/514
f 475/534/513 575/535/514 474/536/515
f 474/536/515 575/535/514 574/537/516
f 474/536/515 574/537/516 473/538/517
f 473/538/517 574/537/516 573/539/518
f 473/538/517 573/539/518 472/540/519
f 472/540/519 573/539/518 572/541/520
f 472/540/519 572/541/520 471/542/521
f 471/542/521 572/541/520 571/543/522
f 471/542/521 571/543/522 470/544/523
f 470/544/523 571/543/522 570/545/524
f 470/544/523 570/545/524 469/546/525
f 469/546/525 570/545/524 569/547/526
f 469/546/525 569/547/526 468/548/527
f 468/548/527 569/547/526 568/549/528
f 468/548/527 568/549/528 467/550/529
f 467/550/529 568/549/528 567/551/530
f 467/550/529 567/551/530 466/552/531
f 466/552/531 567/551/530 566/553/532
f 466/552/531 566/553/532 465/554/533
f 465/554/533 566/553/532 565/555/534
f 465/554/533 565/555/534 464/556/535
f 464/556/535 565/555/534 564/557/536
f 464/556/535 564/557/536 463/558/537
f 463/558/537 564/557/536 563/559/538
f 463/558/537 563/559/538 462/560/539
f 462/560/539 563/559/538 562/561/540
f 462/560/539 562/561/540 461/562/541
f 461/562/541 562/561/540 561/563/542
f 461/562/541 561/563/542 460/564/543
f 460/564/543 561/563/542 560/565/544
f 460/564/543 560/565/544 459/566/545
f 459/566/545 560/565/544 559/567/546
f 459/566/545 559/567/546 458/568/547
f 458/568/547 559/567/546 558/569/548
f 458/568/547 558/569/548 457/570/549
f 457/570/549 558/569/548 557/571/550
f 457/570/549 557/571/550 456/572/551
f 456/572/551 557/571/550 556/573/552
f 456/572/551 556/573/552 455/574/553
f 455/574/553 556/573/552 555/575/554
f 455/574/553 555/575/554 454/576/555
f 454/576/555 555/575/554 554/577/556
f 454/576/555 554/577/556 453/578/557
f 453/578/557 554/577/556 553/579/558
f 453/578/557 553/579/558 452/580/559
f 452/580/559 553/579/558 552/581/560
f 452/580/559 552/581/560 451/582/561
f 451/582/561 552/581/560 551/583/562
f 451/582/561 551/583/562 450/584/563
f 450/584/563 551/583/562 550/585/564
f 450/584/563 550/585/564 449/586/565
f 449/586/565 550/585/564 549/587/566
f 449/586/565 549/587/566 448/588/567
f 448/588/567 549/587/566 548/589/568
f 448/588/567 548/589/568 447/590/569
f 447/590/569 548/589/568 547/591/570
f 447/590/569 547/591/570 446/592/571
f 446/592/571 547/591/570 546/593/572
f 446/592/571 546/593/572 445/594/573
f 445/594/573 546/593/572 545/595/574
f 445/594/573 545/595/574 444/596/575
f 444/596/575 545/595/574 544/597/576
f 444/596/575 544/597/576 443/598/577
f 443/598/577 544/597/576 543/599/578
f 443/598/577 543/599/578 442/600/579
f 442/600/579 543/599/578 542/601/580
f 442/600/579 542/601/580 441/602/581
f 441/602/581 542/601/580 541/603/582
f 441/602/581 541/603/582 440/604/583
f 440/604/583 541/603/582 540/605/584
f 440/604/583 540/605/584 439/606/585
f 439/606/585 540/605/584 539/607/586
f 439/606/585 539/607/586 438/608/587
f 438/608/587 539/607/586 538/609/588
f 438/608/587 538/609/588 437/610/589
f 437/610/589 538/609/588 537/611/590
f 437/610/589 537/611/590 436/510/491
f 436/510/491 537/611/590 536/511/492
f 486/612/591 584/517/496 485/613/592
f 485/613/592 584/517/496 535/515/494
f 485/614/592 535/513/494 534/615/593
f 534/615/593 535/513/494 536/511/492
f 534/615/593 536/511/492 533/616/594
f 533/616/594 536/511/492 537/611/590
f 533/616/594 537/611/590 532/617/595
f 532/617/595 537/611/590 538/609/588
f 532/617/595 538/609/588 531/618/596
f 531/618/596 538/609/588 539/607/586
f 531/618/596 539/607/586 530/619/597
f 530/619/597 539/607/586 540/605/584
f 530/619/597 540/605/584 529/620/598
f 529/620/598 540/605/584 541/603/582
f 529/620/598 541/603/582 528/621/599
f 528/621/599 541/603/582 542/601/580
f 528/621/599 542/601/580 527/622/600
f 527/622/600 542/601/580 543/599/578
f 527/622/600 543/599/578 526/623/601
f 526/623/601 543/599/578 544/597/576
f 526/623/601 544/597/576 525/624/602
f 525/624/602 544/597/576 545/595/574
f 525/624/602 545/595/574 524/625/603
f 524/625/603 545/595/574 546/593/572
f 524/625/603 546/593/572 523/626/604
f 523/626/604 546/593/572 547/591/570
f 523/626/604 547/591/570 522/627/605
f 522/627/605 547/591/570 548/589/568
f 522/627/605 548/589/568 521/628/606
f 521/628/606 548/589/568 549/587/566
f 521/628/606 549/587/566 520/629/607
f 520/629/607 549/587/566 550/585/564
f 520/629/607 550/585/564 519/630/608
f 519/630/608 550/585/564 551/583/562
f 519/630/608 551/583/562 518/631/609
f 518/631/609 551/583/562 552/581/560
f 518/631/609 552/581/560 517/632/610
f 517/632/610 552/581/560 553/579/558
f 517/632/610 553/579/558 516/633/611
f 516/633/611 553/579/558 554/577/556
f 516/633/611 554/577/556 515/634/612
f 515/634/612 554/577/556 555/575/554
f 515/634/612 555/575/554 514/635/613
f 514/635/613 555/575/554 556/573/552
f 514/635/613 556/573/552 513/636/614
f 513/636/614 556/573/552 557/571/550
f 513/636/614 557/571/550 512/637/615
f 512/637/615 557/571/550 558/569/548
f 512/637/615 558/569/548 511/638/616
f 511/638/616 558/569/548 559/567/546
f 511/638/616 559/567/546 510/639/617
f 510/639/617 559/567/546 560/565/544
f 510/639/617 560/565/544 509/640/618
f 509/640/618 560/565/544 561/563/542
f 509/640/618 561/563/542 508/641/619
f 508/641/619 561/563/542 562/561/540
f 508/641/619 562/561/540 507/642/620
f 507/642/620 562/561/540 563/559/538
f 507/642/620 563/559/538 506/643/621
f 506/643/621 563/559/538 564/557/536
f 506/643/621 564/557/536 505/644/622
f 505/644/622 564/557/536 565/555/534
f 505/644/622 565/555/534 504/645/623
f 504/645/623 565/555/534 566/553/532
f 504/645/623 566/553/532 503/646/624
f 503/646/624 566/553/532 567/551/530
f 503/646/624 567/551/530 502/647/625
f 502/647/625 567/551/530 568/549/528
f 502/647/625 568/549/528 501/648/626
f 501/648/626 568/549/528 569/547/526
f 501/648/626 569/547/526 500/649/627
f 500/649/627 569/547/526 570/545/524
f 500/649/627 570/545/524 499/650/628
f 499/650/628 570/545/524 571/543/522
f 499/650/628 571/543/522 498/651/629
f 498/651/629 571/543/522 572/541/520
f 498/651/629 572/541/520 497/652/630
f 497/652/630 572/541/520 573/539/518
f 497/652/630 573/539/518 496/653/631
f 496/653/631 573/539/518 574/537/516
f 496/653/631 574/537/516 495/654/632
f 495/654/632 574/537/516 575/535/514
f 495/654/632 575/535/514 494/655/633
f 494/655/633 575/535/514 576/533/512
f 494/655/633 576/533/512 493/656/634
f 493/656/634 576/533/512 577/531/510
f 493/656/634 577/531/510 492/657/635
f 492/657/635 577/531/510 578/529/508
f 492/657/635 578/529/508 491/658/636
f 491/658/636 578/529/508 579/527/506
f 491/658/636 579/527/506 490/659/637
f 490/659/637 579/527/506 580/525/504
f 490/659/637 580/525/504 489/660/638
f 489/660/638 580/525/504 581/523/502
f 489/660/638 581/523/502 488/661/639
f 488/661/639 581/523/502 582/521/500
f 488/661/639 582/521/500 487/662/640
f 487/662/640 582/521/500 583/519/498
f 487/662/640 583/519/498 486/612/591
f 486/612/591 583/519/498 584/517/496
f 586/663/641 686/664/642 585/665/643
f 585/665/643 686/664/642 685/666/644
f 585/667/643 685/668/644 634/669/645
f 634/669/645 685/668/644 734/670/646
f 634/669/645 734/670/646 633/671/647
f 633/671/647 734/670/646 733/672/648
f 633/671/647 733/672/648 632/673/649
f 632/673/649 733/672/648 732/674/650
f 632/673/649 732/674/650 631/675/651
f 631/675/651 732/674/650 731/676/652
f 631/675/651 731/676/652 630/677/653
f 630/677/653 731/676/652 730/678/654
f 630/677/653 730/678/654 629/679/655
f 629/679/655 730/678/654 729/680/656
f 629/679/655 729/680/656 628/681/657
f 628/681/657 729/680/656 728/682/658
f 628/681/657 728/682/658 627/683/659
f 627/683/659 728/682/658 727/684/660
f 627/683/659 727/684/660 626/685/661
f 626/685/661 727/684/660 726/686/662
f 626/685/661 726/686/662 625/687/663
f 625/687/663 726/686/662 725/688/664
f 625/687/663 725/688/664 624/689/665
f 624/689/665 725/688/664 724/690/666
f 624/689/665 724/690/666 623/691/667
f 623/691/667 724/690/666 723/692/668
f 623/691/667 723/692/668 622/693/669
f 622/693/669 723/692/668 722/694/670
f 622/693/669 722/694/670 621/695/671
f 621/695/671 722/694/670 721/696/672
f 621/695/671 721/696/672 620/697/673
f 620/697/673 721/696/672 720/698/674
f 620/697/673 720/698/674 619/699/675
f 619/699/675 720/698/674 719/700/676
f 619/699/675 719/700/676 618/701/677
f 618/701/677 719/700/676 718/702/678
f 618/701/677 718/702/678 617/703/679
f 617/703/679 718/702/678 717/704/680
f 617/703/679 717/704/680 616/705/681
f 616/705/681 717/704/680 716/706/682
f 616/705/681 716/706/682 615/707/683
f 615/707/683 716/706/682 715/708/684
f 615/707/683 715/708/684 614/709/685
f 614/709/685 715/708/684 714/710/686
f 614/709/685 714/710/686 613/711/687
f 613/711/687 714/710/686 713/712/688
f 613/711/687 713/712/688 612/713/689
f 612/713/689 713/712/688 712/714/690
f 612/713/689 712/714/690 611/715/691
f 611/715/691 712/714/690 711/716/692
f 611/715/691 711/716/692 610/717/693
f 610/717/693 711/716/692 710/718/694
f 610/717/693 710/718/694 609/719/695
f 609/719/695 710/718/694 709/720/696
f 609/719/695 709/720/696 608/721/697
f 608/721/697 709/720/696 708/722/698
f 608/721/697 708/722/698 607/723/699
f 607/723/699 708/722/698 707/724/700
f 607/723/699 707/724/700 606/725/701
f 606/725/701 707/724/700 706/726/702
f 606/725/701 706/726/702 605/727/703
f 605/727/703 706/726/702 705/728/704
f 605/727/703 705/728/704 604/729/705
f 604/729/705 705/728/704 704/730/706
f 604/729/705 704/730/706 603/731/707
f 603/731/707 704/730/706 703/732/708
f 603/731/707 703/732/708 602/733/709
f 602/733/709 703/732/708 702/734/710
f 602/733/709 702/734/710 601/735/711
f 601/735/711 702/734/710 701/736/712
f 601/735/711 701/736/712 600/737/713
f 600/737/713 701/736/712 700/738/714
f 600/737/713 700/738/714 599/739/715
f 599/739/715 700/738/714 699/740/716
f 599/739/715 699/740/716 598/741/717
f 598/741/717 699/740/716 698/742/718
f 598/741/717 698/742/718 597/743/719
f 597/743/719 698/742/718 697/744/720
f 597/743/719 697/744/720 596/745/721
f 596/745/721 697/744/720 696/746/722
f 596/745/721 696/746/722 595/747/723
f 595/747/723 696/746/722 695/748/724
f 595/747/723 695/748/724 594/749/725
f 594/749/725 695/748/724 694/750/726
f 594/749/725 694/750/726 593/751/727
f 593/751/727 694/750/726 693/752/728
f 593/751/727 693/752/728 592/753/729
f 592/753/729 693/752/728 692/754/730
f 592/753/729 692/754/730 591/755/731
f 591/755/731 692/754/730 691/756/732
f 591/755/731 691/756/732 590/757/733
f 590/757/733 691/756/732 690/758/734
f 590/757/733 690/758/734 589/759/735
f 589/759/735 690/758/734 689/760/736
f 589/759/735 689/760/736 588/761/737
f 588/761/737 689/760/736 688/762/738
f 588/761/737 688/762/738 587/763/739
f 587/763/739 688/762/738 687/764/740
f 587/763/739 687/764/740 586/663/641
f 586/663/641 687/764/740 686/664/642
f 636/765/741 734/670/646 635/766/742
f 635/766/742 734/670/646 685/668/644
f 635/767/742 685/666/644 684/768/743
f 684/768/743 685/666/644 686/664/642
f 684/768/743 686/664/642 683/769/744
f 683/769/744 686/664/642 687/764/740
f 683/769/744 687/764/740 682/770/745
f 682/770/745 687/764/740 688/762/738
f 682/770/745 688/762/738 681/771/746
f 681/771/746 688/762/738 689/760/736
f 681/771/746 689/760/736 680/772/747
f 680/772/747 689/760/736 690/758/734
f 680/772/747 690/758/734 679/773/748
f 679/773/748 690/758/734 691/756/732
f 679/773/748 691/756/732 678/774/749
f 678/774/749 691/756/732 692/754/730
f 678/774/749 692/754/730 677/775/750
f 677/775/750 692/754/730 693/752/728
f 677/775/750 693/752/728 676/776/751
f 676/776/751 693/752/728 694/750/726
f 676/776/751 694/750/726 675/777/752
f 675/777/752 694/750/726 695/748/724
f 675/777/752 695/748/724 674/778/753
f 674/778/753 695/748/724 696/746/722
f 674/778/753 696/746/722 673/779/754
f 673/779/754 696/746/722 697/744/720
f 673/779/754 697/744/720 672/780/755
f 672/780/755 697/744/720 698/742/718
f 672/780/755 698/742/718 671/781/756
f 671/781/756 698/742/718 699/740/716
f 671/781/756 699/740/716 670/782/757
f 670/782/757 699/740/716 700/738/714
f 670/782/757 700/738/714 669/783/758
f 669/783/758 700/738/714 701/736/712
f 669/783/758 701/736/712 668/784/759
f 668/784/759 701/736/712 702/734/710
f 668/784/759 702/734/710 667/785/760
f 667/785/760 702/734/710 703/732/708
f 667/785/760 703/732/708 666/786/761
f 666/786/761 703/732/708 704/730/706
f 666/786/761 704/730/706 665/787/762
f 665/787/762 704/730/706 705/728/704
f 665/787/762 705/728/704 664/788/763
f 664/788/763 705/728/704 706/726/702
f 664/788/763 706/726/702 663/789/764
f 663/789/764 706/726/702 707/724/700
f 663/789/764 707/724/700 662/790/765
f 662/790/765 707/724/700 708/722/698
f 662/790/765 708/722/698 661/791/766
f 661/791/766 708/722/698 709/720/696
f 661/791/766 709/720/696 660/792/767
f 660/792/767 709/720/696 710/718/694
f 660/792/767 710/718/694 659/793/768
f 659/793/768 710/718/694 711/716/692
f 659/793/768 711/716/692 658/794/769
f 658/794/769 711/716/692 712/714/690
f 658/794/769 712/714/690 657/795/770
f 657/795/770 712/714/690 713/712/688
f 657/795/770 713/712/688 656/796/771
f 656/796/771 713/712/688 714/710/686
f 656/796/771 714/710/686 655/797/772
f 655/797/772 714/710/686 715/708/684
f 655/797/772 715/708/684 654/798/773
f 654/798/773 715/708/684 716/706/682
f 654/798/773 716/706/682 653/799/774
f 653/799/774 716/706/682 717/704/680
f 653/799/774 717/704/680 652/800/775
f 652/800/775 717/704/680 718/702/678
f 652/800/775 718/702/678 651/801/776
f 651/801/776 718/702/678 719/700/676
f 651/801/776 719/700/676 650/802/777
f 650/802/777 719/700/676 720/698/674
f 650/802/777 720/698/674 649/803/778
f 649/803/778 720/698/674 721/696/672
f 649/803/778 721/696/672 648/804/779
f 648/804/779 721/696/672 722/694/670
f 648/804/779 722/694/670 647/805/780
f 647/805/780 722/694/670 723/692/668
f 647/805/780 723/692/668 646/806/781
f 646/806/781 723/692/668 724/690/666
f 646/806/781 724/690/666 645/807/782
f 645/807/782 724/690/666 725/688/664
f 645/807/782 725/688/664 644/808/783
f 644/808/783 725/688/664 726/686/662
f 644/808/783 726/686/662 643/809/784
f 643/809/784 726/686/662 727/684/660
f 643/809/784 727/684/660 642/810/785
f 642/810/785 727/684/660 728/682/658
f 642/810/785 728/682/658 641/811/786
f 641/811/786 728/682/658 729/680/656
f 641/811/786 729/680/656 640/812/787
f 640/812/787 729/680/656 730/678/654
f 640/812/787 730/678/654 639/813/788
f 639/813/788 730/678/654 731/676/652
f 639/813/788 731/676/652 638/814/789
f 638/814/789 731/676/652 732/674/650
f 638/814/789 732/674/650 637/815/790
f 637/815/790 732/674/650 733/672/648
f 637/815/790 733/672/648 636/765/741
f 636/765/741 733/672/648 734/670/646
f 736/816/791 836/817/792 735/818/793
f 735/818/793 836/817/792 835/819/794
f 735/820/793 835/821/794 784/822/795
f 784/822/795 835/821/794 884/823/796
f 784/822/795 884/823/796 783/824/797
f 783/824/797 884/823/796 883/825/798
f 783/824/797 883/825/798 782/826/799
f 782/826/799 883/825/798 882/827/800
f 782/826/799 882/827/800 781/828/801
f 781/828/801 882/827/800 881/829/802
f 781/828/801 881/829/802 780/830/803
f 780/830/803 881/829/802 880/831/804
f 780/830/803 880/831/804 779/832/805
f 779/832/805 880/831/804 879/833/806
f 779/832/805 879/833/806 778/834/807
f 778/834/807 879/833/806 878/835/808
f 778/834/807 878/835/808 777/836/809
f 777/836/809 878/835/808 877/837/810
f 777/836/809 877/837/810 776/838/811
f 776/838/811 877/837/810 876/839/812
f 776/838/811 876/839/812 775/840/813
f 775/840/813 876/839/812 875/841/814
f 775/840/813 875/841/814 774/842/815
f 774/842/815 875/841/814 874/843/816
f 774/842/815 874/843/816 773/844/817
f 773/844/817 874/843/816 873/845/818
f 773/844/817 873/845/818 772/846/819
f 772/846/819 873/845/818 872/847/820
f 772/846/819 872/847/820 771/848/821
f 771/848/821 872/847/820 871/849/822
f 771/848/821 871/849/822 770/850/823
f 770/850/823 871/849/822 870/851/824
f 770/850/823 870/851/824 769/852/825
f 769/852/825 870/851/824 869/853/826
f 769/852/825 869/853/826 768/854/827
f 768/854/827 869/853/826 868/855/828
f 768/854/827 868/855/828 767/856/829
f 767/856/829 868/855/828 867/857/830
f 767/856/829 867/857/830 766/858/831
f 766/858/831 867/857/830 866/859/832
f 766/858/831 866/859/832 765/860/833
f 765/860/833 866/859/832 865/861/834
f 765/860/833 865/861/834 764/862/835
f 764/862/835 865/861/834 864/863/836
f 764/862/835 864/863/836 763/864/837
f 763/864/837 864/863/836 863/865/838
f 763/864/837 863/865/838 762/866/839
f 762/866/839 863/865/838 862/867/840
f 762/866/839 862/867/840 761/868/841
f 761/868/841 862/867/840 861/869/842
f 761/868/841 861/869/842 760/870/843
f 760/870/843 861/869/842 860/871/844
f 760/870/843 860/871/844 759/872/845
f 759/872/845 860/871/844 859/873/846
f 759/872/845 859/873/846 758/874/847
f 758/874/847 859/873/846 858/875/848
f 758/874/847 858/875/848 757/876/849
f 757/876/849 858/875/848 857/877/850
f 757/876/849 857/877/850 756/878/851
f 756/878/851 857/877/850 856/879/852
f 756/878/851 856/879/852 755/880/853
f 755/880/853 856/879/852 855/881/854
f 755/880/853 855/881/854 754/882/855
f 754/882/855 855/881/854 854/883/856
f 754/882/855 854/883/856 753/884/857
f 753/884/857 854/883/856 853/885/858
f 753/884/857 853/885/858 752/886/859
f 752/886/859 853/885/858 852/887/860
f 752/886/859 852/887/860 751/888/861
f 751/888/861 852/887/860 851/889/862
f 751/888/861 851/889/862 750/890/863
f 750/890/863 851/889/862 850/891/864
f 750/890/863 850/891/864 749/892/865
f 749/892/865 850/891/864 849/893/866
f 749/892/865 849/893/866 748/894/867
f 748/894/867 849/893/866 848/895/868
f 748/894/867 848/895/868 747/896/869
f 747/896/869 848/895/868 847/897/870
f 747/896/869 847/897/870 746/898/871
f 746/898/871 847/897/870 846/899/872
f 746/898/871 846/899/872 745/900/873
f 745/900/873 846/899/872 845/901/874
f 745/900/873 845/901/874 744/902/875
f 744/902/875 845/901/874 844/903/876
f 744/902/875 844/903/876 743/904/877
f 743/904/877 844/903/876 843/905/878
f 743/904/877 843/905/878 742/906/879
f 742/906/879 843/905/878 842/907/880
f 742/906/879 842/907/880 741/908/881
f 741/908/881 842/907/880 841/909/882
f 741/908/881 841/909/882 740/910/883
f 740/910/883 841/909/882 840/911/884
f 740/910/883 840/911/884 739/912/885
f 739/912/885 840/911/884 839/913/886
f 739/912/885 839/913/886 738/914/887
f 738/914/887 839/913/886 838/915/888
f 738/914/887 838/915/888 737/916/889
f 737/916/889 838/915/888 837/917/890
f 737/916/889 837/917/890 736/816/791
f 736/816/791 837/917/890 836/817/792
f 786/918/891 884/823/796 785/919/892
f 785/919/892 884/823/796 835/821/794
f 785/920/892 835/819/794 834/921/893
f 834/921/893 835/819/794 836/817/792
f 834/921/893 836/817/792 833/922/894
f 833/922/894 836/817/792 837/917/890
f 833/922/894 837/917/890 832/923/895
f 832/923/895 837/917/890 838/915/888
f 832/923/895 838/915/888 831/924/896
f 831/924/896 838/915/888 839/913/886
f 831/924/896 839/913/886 830/925/897
f 830/925/897 839/913/886 840/911/884
f 830/925/897 840/911/884 829/926/898
f 829/926/898 840/911/884 841/909/882
f 829/926/898 841/909/882 828/927/899
f 828/927/899 841/909/882 842/907/880
f 828/927/899 842/907/880 827/928/900
f 827/928/900 842/907/880 843/905/878
f 827/928/900 843/905/878 826/929/901
f 826/929/901 843/905/878 844/903/876
f 826/929/901 844/903/876 825/930/902
f 825/930/902 844/903/876 845/901/874
f 825/930/902 845/901/874 824/931/903
f 824/931/903 845/901/874 846/899/872
f 824/931/903 846/899/872 823/932/904
f 823/932/904 846/899/872 847/897/870
f 823/932/904 847/897/870 822/933/905
f 822/933/905 847/897/870 848/895/868
f 822/933/905 848/895/868 821/934/906
f 821/934/906 848/895/868 849/893/866
f 821/934/906 849/893/866 820/935/907
f 820/935/907 849/893/866 850/891/864
f 820/935/907 850/891/864 819/936/908
f 819/936/908 850/891/864 851/889/862
f 819/936/908 851/889/862 818/937/909
f 818/937/909 851/889/862 852/887/860
f 818/937/909 852/887/860 817/938/910
f 817/938/910 852/887/860 853/885/858
f 817/938/910 853/885/858 816/939/911
f 816/939/911 853/885/858 854/883/856
f 816/939/911 854/883/856 815/940/912
f 815/940/912 854/883/856 855/881/854
f 815/940/912 855/881/854 814/941/913
f 814/941/913 855/881/854 856/879/852
f 814/941/913 856/879/852 813/942/914
f 813/942/914 856/879/852 857/877/850
f 813/942/914 857/877/850 812/943/915
f 812/943/915 857/877/850 858/875/848
f 812/943/915 858/875/848 811/944/916
f 811/944/916 858/875/848 859/873/846
f 811/944/916 859/873/846 810/945/917
f 810/945/917 859/873/846 860/871/844
f 810/945/917 860/871/844 809/946/918
f 809/946/918 860/871/844 861/869/842
f 809/946/918 861/869/842 808/947/919
f 808/947/919 861/869/842 862/867/840
f 808/947/919 862/867/840 807/948/920
f 807/948/920 862/867/840 863/865/838
f 807/948/920 863/865/838 806/949/921
f 806/949/921 863/865/838 864/863/836
f 806/949/921 864/863/836 805/950/922
f 805/950/922 864/863/836 865/861/834
f 805/950/922 865/861/834 804/951/923
f 804/951/923 865/861/834 866/859/832
f 804/951/923 866/859/832 803/952/924
f 803/952/924 866/859/832 867/857/830
f 803/952/924 867/857/830 802/953/925
f 802/953/925 867/857/830 868/855/828
f 802/953/925 868/855/828 801/954/926
f 801/954/926 868/855/828 869/853/826
f 801/954/926 869/853/826 800/955/927
f 800/955/927 869/853/826 870/851/824
f 800/955/927 870/851/824 799/956/928
f 799/956/928 870/851/824 871/849/822
f 799/956/928 871/849/822 798/957/929
f 798/957/929 871/849/822 872/847/820
f 798/957/929 872/847/820 797/958/930
f 797/958/930 872/847/820 873/845/818
f 797/958/930 873/845/818 796/959/931
f 796/959/931 873/845/818 874/843/816
f 796/959/931 874/843/816 795/960/932
f 795/960/932 874/843/816 875/841/814
f 795/960/932 875/841/814 794/961/933
f 794/961/933 875/841/814 876/839/812
f 794/961/933 876/839/812 793/962/934
f 793/962/934 876/839/812 877/837/810
f 793/962/934 877/837/810 792/963/935
f 792/963/935 877/837/810 878/835/808
f 792/963/935 878/835/808 791/964/936
f 791/964/936 878/835/808 879/833/806
f 791/964/936 879/833/806 790/965/937
f 790/965/937 879/833/806 880/831/804
f 790/965/937 880/831/804 789/966/938
f 789/966/938 880/831/804 881/829/802
f 789/966/938 881/829/802 788/967/939
f 788/967/939 881/829/802 882/827/800
f 788/967/939 882/827/800 787/968/940
f 787/968/940 882/827/800 883/825/798
f 787/968/940 883/825/798 786/918/891
f 786/918/891 883/825/798 884/823/796
f 286/969/941 285/970/942 888/971/943
f 888/971/943 285/970/942 334/972/944
f 888/971/943 334/972/944 333/973/945
f 333/973/945 332/974/946 888/971/943
f 888/971/943 332/974/946 887/975/947
f 887/975/947 332/974/946 438/976/948
f 887/975/947 438/976/948 437/977/949
f 438/976/948 332/974/946 439/978/950
f 439/978/950 332/974/946 331/979/951
f 439/978/950 331/979/951 330/980/952
f 439/978/950 330/980/952 440/981/953
f 440/981/953 330/980/952 329/982/954
f 440/981/953 329/982/954 441/983/955
f 441/983/955 329/982/954 328/984/956
f 441/983/955 328/984/956 442/985/957
f 442/985/957 328/984/956 327/986/958
f 442/985/957 327/986/958 443/987/959
f 443/987/959 327/986/958 326/988/960
f 443/987/959 326/988/960 444/989/961
f 444/989/961 326/988/960 325/990/962
f 444/989/961 325/990/962 445/991/963
f 445/991/963 325/990/962 892/992/964
f 445/991/963 892/992/964 889/993/965
f 325/990/962 324/994/966 892/992/964
f 892/992/964 324/994/966 323/995/967
f 892/992/964 323/995/967 322/996/968
f 322/996/968 321/997/969 892/992/964
f 892/992/964 321/997/969 320/998/970
f 892/992/964 320/998/970 319/999/971
f 319/999/971 318/1000/972 892/992/964
f 892/992/964 318/1000/972 317/1001/973
f 892/992/964 317/1001/973 316/1002/974
f 316/1002/974 315/1003/975 892/992/964
f 892/992/964 315/1003/975 314/1004/976
f 892/992/964 314/1004/976 313/1005/977
f 313/1005/977 312/1006/978 892/992/964
f 892/992/964 312/1006/978 311/1007/979
f 892/992/964 311/1007/979 310/1008/980
f 310/1008/980 309/1009/981 892/992/964
f 892/992/964 309/1009/981 308/1010/982
f 892/992/964 308/1010/982 587/1011/983
f 587/1011/983 308/1010/982 588/1012/984
f 588/1012/984 308/1010/982 307/1013/985
f 588/1012/984 307/1013/985 589/1014/986
f 589/1014/986 307/1013/985 306/1015/987
f 589/1014/986 306/1015/987 590/1016/988
f 590/1016/988 306/1015/987 305/1017/989
f 590/1016/988 305/1017/989 591/1018/990
f 591/1018/990 305/1017/989 304/1019/991
f 591/1018/990 304/1019/991 592/1020/992
f 592/1020/992 304/1019/991 303/1021/993
f 592/1020/992 303/1021/993 593/1022/994
f 593/1022/994 303/1021/993 302/1023/995
f 593/1022/994 302/1023/995 594/1024/996
f 594/1024/996 302/1023/995 301/1025/997
f 594/1024/996 301/1025/997 885/1026/998
f 885/1026/998 301/1025/997 888/971/943
f 888/971/943 301/1025/997 300/1027/999
f 888/971/943 300/1027/999 299/1028/1000
f 299/1028/1000 298/1029/1001 888/971/943
f 888/971/943 298/1029/1001 297/1030/1002
f 888/971/943 297/1030/1002 296/1031/1003
f 296/1031/1003 295/1032/1004 888/971/943
f 888/971/943 295/1032/1004 294/1033/1005
f 888/971/943 294/1033/1005 293/1034/1006
f 293/1034/1006 292/1035/1007 888/971/943
f 888/971/943 292/1035/1007 291/1036/1008
f 888/971/943 291/1036/1008 290/1037/1009
f 290/1037/1009 289/1038/1010 888/971/943
f 888/971/943 289/1038/1010 288/1039/1011
f 888/971/943 288/1039/1011 287/1040/1012
f 287/1040/1012 286/969/941 888/971/943
f 436/1041/1013 435/1042/1014 887/975/947
f 887/975/947 435/1042/1014 484/1043/1015
f 887/975/947 484/1043/1015 483/1044/1016
f 483/1044/1016 482/1045/1017 887/975/947
f 887/975/947 482/1045/1017 481/1046/1018
f 887/975/947 481/1046/1018 480/1047/1019
f 480/1047/1019 479/1048/1020 887/975/947
f 887/975/947 479/1048/1020 478/1049/1021
f 887/975/947 478/1049/1021 477/1050/1022
f 477/1050/1022 476/1051/1023 887/975/947
f 887/975/947 476/1051/1023 475/1052/1024
f 887/975/947 475/1052/1024 474/1053/1025
f 474/1053/1025 473/1054/1026 887/975/947
f 887/975/947 473/1054/1026 472/1055/1027
f 887/975/947 472/1055/1027 471/1056/1028
f 471/1056/1028 470/1057/1029 887/975/947
f 887/975/947 470/1057/1029 469/1058/1030
f 887/975/947 469/1058/1030 776/1059/1031
f 776/1059/1031 469/1058/1030 777/1060/1032
f 777/1060/1032 469/1058/1030 468/1061/1033
f 777/1060/1032 468/1061/1033 778/1062/1034
f 778/1062/1034 468/1061/1033 467/1063/1035
f 778/1062/1034 467/1063/1035 779/1064/1036
f 779/1064/1036 467/1063/1035 466/1065/1037
f 779/1064/1036 466/1065/1037 780/1066/1038
f 780/1066/1038 466/1065/1037 465/1067/1039
f 780/1066/1038 465/1067/1039 781/1068/1040
f 781/1068/1040 465/1067/1039 464/1069/1041
f 781/1068/1040 464/1069/1041 782/1070/1042
f 782/1070/1042 464/1069/1041 463/1071/1043
f 782/1070/1042 463/1071/1043 783/1072/1044
f 783/1072/1044 463/1071/1043 462/1073/1045
f 783/1072/1044 462/1073/1045 890/1074/1046
f 890/1074/1046 462/1073/1045 889/993/965
f 889/993/965 462/1073/1045 461/1075/1047
f 889/993/965 461/1075/1047 460/1076/1048
f 460/1076/1048 459/1077/1049 889/993/965
f 889/993/965 459/1077/1049 458/1078/1050
f 889/993/965 458/1078/1050 457/1079/1051
f 457/1079/1051 456/1080/1052 889/993/965
f 889/993/965 456/1080/1052 455/1081/1053
f 889/993/965 455/1081/1053 454/1082/1054
f 454/1082/1054 453/1083/1055 889/993/965
f 889/993/965 453/1083/1055 452/1084/1056
f 889/993/965 452/1084/1056 451/1085/1057
f 451/1085/1057 450/1086/1058 889/993/965
f 889/993/965 450/1086/1058 449/1087/1059
f 889/993/965 449/1087/1059 448/1088/1060
f 448/1088/1060 447/1089/1061 889/993/965
f 889/993/965 447/1089/1061 446/1090/1062
f 889/993/965 446/1090/1062 445/991/963
f 437/977/949 436/1041/1013 887/975/947
f 586/1091/1063 585/1092/1064 891/1093/1065
f 891/1093/1065 585/1092/1064 634/1094/1066
f 891/1093/1065 634/1094/1066 633/1095/1067
f 633/1095/1067 632/1096/1068 891/1093/1065
f 891/1093/1065 632/1096/1068 631/1097/1069
f 891/1093/1065 631/1097/1069 630/1098/1070
f 630/1098/1070 629/1099/1071 891/1093/1065
f 891/1093/1065 629/1099/1071 628/1100/1072
f 891/1093/1065 628/1100/1072 627/1101/1073
f 627/1101/1073 626/1102/1074 891/1093/1065
f 891/1093/1065 626/1102/1074 625/1103/1075
f 891/1093/1065 625/1103/1075 624/1104/1076
f 624/1104/1076 623/1105/1077 891/1093/1065
f 891/1093/1065 623/1105/1077 622/1106/1078
f 891/1093/1065 622/1106/1078 621/1107/1079
f 621/1107/1079 620/1108/1080 891/1093/1065
f 891/1093/1065 620/1108/1080 750/1109/1081
f 891/1093/1065 750/1109/1081 890/1074/1046
f 890/1074/1046 750/1109/1081 749/1110/1082
f 890/1074/1046 749/1110/1082 748/1111/1083
f 750/1109/1081 620/1108/1080 751/1112/1084
f 751/1112/1084 620/1108/1080 619/1113/1085
f 751/1112/1084 619/1113/1085 752/1114/1086
f 752/1114/1086 619/1113/1085 618/1115/1087
f 752/1114/1086 618/1115/1087 753/1116/1088
f 753/1116/1088 618/1115/1087 617/1117/1089
f 753/1116/1088 617/1117/1089 754/1118/1090
f 754/1118/1090 617/1117/1089 616/1119/1091
f 754/1118/1090 616/1119/1091 755/1120/1092
f 755/1120/1092 616/1119/1091 615/1121/1093
f 755/1120/1092 615/1121/1093 756/1122/1094
f 756/1122/1094 615/1121/1093 614/1123/1095
f 756/1122/1094 614/1123/1095 613/1124/1096
f 612/1125/1097 885/1026/998 613/1124/1096
f 613/1124/1096 885/1026/998 886/1126/1098
f 613/1124/1096 886/1126/1098 757/1127/1099
f 757/1127/1099 886/1126/1098 758/1128/1100
f 758/1128/1100 886/1126/1098 759/1129/1101
f 759/1129/1101 886/1126/1098 760/1130/1102
f 760/1130/1102 886/1126/1098 761/1131/1103
f 761/1131/1103 886/1126/1098 762/1132/1104
f 762/1132/1104 886/1126/1098 763/1133/1105
f 763/1133/1105 886/1126/1098 764/1134/1106
f 764/1134/1106 886/1126/1098 765/1135/1107
f 765/1135/1107 886/1126/1098 766/1136/1108
f 766/1136/1108 886/1126/1098 767/1137/1109
f 767/1137/1109 886/1126/1098 768/1138/1110
f 768/1138/1110 886/1126/1098 769/1139/1111
f 769/1139/1111 886/1126/1098 770/1140/1112
f 770/1140/1112 886/1126/1098 771/1141/1113
f 771/1141/1113 886/1126/1098 772/1142/1114
f 772/1142/1114 886/1126/1098 773/1143/1115
f 773/1143/1115 886/1126/1098 774/1144/1116
f 774/1144/1116 886/1126/1098 775/1145/1117
f 775/1145/1117 886/1126/1098 776/1059/1031
f 776/1059/1031 886/1126/1098 887/975/947
f 612/1125/1097 611/1146/1118 885/1026/998
f 885/1026/998 611/1146/1118 610/1147/1119
f 885/1026/998 610/1147/1119 609/1148/1120
f 609/1148/1120 608/1149/1121 885/1026/998
f 885/1026/998 608/1149/1121 607/1150/1122
f 885/1026/998 607/1150/1122 606/1151/1123
f 606/1151/1123 605/1152/1124 885/1026/998
f 885/1026/998 605/1152/1124 604/1153/1125
f 885/1026/998 604/1153/1125 603/1154/1126
f 603/1154/1126 602/1155/1127 885/1026/998
f 885/1026/998 602/1155/1127 601/1156/1128
f 885/1026/998 601/1156/1128 600/1157/1129
f 600/1157/1129 599/1158/1130 885/1026/998
f 885/1026/998 599/1158/1130 598/1159/1131
f 885/1026/998 598/1159/1131 597/1160/1132
f 597/1160/1132 596/1161/1133 885/1026/998
f 885/1026/998 596/1161/1133 595/1162/1134
f 885/1026/998 595/1162/1134 594/1024/996
f 892/992/964 587/1011/983 891/1093/1065
f 891/1093/1065 587/1011/983 586/1091/1063
f 736/1163/1135 735/1164/1136 890/1074/1046
f 890/1074/1046 735/1164/1136 784/1165/1137
f 890/1074/1046 784/1165/1137 783/1072/1044
f 757/1127/1099 756/1122/1094 613/1124/1096
f 748/1111/1083 747/1166/1138 890/1074/1046
f 890/1074/1046 747/1166/1138 746/1167/1139
f 890/1074/1046 746/1167/1139 745/1168/1140
f 745/1168/1140 744/1169/1141 890/1074/1046
f 890/1074/1046 744/1169/1141 743/1170/1142
f 890/1074/1046 743/1170/1142 742/1171/1143
f 742/1171/1143 741/1172/1144 890/1074/1046
f 890/1074/1046 741/1172/1144 740/1173/1145
f 890/1074/1046 740/1173/1145 739/1174/1146
f 739/1174/1146 738/1175/1147 890/1074/1046
f 890/1074/1046 738/1175/1147 737/1176/1148
f 890/1074/1046 737/1176/1148 736/1163/1135
f 887/1177/1149 886/1178/1150 894/1179/1151
f 894/1179/1151 886/1178/1150 893/1180/1152
f 888/1181/1153 887/1182/1154 895/1183/1155
f 895/1183/1155 887/1182/1154 894/1184/1156
f 885/1185/1157 888/1186/1158 896/1187/1159
f 896/1187/1159 888/1186/1158 895/1188/1160
f 886/1189/1161 885/1190/1162 893/1191/1163
f 893/1191/1163 885/1190/1162 896/1192/1164
f 336/1193/1165 335/1194/1166 895/1195/1167
f 895/1195/1167 335/1194/1166 384/1196/1168
f 895/1195/1167 384/1196/1168 383/1197/1169
f 383/1197/1169 382/1198/1170 895/1195/1167
f 895/1195/1167 382/1198/1170 381/1199/1171
f 895/1195/1167 381/1199/1171 380/1200/1172
f 380/1200/1172 379/1201/1173 895/1195/1167
f 895/1195/1167 379/1201/1173 378/1202/1174
f 895/1195/1167 378/1202/1174 377/1203/1175
f 377/1203/1175 376/1204/1176 895/1195/1167
f 895/1195/1167 376/1204/1176 375/1205/1177
f 895/1195/1167 375/1205/1177 374/1206/1178
f 374/1206/1178 373/1207/1179 895/1195/1167
f 895/1195/1167 373/1207/1179 372/1208/1180
f 895/1195/1167 372/1208/1180 371/1209/1181
f 371/1209/1181 370/1210/1182 895/1195/1167
f 895/1195/1167 370/1210/1182 369/1211/1183
f 895/1195/1167 369/1211/1183 676/1212/1184
f 676/1212/1184 369/1211/1183 677/1213/1185
f 677/1213/1185 369/1211/1183 368/1214/1186
f 677/1213/1185 368/1214/1186 678/1215/1187
f 678/1215/1187 368/1214/1186 367/1216/1188
f 678/1215/1187 367/1216/1188 679/1217/1189
f 679/1217/1189 367/1216/1188 366/1218/1190
f 679/1217/1189 366/1218/1190 680/1219/1191
f 680/1219/1191 366/1218/1190 365/1220/1192
f 680/1219/1191 365/1220/1192 681/1221/1193
f 681/1221/1193 365/1220/1192 364/1222/1194
f 681/1221/1193 364/1222/1194 682/1223/1195
f 682/1223/1195 364/1222/1194 363/1224/1196
f 682/1223/1195 363/1224/1196 683/1225/1197
f 683/1225/1197 363/1224/1196 362/1226/1198
f 683/1225/1197 362/1226/1198 684/1227/1199
f 684/1227/1199 362/1226/1198 361/1228/1200
f 684/1227/1199 361/1228/1200 635/1229/1201
f 635/1229/1201 361/1228/1200 360/1230/1202
f 635/1229/1201 360/1230/1202 636/1231/1203
f 636/1231/1203 360/1230/1202 359/1232/1204
f 636/1231/1203 359/1232/1204 637/1233/1205
f 637/1233/1205 359/1232/1204 358/1234/1206
f 637/1233/1205 358/1234/1206 638/1235/1207
f 638/1235/1207 358/1234/1206 357/1236/1208
f 638/1235/1207 357/1236/1208 639/1237/1209
f 639/1237/1209 357/1236/1208 356/1238/1210
f 639/1237/1209 356/1238/1210 640/1239/1211
f 640/1239/1211 356/1238/1210 355/1240/1212
f 640/1239/1211 355/1240/1212 641/1241/1213
f 641/1241/1213 355/1240/1212 354/1242/1214
f 641/1241/1213 354/1242/1214 829/1243/1215
f 829/1243/1215 354/1242/1214 516/1244/1216
f 829/1243/1215 516/1244/1216 830/1245/1217
f 830/1245/1217 516/1244/1216 515/1246/1218
f 830/1245/1217 515/1246/1218 831/1247/1219
f 831/1247/1219 515/1246/1218 514/1248/1220
f 831/1247/1219 514/1248/1220 832/1249/1221
f 832/1249/1221 514/1248/1220 513/1250/1222
f 832/1249/1221 513/1250/1222 833/1251/1223
f 833/1251/1223 513/1250/1222 512/1252/1224
f 833/1251/1223 512/1252/1224 834/1253/1225
f 834/1253/1225 512/1252/1224 511/1254/1226
f 834/1253/1225 511/1254/1226 785/1255/1227
f 785/1255/1227 511/1254/1226 510/1256/1228
f 785/1255/1227 510/1256/1228 786/1257/1229
f 786/1257/1229 510/1256/1228 509/1258/1230
f 786/1257/1229 509/1258/1230 787/1259/1231
f 787/1259/1231 509/1258/1230 508/1260/1232
f 787/1259/1231 508/1260/1232 788/1261/1233
f 788/1261/1233 508/1260/1232 507/1262/1234
f 788/1261/1233 507/1262/1234 789/1263/1235
f 789/1263/1235 507/1262/1234 506/1264/1236
f 789/1263/1235 506/1264/1236 790/1265/1237
f 790/1265/1237 506/1264/1236 505/1266/1238
f 790/1265/1237 505/1266/1238 791/1267/1239
f 791/1267/1239 505/1266/1238 504/1268/1240
f 791/1267/1239 504/1268/1240 792/1269/1241
f 792/1269/1241 504/1268/1240 503/1270/1242
f 792/1269/1241 503/1270/1242 793/1271/1243
f 793/1271/1243 503/1270/1242 502/1272/1244
f 793/1271/1243 502/1272/1244 794/1273/1245
f 794/1273/1245 502/1272/1244 501/1274/1246
f 794/1273/1245 501/1274/1246 893/1275/1247
f 893/1275/1247 501/1274/1246 894/1276/1248
f 894/1276/1248 501/1274/1246 500/1277/1249
f 894/1276/1248 500/1277/1249 499/1278/1250
f 354/1242/1214 353/1279/1251 516/1244/1216
f 516/1244/1216 353/1279/1251 517/1280/1252
f 517/1280/1252 353/1279/1251 352/1281/1253
f 517/1280/1252 352/1281/1253 518/1282/1254
f 518/1282/1254 352/1281/1253 351/1283/1255
f 518/1282/1254 351/1283/1255 519/1284/1256
f 519/1284/1256 351/1283/1255 350/1285/1257
f 519/1284/1256 350/1285/1257 520/1286/1258
f 520/1286/1258 350/1285/1257 349/1287/1259
f 520/1286/1258 349/1287/1259 521/1288/1260
f 521/1288/1260 349/1287/1259 348/1289/1261
f 521/1288/1260 348/1289/1261 522/1290/1262
f 522/1290/1262 348/1289/1261 347/1291/1263
f 522/1290/1262 347/1291/1263 523/1292/1264
f 523/1292/1264 347/1291/1263 524/1293/1265
f 524/1293/1265 347/1291/1263 346/1294/1266
f 524/1293/1265 346/1294/1266 525/1295/1267
f 525/1295/1267 346/1294/1266 345/1296/1268
f 525/1295/1267 345/1296/1268 526/1297/1269
f 526/1297/1269 345/1296/1268 344/1298/1270
f 526/1297/1269 344/1298/1270 527/1299/1271
f 527/1299/1271 344/1298/1270 343/1300/1272
f 527/1299/1271 343/1300/1272 528/1301/1273
f 528/1301/1273 343/1300/1272 342/1302/1274
f 528/1301/1273 342/1302/1274 529/1303/1275
f 529/1303/1275 342/1302/1274 341/1304/1276
f 529/1303/1275 341/1304/1276 530/1305/1277
f 530/1305/1277 341/1304/1276 340/1306/1278
f 530/1305/1277 340/1306/1278 531/1307/1279
f 531/1307/1279 340/1306/1278 339/1308/1280
f 531/1307/1279 339/1308/1280 338/1309/1281
f 337/1310/1282 895/1195/1167 338/1309/1281
f 338/1309/1281 895/1195/1167 894/1276/1248
f 338/1309/1281 894/1276/1248 532/1311/1283
f 532/1311/1283 894/1276/1248 533/1312/1284
f 533/1312/1284 894/1276/1248 534/1313/1285
f 534/1313/1285 894/1276/1248 485/1314/1286
f 485/1314/1286 894/1276/1248 486/1315/1287
f 486/1315/1287 894/1276/1248 487/1316/1288
f 487/1316/1288 894/1276/1248 488/1317/1289
f 488/1317/1289 894/1276/1248 489/1318/1290
f 489/1318/1290 894/1276/1248 490/1319/1291
f 490/1319/1291 894/1276/1248 491/1320/1292
f 491/1320/1292 894/1276/1248 492/1321/1293
f 492/1321/1293 894/1276/1248 493/1322/1294
f 493/1322/1294 894/1276/1248 494/1323/1295
f 494/1323/1295 894/1276/1248 495/1324/1296
f 495/1324/1296 894/1276/1248 496/1325/1297
f 496/1325/1297 894/1276/1248 497/1326/1298
f 497/1326/1298 894/1276/1248 498/1327/1299
f 498/1327/1299 894/1276/1248 499/1278/1250
f 337/1310/1282 336/1193/1165 895/1195/1167
f 532/1311/1283 531/1307/1279 338/1309/1281
f 895/1195/1167 676/1212/1184 896/1328/1300
f 896/1328/1300 676/1212/1184 675/1329/1301
f 896/1328/1300 675/1329/1301 674/1330/1302
f 674/1330/1302 673/1331/1303 896/1328/1300
f 896/1328/1300 673/1331/1303 672/1332/1304
f 896/1328/1300 672/1332/1304 671/1333/1305
f 671/1333/1305 670/1334/1306 896/1328/1300
f 896/1328/1300 670/1334/1306 669/1335/1307
f 896/1328/1300 669/1335/1307 668/1336/1308
f 668/1336/1308 667/1337/1309 896/1328/1300
f 896/1328/1300 667/1337/1309 666/1338/1310
f 896/1328/1300 666/1338/1310 665/1339/1311
f 665/1339/1311 664/1340/1312 896/1328/1300
f 896/1328/1300 664/1340/1312 663/1341/1313
f 896/1328/1300 663/1341/1313 662/1342/1314
f 662/1342/1314 661/1343/1315 896/1328/1300
f 896/1328/1300 661/1343/1315 660/1344/1316
f 896/1328/1300 660/1344/1316 659/1345/1317
f 659/1345/1317 658/1346/1318 896/1328/1300
f 896/1328/1300 658/1346/1318 657/1347/1319
f 896/1328/1300 657/1347/1319 893/1275/1247
f 893/1275/1247 657/1347/1319 813/1348/1320
f 893/1275/1247 813/1348/1320 812/1349/1321
f 813/1348/1320 657/1347/1319 814/1350/1322
f 814/1350/1322 657/1347/1319 656/1351/1323
f 814/1350/1322 656/1351/1323 655/1352/1324
f 814/1350/1322 655/1352/1324 815/1353/1325
f 815/1353/1325 655/1352/1324 654/1354/1326
f 815/1353/1325 654/1354/1326 816/1355/1327
f 816/1355/1327 654/1354/1326 653/1356/1328
f 816/1355/1327 653/1356/1328 817/1357/1329
f 817/1357/1329 653/1356/1328 652/1358/1330
f 817/1357/1329 652/1358/1330 818/1359/1331
f 818/1359/1331 652/1358/1330 651/1360/1332
f 818/1359/1331 651/1360/1332 819/1361/1333
f 819/1361/1333 651/1360/1332 650/1362/1334
f 819/1361/1333 650/1362/1334 820/1363/1335
f 820/1363/1335 650/1362/1334 649/1364/1336
f 820/1363/1335 649/1364/1336 821/1365/1337
f 821/1365/1337 649/1364/1336 648/1366/1338
f 821/1365/1337 648/1366/1338 822/1367/1339
f 822/1367/1339 648/1366/1338 647/1368/1340
f 822/1367/1339 647/1368/1340 823/1369/1341
f 823/1369/1341 647/1368/1340 824/1370/1342
f 824/1370/1342 647/1368/1340 646/1371/1343
f 824/1370/1342 646/1371/1343 825/1372/1344
f 825/1372/1344 646/1371/1343 645/1373/1345
f 825/1372/1344 645/1373/1345 826/1374/1346
f 826/1374/1346 645/1373/1345 644/1375/1347
f 826/1374/1346 644/1375/1347 827/1376/1348
f 827/1376/1348 644/1375/1347 643/1377/1349
f 827/1376/1348 643/1377/1349 828/1378/1350
f 828/1378/1350 643/1377/1349 642/1379/1351
f 828/1378/1350 642/1379/1351 829/1243/1215
f 829/1243/1215 642/1379/1351 641/1241/1213
f 812/1349/1321 811/1380/1352 893/1275/1247
f 893/1275/1247 811/1380/1352 810/1381/1353
f 893/1275/1247 810/1381/1353 809/1382/1354
f 809/1382/1354 808/1383/1355 893/1275/1247
f 893/1275/1247 808/1383/1355 807/1384/1356
f 893/1275/1247 807/1384/1356 806/1385/1357
f 806/1385/1357 805/1386/1358 893/1275/1247
f 893/1275/1247 805/1386/1358 804/1387/1359
f 893/1275/1247 804/1387/1359 803/1388/1360
f 803/1388/1360 802/1389/1361 893/1275/1247
f 893/1275/1247 802/1389/1361 801/1390/1362
f 893/1275/1247 801/1390/1362 800/1391/1363
f 800/1391/1363 799/1392/1364 893/1275/1247
f 893/1275/1247 799/1392/1364 798/1393/1365
f 893/1275/1247 798/1393/1365 797/1394/1366
f 797/1394/1366 796/1395/1367 893/1275/1247
f 893/1275/1247 796/1395/1367 795/1396/1368
f 893/1275/1247 795/1396/1368 794/1273/1245
f 897/1397/1369 898/1398/1370 889/1399/1371
f 889/1399/1371 898/1398/1370 890/1400/1372
f 899/1401/1373 897/1402/1374 892/1403/1375
f 892/1403/1375 897/1402/1374 889/1404/1376
f 900/1405/1377 899/1406/1378 891/1407/1379
f 891/1407/1379 899/1406/1378 892/1408/1380
f 898/1409/1381 900/1410/1382 890/1411/1383
f 890/1411/1383 900/1410/1382 891/1412/1384
f 282/1413/1385 281/1414/1386 902/1415/1387
f 902/1415/1387 281/1414/1386 901/1416/1388
f 283/1417/1389 282/1418/1390 903/1419/1391
f 903/1419/1391 282/1418/1390 902/1420/1392
f 280/1421/1393 283/1422/1394 904/1423/1395
f 904/1423/1395 283/1422/1394 903/1424/1396
f 281/1425/1397 280/1426/1398 901/1427/1399
f 901/1427/1399 280/1426/1398 904/1428/1400
f 900/1429/1401 898/1430/1402 903/1431/1403
f 903/1431/1403 898/1430/1402 897/1432/1404
f 903/1431/1403 897/1432/1404 904/1433/1405
f 904/1433/1405 897/1432/1404 899/1434/1406
f 904/1433/1405 899/1434/1406 901/1435/1407
f 901/1435/1407 899/1434/1406 900/1429/1401
f 901/1435/1407 900/1429/1401 902/1436/1408
f 902/1436/1408 900/1429/1401 903/1431/1403
# 904 vertices
# 1436 texture params
# 1408 normals
# 1820 facets

# 1 groups
