# WaveFront *.obj file (generated by Autodesk ATF)
mtllib asset_plug.mtl
v 0.002930 -0.004130 0.047890
v 0.002930 -0.004130 0.070000
v 0.002930 -0.012835 0.070000
v 0.002930 -0.012835 0.047890
v 0.002971 -0.003819 0.070000
v 0.003091 -0.003530 0.070000
v 0.003281 -0.003281 0.070000
v 0.003530 -0.003091 0.070000
v 0.003819 -0.002971 0.070000
v 0.004130 -0.002930 0.070000
v 0.012835 -0.002930 0.070000
v 0.012835 0.002930 0.070000
v 0.004130 0.002930 0.070000
v 0.003819 0.002971 0.070000
v 0.003530 0.003091 0.070000
v 0.003281 0.003281 0.070000
v 0.003091 0.003530 0.070000
v 0.002971 0.003819 0.070000
v 0.002930 0.004130 0.070000
v 0.002930 0.012835 0.070000
v -0.002930 0.012835 0.070000
v -0.002930 0.004130 0.070000
v -0.002971 0.003819 0.070000
v -0.003091 0.003530 0.070000
v -0.003281 0.003281 0.070000
v -0.003530 0.003091 0.070000
v -0.003819 0.002971 0.070000
v -0.004130 0.002930 0.070000
v -0.012835 0.002930 0.070000
v -0.012835 -0.002930 0.070000
v -0.004130 -0.002930 0.070000
v -0.003819 -0.002971 0.070000
v -0.003530 -0.003091 0.070000
v -0.003281 -0.003281 0.070000
v -0.003091 -0.003530 0.070000
v -0.002971 -0.003819 0.070000
v -0.002930 -0.004130 0.070000
v -0.002930 -0.012835 0.070000
v 0.013000 0.013000 0.070000
v 0.013000 -0.013000 0.070000
v -0.013000 -0.013000 0.070000
v -0.013000 0.013000 0.070000
v -0.004130 -0.002930 0.047890
v -0.012835 -0.002930 0.047890
v 0.002930 0.004130 0.047890
v 0.002930 0.012835 0.047890
v 0.009945 0.000040 0.045000
v 0.004130 0.000040 0.045000
v 0.004130 0.000492 0.045036
v 0.004130 0.000933 0.045141
v 0.004130 0.001352 0.045315
v 0.004130 0.001739 0.045552
v 0.004130 0.002084 0.045846
v 0.004130 0.002378 0.046191
v 0.004130 0.002615 0.046578
v 0.004130 0.002789 0.046997
v 0.004130 0.002894 0.047438
v 0.004130 0.002930 0.047890
v 0.012835 0.002930 0.047890
v 0.012821 0.002916 0.047607
v 0.012779 0.002874 0.047326
v 0.012711 0.002806 0.047051
v 0.012615 0.002710 0.046784
v 0.012494 0.002589 0.046528
v 0.012348 0.002443 0.046284
v 0.012179 0.002274 0.046057
v 0.011989 0.002084 0.045846
v 0.011778 0.001873 0.045656
v 0.011551 0.001646 0.045487
v 0.011307 0.001402 0.045341
v 0.011051 0.001146 0.045220
v 0.010784 0.000879 0.045124
v 0.010509 0.000604 0.045056
v 0.010228 0.000323 0.045014
v 0.012835 -0.002930 0.047890
v 0.012821 -0.002916 0.047607
v 0.012779 -0.002874 0.047326
v 0.012711 -0.002806 0.047051
v 0.012615 -0.002710 0.046784
v 0.012494 -0.002589 0.046528
v 0.012348 -0.002443 0.046284
v 0.012179 -0.002274 0.046057
v 0.011989 -0.002084 0.045846
v 0.011778 -0.001873 0.045656
v 0.011551 -0.001646 0.045487
v 0.011307 -0.001402 0.045341
v 0.011051 -0.001146 0.045220
v 0.010784 -0.000879 0.045124
v 0.010509 -0.000604 0.045056
v 0.010228 -0.000323 0.045014
v 0.009945 -0.000040 0.045000
v 0.004130 -0.002930 0.047890
v 0.004130 -0.002894 0.047438
v 0.004130 -0.002789 0.046997
v 0.004130 -0.002615 0.046578
v 0.004130 -0.002378 0.046191
v 0.004130 -0.002084 0.045846
v 0.004130 -0.001739 0.045552
v 0.004130 -0.001352 0.045315
v 0.004130 -0.000933 0.045141
v 0.004130 -0.000492 0.045036
v 0.004130 -0.000040 0.045000
v -0.012835 0.002930 0.047890
v -0.004130 0.002930 0.047890
v -0.004130 0.002894 0.047438
v -0.004130 0.002789 0.046997
v -0.004130 0.002615 0.046578
v -0.004130 0.002378 0.046191
v -0.004130 0.002084 0.045846
v -0.004130 0.001739 0.045552
v -0.004130 0.001352 0.045315
v -0.004130 0.000933 0.045141
v -0.004130 0.000492 0.045036
v -0.004130 0.000040 0.045000
v -0.009945 0.000040 0.045000
v -0.010228 0.000323 0.045014
v -0.010509 0.000604 0.045056
v -0.010784 0.000879 0.045124
v -0.011051 0.001146 0.045220
v -0.011307 0.001402 0.045341
v -0.011551 0.001646 0.045487
v -0.011778 0.001873 0.045656
v -0.011989 0.002084 0.045846
v -0.012179 0.002274 0.046057
v -0.012348 0.002443 0.046284
v -0.012494 0.002589 0.046528
v -0.012615 0.002710 0.046784
v -0.012711 0.002806 0.047051
v -0.012779 0.002874 0.047326
v -0.012821 0.002916 0.047607
v -0.009945 -0.000040 0.045000
v -0.010228 -0.000323 0.045014
v -0.010509 -0.000604 0.045056
v -0.010784 -0.000879 0.045124
v -0.011051 -0.001146 0.045220
v -0.011307 -0.001402 0.045341
v -0.011551 -0.001646 0.045487
v -0.011778 -0.001873 0.045656
v -0.011989 -0.002084 0.045846
v -0.012179 -0.002274 0.046057
v -0.012348 -0.002443 0.046284
v -0.012494 -0.002589 0.046528
v -0.012615 -0.002710 0.046784
v -0.012711 -0.002806 0.047051
v -0.012779 -0.002874 0.047326
v -0.012821 -0.002916 0.047607
v -0.004130 -0.000040 0.045000
v -0.004130 -0.000492 0.045036
v -0.004130 -0.000933 0.045141
v -0.004130 -0.001352 0.045315
v -0.004130 -0.001739 0.045552
v -0.004130 -0.002084 0.045846
v -0.004130 -0.002378 0.046191
v -0.004130 -0.002615 0.046578
v -0.004130 -0.002789 0.046997
v -0.004130 -0.002894 0.047438
v 0.002894 0.004130 0.047438
v 0.002789 0.004130 0.046997
v 0.002615 0.004130 0.046578
v 0.002378 0.004130 0.046191
v 0.002084 0.004130 0.045846
v 0.001739 0.004130 0.045552
v 0.001352 0.004130 0.045315
v 0.000933 0.004130 0.045141
v 0.000492 0.004130 0.045036
v 0.000040 0.004130 0.045000
v 0.000040 0.009945 0.045000
v 0.000323 0.010228 0.045014
v 0.000604 0.010509 0.045056
v 0.000879 0.010784 0.045124
v 0.001146 0.011051 0.045220
v 0.001402 0.011307 0.045341
v 0.001646 0.011551 0.045487
v 0.001873 0.011778 0.045656
v 0.002084 0.011989 0.045846
v 0.002274 0.012179 0.046057
v 0.002443 0.012348 0.046284
v 0.002589 0.012494 0.046528
v 0.002710 0.012615 0.046784
v 0.002806 0.012711 0.047051
v 0.002874 0.012779 0.047326
v 0.002916 0.012821 0.047607
v -0.000040 0.009945 0.045000
v -0.000323 0.010228 0.045014
v -0.000604 0.010509 0.045056
v -0.000879 0.010784 0.045124
v -0.001146 0.011051 0.045220
v -0.001402 0.011307 0.045341
v -0.001646 0.011551 0.045487
v -0.001873 0.011778 0.045656
v -0.002084 0.011989 0.045846
v -0.002274 0.012179 0.046057
v -0.002443 0.012348 0.046284
v -0.002589 0.012494 0.046528
v -0.002710 0.012615 0.046784
v -0.002806 0.012711 0.047051
v -0.002874 0.012779 0.047326
v -0.002916 0.012821 0.047607
v -0.002930 0.012835 0.047890
v -0.000040 0.004130 0.045000
v -0.000492 0.004130 0.045036
v -0.000933 0.004130 0.045141
v -0.001352 0.004130 0.045315
v -0.001739 0.004130 0.045552
v -0.002084 0.004130 0.045846
v -0.002378 0.004130 0.046191
v -0.002615 0.004130 0.046578
v -0.002789 0.004130 0.046997
v -0.002894 0.004130 0.047438
v -0.002930 0.004130 0.047890
v 0.000040 -0.009945 0.045000
v 0.000040 -0.004130 0.045000
v 0.000492 -0.004130 0.045036
v 0.000933 -0.004130 0.045141
v 0.001352 -0.004130 0.045315
v 0.001739 -0.004130 0.045552
v 0.002084 -0.004130 0.045846
v 0.002378 -0.004130 0.046191
v 0.002615 -0.004130 0.046578
v 0.002789 -0.004130 0.046997
v 0.002894 -0.004130 0.047438
v 0.002916 -0.012821 0.047607
v 0.002874 -0.012779 0.047326
v 0.002806 -0.012711 0.047051
v 0.002710 -0.012615 0.046784
v 0.002589 -0.012494 0.046528
v 0.002443 -0.012348 0.046284
v 0.002274 -0.012179 0.046057
v 0.002084 -0.011989 0.045846
v 0.001873 -0.011778 0.045656
v 0.001646 -0.011551 0.045487
v 0.001402 -0.011307 0.045341
v 0.001146 -0.011051 0.045220
v 0.000879 -0.010784 0.045124
v 0.000604 -0.010509 0.045056
v 0.000323 -0.010228 0.045014
v -0.002930 -0.012835 0.047890
v -0.002916 -0.012821 0.047607
v -0.002874 -0.012779 0.047326
v -0.002806 -0.012711 0.047051
v -0.002710 -0.012615 0.046784
v -0.002589 -0.012494 0.046528
v -0.002443 -0.012348 0.046284
v -0.002274 -0.012179 0.046057
v -0.002084 -0.011989 0.045846
v -0.001873 -0.011778 0.045656
v -0.001646 -0.011551 0.045487
v -0.001402 -0.011307 0.045341
v -0.001146 -0.011051 0.045220
v -0.000879 -0.010784 0.045124
v -0.000604 -0.010509 0.045056
v -0.000323 -0.010228 0.045014
v -0.000040 -0.009945 0.045000
v -0.002930 -0.004130 0.047890
v -0.002894 -0.004130 0.047438
v -0.002789 -0.004130 0.046997
v -0.002615 -0.004130 0.046578
v -0.002378 -0.004130 0.046191
v -0.002084 -0.004130 0.045846
v -0.001739 -0.004130 0.045552
v -0.001352 -0.004130 0.045315
v -0.000933 -0.004130 0.045141
v -0.000492 -0.004130 0.045036
v -0.000040 -0.004130 0.045000
v -0.000082 -0.003548 0.045000
v -0.000206 -0.002978 0.045000
v -0.000410 -0.002431 0.045000
v -0.000689 -0.001919 0.045000
v -0.001039 -0.001452 0.045000
v -0.001452 -0.001039 0.045000
v -0.001919 -0.000689 0.045000
v -0.002431 -0.000410 0.045000
v -0.002978 -0.000206 0.045000
v -0.003548 -0.000082 0.045000
v -0.003548 0.000082 0.045000
v -0.002978 0.000206 0.045000
v -0.002431 0.000410 0.045000
v -0.001919 0.000689 0.045000
v -0.001452 0.001039 0.045000
v -0.001039 0.001452 0.045000
v -0.000689 0.001919 0.045000
v -0.000410 0.002431 0.045000
v -0.000206 0.002978 0.045000
v -0.000082 0.003548 0.045000
v 0.000082 0.003548 0.045000
v 0.000206 0.002978 0.045000
v 0.000410 0.002431 0.045000
v 0.000689 0.001919 0.045000
v 0.001039 0.001452 0.045000
v 0.001452 0.001039 0.045000
v 0.001919 0.000689 0.045000
v 0.002431 0.000410 0.045000
v 0.002978 0.000206 0.045000
v 0.003548 0.000082 0.045000
v 0.003548 -0.000082 0.045000
v 0.002978 -0.000206 0.045000
v 0.002431 -0.000410 0.045000
v 0.001919 -0.000689 0.045000
v 0.001452 -0.001039 0.045000
v 0.001039 -0.001452 0.045000
v 0.000689 -0.001919 0.045000
v 0.000410 -0.002431 0.045000
v 0.000206 -0.002978 0.045000
v 0.000082 -0.003548 0.045000
v -0.003819 0.002971 0.047890
v -0.003530 0.003091 0.047890
v -0.003281 0.003281 0.047890
v -0.003091 0.003530 0.047890
v -0.002971 0.003819 0.047890
v -0.002921 0.003873 0.047438
v -0.003001 0.003627 0.047438
v -0.000670 0.003006 0.045036
v -0.003212 0.003303 0.047438
v -0.003404 0.003130 0.047438
v -0.001427 0.001696 0.045036
v -0.003748 0.002955 0.047438
v -0.003006 0.000670 0.045036
v -0.004001 0.002901 0.047438
v -0.000512 0.003750 0.045036
v -0.000951 0.003796 0.045141
v -0.001367 0.003840 0.045315
v -0.001752 0.003880 0.045552
v -0.002095 0.003916 0.045846
v -0.002388 0.003947 0.046191
v -0.002623 0.003972 0.046578
v -0.002796 0.003990 0.046997
v -0.002901 0.004001 0.047438
v -0.000572 0.003374 0.045036
v -0.001003 0.003465 0.045141
v -0.001413 0.003552 0.045315
v -0.001791 0.003633 0.045552
v -0.002128 0.003705 0.045846
v -0.002416 0.003766 0.046191
v -0.002648 0.003815 0.046578
v -0.002818 0.003851 0.046997
v -0.001090 0.003142 0.045141
v -0.001488 0.003272 0.045315
v -0.001856 0.003391 0.045552
v -0.002184 0.003498 0.045846
v -0.002464 0.003589 0.046191
v -0.002689 0.003662 0.046578
v -0.002854 0.003715 0.046997
v -0.002955 0.003748 0.047438
v -0.000979 0.002311 0.045036
v -0.001361 0.002532 0.045141
v -0.001724 0.002741 0.045315
v -0.002059 0.002934 0.045552
v -0.002358 0.003107 0.045846
v -0.002613 0.003254 0.046191
v -0.002818 0.003373 0.046578
v -0.002968 0.003459 0.046997
v -0.003060 0.003512 0.047438
v -0.002905 0.003584 0.046997
v -0.002746 0.003514 0.046578
v -0.002530 0.003417 0.046191
v -0.002260 0.003298 0.045846
v -0.001945 0.003157 0.045552
v -0.001592 0.003000 0.045315
v -0.001209 0.002830 0.045141
v -0.000807 0.002650 0.045036
v -0.001187 0.001992 0.045036
v -0.001544 0.002251 0.045141
v -0.001883 0.002497 0.045315
v -0.002195 0.002724 0.045552
v -0.002474 0.002927 0.045846
v -0.002713 0.003100 0.046191
v -0.002904 0.003240 0.046578
v -0.003045 0.003342 0.046997
v -0.003130 0.003404 0.047438
v -0.001754 0.001991 0.045141
v -0.002066 0.002271 0.045315
v -0.002353 0.002530 0.045552
v -0.002609 0.002761 0.045846
v -0.002828 0.002958 0.046191
v -0.003004 0.003116 0.046578
v -0.003133 0.003232 0.046997
v -0.001992 0.001187 0.045036
v -0.002251 0.001544 0.045141
v -0.002497 0.001883 0.045315
v -0.002724 0.002195 0.045552
v -0.002927 0.002474 0.045846
v -0.003100 0.002713 0.046191
v -0.003240 0.002904 0.046578
v -0.003342 0.003045 0.046997
v -0.003303 0.003212 0.047438
v -0.003232 0.003133 0.046997
v -0.003116 0.003004 0.046578
v -0.002958 0.002828 0.046191
v -0.002761 0.002609 0.045846
v -0.002530 0.002353 0.045552
v -0.002271 0.002066 0.045315
v -0.001991 0.001754 0.045141
v -0.001696 0.001427 0.045036
v -0.002311 0.000979 0.045036
v -0.002532 0.001361 0.045141
v -0.002741 0.001724 0.045315
v -0.002934 0.002059 0.045552
v -0.003107 0.002358 0.045846
v -0.003254 0.002613 0.046191
v -0.003373 0.002818 0.046578
v -0.003459 0.002968 0.046997
v -0.003512 0.003060 0.047438
v -0.002650 0.000807 0.045036
v -0.002830 0.001209 0.045141
v -0.003000 0.001592 0.045315
v -0.003157 0.001945 0.045552
v -0.003298 0.002260 0.045846
v -0.003417 0.002530 0.046191
v -0.003514 0.002746 0.046578
v -0.003584 0.002905 0.046997
v -0.003627 0.003001 0.047438
v -0.003374 0.000572 0.045036
v -0.003465 0.001003 0.045141
v -0.003552 0.001413 0.045315
v -0.003633 0.001791 0.045552
v -0.003705 0.002128 0.045846
v -0.003766 0.002416 0.046191
v -0.003815 0.002648 0.046578
v -0.003851 0.002818 0.046997
v -0.003873 0.002921 0.047438
v -0.003715 0.002854 0.046997
v -0.003662 0.002689 0.046578
v -0.003589 0.002464 0.046191
v -0.003498 0.002184 0.045846
v -0.003391 0.001856 0.045552
v -0.003272 0.001488 0.045315
v -0.003142 0.001090 0.045141
v -0.003750 0.000512 0.045036
v -0.003796 0.000951 0.045141
v -0.003840 0.001367 0.045315
v -0.003880 0.001752 0.045552
v -0.003916 0.002095 0.045846
v -0.003947 0.002388 0.046191
v -0.003972 0.002623 0.046578
v -0.003990 0.002796 0.046997
v 0.002971 0.003819 0.047890
v 0.003091 0.003530 0.047890
v 0.003281 0.003281 0.047890
v 0.003530 0.003091 0.047890
v 0.003819 0.002971 0.047890
v 0.003873 0.002921 0.047438
v 0.003627 0.003001 0.047438
v 0.003006 0.000670 0.045036
v 0.003303 0.003212 0.047438
v 0.003130 0.003404 0.047438
v 0.001696 0.001427 0.045036
v 0.002955 0.003748 0.047438
v 0.000670 0.003006 0.045036
v 0.002901 0.004001 0.047438
v 0.002796 0.003990 0.046997
v 0.002623 0.003972 0.046578
v 0.002388 0.003947 0.046191
v 0.002095 0.003916 0.045846
v 0.001752 0.003880 0.045552
v 0.001367 0.003840 0.045315
v 0.000951 0.003796 0.045141
v 0.000512 0.003750 0.045036
v 0.002854 0.003715 0.046997
v 0.002689 0.003662 0.046578
v 0.002464 0.003589 0.046191
v 0.002184 0.003498 0.045846
v 0.001856 0.003391 0.045552
v 0.001488 0.003272 0.045315
v 0.001090 0.003142 0.045141
v 0.000572 0.003374 0.045036
v 0.001003 0.003465 0.045141
v 0.001413 0.003552 0.045315
v 0.001791 0.003633 0.045552
v 0.002128 0.003705 0.045846
v 0.002416 0.003766 0.046191
v 0.002648 0.003815 0.046578
v 0.002818 0.003851 0.046997
v 0.002921 0.003873 0.047438
v 0.003045 0.003342 0.046997
v 0.002904 0.003240 0.046578
v 0.002713 0.003100 0.046191
v 0.002474 0.002927 0.045846
v 0.002195 0.002724 0.045552
v 0.001883 0.002497 0.045315
v 0.001544 0.002251 0.045141
v 0.001187 0.001992 0.045036
v 0.000979 0.002311 0.045036
v 0.001361 0.002532 0.045141
v 0.001724 0.002741 0.045315
v 0.002059 0.002934 0.045552
v 0.002358 0.003107 0.045846
v 0.002613 0.003254 0.046191
v 0.002818 0.003373 0.046578
v 0.002968 0.003459 0.046997
v 0.003060 0.003512 0.047438
v 0.003232 0.003133 0.046997
v 0.003116 0.003004 0.046578
v 0.002958 0.002828 0.046191
v 0.002761 0.002609 0.045846
v 0.002530 0.002353 0.045552
v 0.002271 0.002066 0.045315
v 0.001991 0.001754 0.045141
v 0.001427 0.001696 0.045036
v 0.001754 0.001991 0.045141
v 0.002066 0.002271 0.045315
v 0.002353 0.002530 0.045552
v 0.002609 0.002761 0.045846
v 0.002828 0.002958 0.046191
v 0.003004 0.003116 0.046578
v 0.003133 0.003232 0.046997
v 0.003212 0.003303 0.047438
v 0.003584 0.002905 0.046997
v 0.003514 0.002746 0.046578
v 0.003417 0.002530 0.046191
v 0.003298 0.002260 0.045846
v 0.003157 0.001945 0.045552
v 0.003000 0.001592 0.045315
v 0.002830 0.001209 0.045141
v 0.002650 0.000807 0.045036
v 0.002311 0.000979 0.045036
v 0.002532 0.001361 0.045141
v 0.002741 0.001724 0.045315
v 0.002934 0.002059 0.045552
v 0.003107 0.002358 0.045846
v 0.003254 0.002613 0.046191
v 0.003373 0.002818 0.046578
v 0.003459 0.002968 0.046997
v 0.003512 0.003060 0.047438
v 0.003851 0.002818 0.046997
v 0.003815 0.002648 0.046578
v 0.003766 0.002416 0.046191
v 0.003705 0.002128 0.045846
v 0.003633 0.001791 0.045552
v 0.003552 0.001413 0.045315
v 0.003465 0.001003 0.045141
v 0.003374 0.000572 0.045036
v 0.003142 0.001090 0.045141
v 0.003272 0.001488 0.045315
v 0.003391 0.001856 0.045552
v 0.003498 0.002184 0.045846
v 0.003589 0.002464 0.046191
v 0.003662 0.002689 0.046578
v 0.003715 0.002854 0.046997
v 0.003748 0.002955 0.047438
v 0.003750 0.000512 0.045036
v 0.003796 0.000951 0.045141
v 0.003840 0.001367 0.045315
v 0.003880 0.001752 0.045552
v 0.003916 0.002095 0.045846
v 0.003947 0.002388 0.046191
v 0.003972 0.002623 0.046578
v 0.003990 0.002796 0.046997
v 0.004001 0.002901 0.047438
v 0.001992 0.001187 0.045036
v 0.002251 0.001544 0.045141
v 0.002497 0.001883 0.045315
v 0.002724 0.002195 0.045552
v 0.002927 0.002474 0.045846
v 0.003100 0.002713 0.046191
v 0.003240 0.002904 0.046578
v 0.003342 0.003045 0.046997
v 0.003404 0.003130 0.047438
v 0.000807 0.002650 0.045036
v 0.001209 0.002830 0.045141
v 0.001592 0.003000 0.045315
v 0.001945 0.003157 0.045552
v 0.002260 0.003298 0.045846
v 0.002530 0.003417 0.046191
v 0.002746 0.003514 0.046578
v 0.002905 0.003584 0.046997
v 0.003001 0.003627 0.047438
v 0.003819 -0.002971 0.047890
v 0.003530 -0.003091 0.047890
v 0.003281 -0.003281 0.047890
v 0.003091 -0.003530 0.047890
v 0.002971 -0.003819 0.047890
v 0.002921 -0.003873 0.047438
v 0.003001 -0.003627 0.047438
v 0.000670 -0.003006 0.045036
v 0.003212 -0.003303 0.047438
v 0.003404 -0.003130 0.047438
v 0.001427 -0.001696 0.045036
v 0.003748 -0.002955 0.047438
v 0.003006 -0.000670 0.045036
v 0.004001 -0.002901 0.047438
v 0.000512 -0.003750 0.045036
v 0.000951 -0.003796 0.045141
v 0.001367 -0.003840 0.045315
v 0.001752 -0.003880 0.045552
v 0.002095 -0.003916 0.045846
v 0.002388 -0.003947 0.046191
v 0.002623 -0.003972 0.046578
v 0.002796 -0.003990 0.046997
v 0.002901 -0.004001 0.047438
v 0.000572 -0.003374 0.045036
v 0.001003 -0.003465 0.045141
v 0.001413 -0.003552 0.045315
v 0.001791 -0.003633 0.045552
v 0.002128 -0.003705 0.045846
v 0.002416 -0.003766 0.046191
v 0.002648 -0.003815 0.046578
v 0.002818 -0.003851 0.046997
v 0.001090 -0.003142 0.045141
v 0.001488 -0.003272 0.045315
v 0.001856 -0.003391 0.045552
v 0.002184 -0.003498 0.045846
v 0.002464 -0.003589 0.046191
v 0.002689 -0.003662 0.046578
v 0.002854 -0.003715 0.046997
v 0.002955 -0.003748 0.047438
v 0.000979 -0.002311 0.045036
v 0.001361 -0.002532 0.045141
v 0.001724 -0.002741 0.045315
v 0.002059 -0.002934 0.045552
v 0.002358 -0.003107 0.045846
v 0.002613 -0.003254 0.046191
v 0.002818 -0.003373 0.046578
v 0.002968 -0.003459 0.046997
v 0.003060 -0.003512 0.047438
v 0.002905 -0.003584 0.046997
v 0.002746 -0.003514 0.046578
v 0.002530 -0.003417 0.046191
v 0.002260 -0.003298 0.045846
v 0.001945 -0.003157 0.045552
v 0.001592 -0.003000 0.045315
v 0.001209 -0.002830 0.045141
v 0.000807 -0.002650 0.045036
v 0.001187 -0.001992 0.045036
v 0.001544 -0.002251 0.045141
v 0.001883 -0.002497 0.045315
v 0.002195 -0.002724 0.045552
v 0.002474 -0.002927 0.045846
v 0.002713 -0.003100 0.046191
v 0.002904 -0.003240 0.046578
v 0.003045 -0.003342 0.046997
v 0.003130 -0.003404 0.047438
v 0.001754 -0.001991 0.045141
v 0.002066 -0.002271 0.045315
v 0.002353 -0.002530 0.045552
v 0.002609 -0.002761 0.045846
v 0.002828 -0.002958 0.046191
v 0.003004 -0.003116 0.046578
v 0.003133 -0.003232 0.046997
v 0.001992 -0.001187 0.045036
v 0.002251 -0.001544 0.045141
v 0.002497 -0.001883 0.045315
v 0.002724 -0.002195 0.045552
v 0.002927 -0.002474 0.045846
v 0.003100 -0.002713 0.046191
v 0.003240 -0.002904 0.046578
v 0.003342 -0.003045 0.046997
v 0.003303 -0.003212 0.047438
v 0.003232 -0.003133 0.046997
v 0.003116 -0.003004 0.046578
v 0.002958 -0.002828 0.046191
v 0.002761 -0.002609 0.045846
v 0.002530 -0.002353 0.045552
v 0.002271 -0.002066 0.045315
v 0.001991 -0.001754 0.045141
v 0.001696 -0.001427 0.045036
v 0.002311 -0.000979 0.045036
v 0.002532 -0.001361 0.045141
v 0.002741 -0.001724 0.045315
v 0.002934 -0.002059 0.045552
v 0.003107 -0.002358 0.045846
v 0.003254 -0.002613 0.046191
v 0.003373 -0.002818 0.046578
v 0.003459 -0.002968 0.046997
v 0.003512 -0.003060 0.047438
v 0.002650 -0.000807 0.045036
v 0.002830 -0.001209 0.045141
v 0.003000 -0.001592 0.045315
v 0.003157 -0.001945 0.045552
v 0.003298 -0.002260 0.045846
v 0.003417 -0.002530 0.046191
v 0.003514 -0.002746 0.046578
v 0.003584 -0.002905 0.046997
v 0.003627 -0.003001 0.047438
v 0.003374 -0.000572 0.045036
v 0.003465 -0.001003 0.045141
v 0.003552 -0.001413 0.045315
v 0.003633 -0.001791 0.045552
v 0.003705 -0.002128 0.045846
v 0.003766 -0.002416 0.046191
v 0.003815 -0.002648 0.046578
v 0.003851 -0.002818 0.046997
v 0.003873 -0.002921 0.047438
v 0.003715 -0.002854 0.046997
v 0.003662 -0.002689 0.046578
v 0.003589 -0.002464 0.046191
v 0.003498 -0.002184 0.045846
v 0.003391 -0.001856 0.045552
v 0.003272 -0.001488 0.045315
v 0.003142 -0.001090 0.045141
v 0.003750 -0.000512 0.045036
v 0.003796 -0.000951 0.045141
v 0.003840 -0.001367 0.045315
v 0.003880 -0.001752 0.045552
v 0.003916 -0.002095 0.045846
v 0.003947 -0.002388 0.046191
v 0.003972 -0.002623 0.046578
v 0.003990 -0.002796 0.046997
v 0.002971 -0.003819 0.053417
v 0.002971 -0.003819 0.058945
v 0.002971 -0.003819 0.064473
v 0.003091 -0.003530 0.053417
v 0.003091 -0.003530 0.058945
v 0.003091 -0.003530 0.064473
v 0.003281 -0.003281 0.053417
v 0.003281 -0.003281 0.058945
v 0.003281 -0.003281 0.064473
v 0.003530 -0.003091 0.053417
v 0.003530 -0.003091 0.058945
v 0.003530 -0.003091 0.064473
v 0.003819 -0.002971 0.053417
v 0.003819 -0.002971 0.058945
v 0.003819 -0.002971 0.064473
v -0.003819 -0.002971 0.047890
v -0.003530 -0.003091 0.047890
v -0.003281 -0.003281 0.047890
v -0.003091 -0.003530 0.047890
v -0.002971 -0.003819 0.047890
v -0.003819 -0.002971 0.053417
v -0.003819 -0.002971 0.058945
v -0.003819 -0.002971 0.064473
v -0.003530 -0.003091 0.053417
v -0.003530 -0.003091 0.058945
v -0.003530 -0.003091 0.064473
v -0.003281 -0.003281 0.053417
v -0.003281 -0.003281 0.058945
v -0.003281 -0.003281 0.064473
v -0.003091 -0.003530 0.053417
v -0.003091 -0.003530 0.058945
v -0.003091 -0.003530 0.064473
v -0.002971 -0.003819 0.053417
v -0.002971 -0.003819 0.058945
v -0.002971 -0.003819 0.064473
v -0.003873 -0.002921 0.047438
v -0.003627 -0.003001 0.047438
v -0.003006 -0.000670 0.045036
v -0.003303 -0.003212 0.047438
v -0.003130 -0.003404 0.047438
v -0.001696 -0.001427 0.045036
v -0.002955 -0.003748 0.047438
v -0.000670 -0.003006 0.045036
v -0.002901 -0.004001 0.047438
v -0.002796 -0.003990 0.046997
v -0.002623 -0.003972 0.046578
v -0.002388 -0.003947 0.046191
v -0.002095 -0.003916 0.045846
v -0.001752 -0.003880 0.045552
v -0.001367 -0.003840 0.045315
v -0.000951 -0.003796 0.045141
v -0.000512 -0.003750 0.045036
v -0.002854 -0.003715 0.046997
v -0.002689 -0.003662 0.046578
v -0.002464 -0.003589 0.046191
v -0.002184 -0.003498 0.045846
v -0.001856 -0.003391 0.045552
v -0.001488 -0.003272 0.045315
v -0.001090 -0.003142 0.045141
v -0.000572 -0.003374 0.045036
v -0.001003 -0.003465 0.045141
v -0.001413 -0.003552 0.045315
v -0.001791 -0.003633 0.045552
v -0.002128 -0.003705 0.045846
v -0.002416 -0.003766 0.046191
v -0.002648 -0.003815 0.046578
v -0.002818 -0.003851 0.046997
v -0.002921 -0.003873 0.047438
v -0.003045 -0.003342 0.046997
v -0.002904 -0.003240 0.046578
v -0.002713 -0.003100 0.046191
v -0.002474 -0.002927 0.045846
v -0.002195 -0.002724 0.045552
v -0.001883 -0.002497 0.045315
v -0.001544 -0.002251 0.045141
v -0.001187 -0.001992 0.045036
v -0.000979 -0.002311 0.045036
v -0.001361 -0.002532 0.045141
v -0.001724 -0.002741 0.045315
v -0.002059 -0.002934 0.045552
v -0.002358 -0.003107 0.045846
v -0.002613 -0.003254 0.046191
v -0.002818 -0.003373 0.046578
v -0.002968 -0.003459 0.046997
v -0.003060 -0.003512 0.047438
v -0.003232 -0.003133 0.046997
v -0.003116 -0.003004 0.046578
v -0.002958 -0.002828 0.046191
v -0.002761 -0.002609 0.045846
v -0.002530 -0.002353 0.045552
v -0.002271 -0.002066 0.045315
v -0.001991 -0.001754 0.045141
v -0.001427 -0.001696 0.045036
v -0.001754 -0.001991 0.045141
v -0.002066 -0.002271 0.045315
v -0.002353 -0.002530 0.045552
v -0.002609 -0.002761 0.045846
v -0.002828 -0.002958 0.046191
v -0.003004 -0.003116 0.046578
v -0.003133 -0.003232 0.046997
v -0.003212 -0.003303 0.047438
v -0.003584 -0.002905 0.046997
v -0.003514 -0.002746 0.046578
v -0.003417 -0.002530 0.046191
v -0.003298 -0.002260 0.045846
v -0.003157 -0.001945 0.045552
v -0.003000 -0.001592 0.045315
v -0.002830 -0.001209 0.045141
v -0.002650 -0.000807 0.045036
v -0.002311 -0.000979 0.045036
v -0.002532 -0.001361 0.045141
v -0.002741 -0.001724 0.045315
v -0.002934 -0.002059 0.045552
v -0.003107 -0.002358 0.045846
v -0.003254 -0.002613 0.046191
v -0.003373 -0.002818 0.046578
v -0.003459 -0.002968 0.046997
v -0.003512 -0.003060 0.047438
v -0.003851 -0.002818 0.046997
v -0.003815 -0.002648 0.046578
v -0.003766 -0.002416 0.046191
v -0.003705 -0.002128 0.045846
v -0.003633 -0.001791 0.045552
v -0.003552 -0.001413 0.045315
v -0.003465 -0.001003 0.045141
v -0.003374 -0.000572 0.045036
v -0.003142 -0.001090 0.045141
v -0.003272 -0.001488 0.045315
v -0.003391 -0.001856 0.045552
v -0.003498 -0.002184 0.045846
v -0.003589 -0.002464 0.046191
v -0.003662 -0.002689 0.046578
v -0.003715 -0.002854 0.046997
v -0.003748 -0.002955 0.047438
v -0.003750 -0.000512 0.045036
v -0.003796 -0.000951 0.045141
v -0.003840 -0.001367 0.045315
v -0.003880 -0.001752 0.045552
v -0.003916 -0.002095 0.045846
v -0.003947 -0.002388 0.046191
v -0.003972 -0.002623 0.046578
v -0.003990 -0.002796 0.046997
v -0.004001 -0.002901 0.047438
v -0.001992 -0.001187 0.045036
v -0.002251 -0.001544 0.045141
v -0.002497 -0.001883 0.045315
v -0.002724 -0.002195 0.045552
v -0.002927 -0.002474 0.045846
v -0.003100 -0.002713 0.046191
v -0.003240 -0.002904 0.046578
v -0.003342 -0.003045 0.046997
v -0.003404 -0.003130 0.047438
v -0.000807 -0.002650 0.045036
v -0.001209 -0.002830 0.045141
v -0.001592 -0.003000 0.045315
v -0.001945 -0.003157 0.045552
v -0.002260 -0.003298 0.045846
v -0.002530 -0.003417 0.046191
v -0.002746 -0.003514 0.046578
v -0.002905 -0.003584 0.046997
v -0.003001 -0.003627 0.047438
v 0.002971 0.003819 0.064473
v 0.002971 0.003819 0.058945
v 0.002971 0.003819 0.053417
v 0.003091 0.003530 0.064473
v 0.003091 0.003530 0.058945
v 0.003091 0.003530 0.053417
v 0.003281 0.003281 0.064473
v 0.003281 0.003281 0.058945
v 0.003281 0.003281 0.053417
v 0.003530 0.003091 0.064473
v 0.003530 0.003091 0.058945
v 0.003530 0.003091 0.053417
v 0.003819 0.002971 0.064473
v 0.003819 0.002971 0.058945
v 0.003819 0.002971 0.053417
v -0.003819 0.002971 0.064473
v -0.003819 0.002971 0.058945
v -0.003819 0.002971 0.053417
v -0.003530 0.003091 0.064473
v -0.003530 0.003091 0.058945
v -0.003530 0.003091 0.053417
v -0.003281 0.003281 0.064473
v -0.003281 0.003281 0.058945
v -0.003281 0.003281 0.053417
v -0.003091 0.003530 0.064473
v -0.003091 0.003530 0.058945
v -0.003091 0.003530 0.053417
v -0.002971 0.003819 0.064473
v -0.002971 0.003819 0.058945
v -0.002971 0.003819 0.053417
v 0.013000 -0.013000 0.100000
v 0.013000 0.013000 0.100000
v -0.013000 0.013000 0.100000
v -0.013000 -0.013000 0.100000
vt 1.696500 -0.000000 0.000000
vt 2.567000 -0.000000 0.000000
vt 1.696500 2.211000 0.000000
vt 2.567000 2.211000 0.000000
vt -0.297089 -0.381942 0.000000
vt -0.381942 -0.297089 0.000000
vt -0.293000 -0.413000 0.000000
vt -0.413000 -0.293000 0.000000
vt -1.300000 -1.300000 0.000000
vt -1.283500 -0.293000 0.000000
vt -1.283500 0.293000 0.000000
vt -0.309077 -0.353000 0.000000
vt -0.328147 -0.328147 0.000000
vt -0.353000 -0.309077 0.000000
vt -1.300000 1.300000 0.000000
vt -0.413000 0.293000 0.000000
vt -0.293000 0.413000 0.000000
vt -0.381942 0.297089 0.000000
vt -0.353000 0.309077 0.000000
vt -0.328147 0.328147 0.000000
vt -0.309077 0.353000 0.000000
vt -0.297089 0.381942 0.000000
vt -0.293000 1.283500 0.000000
vt 0.293000 1.283500 0.000000
vt 1.300000 1.300000 0.000000
vt 0.293000 0.413000 0.000000
vt 0.413000 0.293000 0.000000
vt 0.381942 0.297089 0.000000
vt 0.353000 0.309077 0.000000
vt 0.328147 0.328147 0.000000
vt 0.309077 0.353000 0.000000
vt 0.297089 0.381942 0.000000
vt 1.283500 0.293000 0.000000
vt 1.300000 -1.300000 0.000000
vt 1.283500 -0.293000 0.000000
vt 0.413000 -0.293000 0.000000
vt 0.381942 -0.297089 0.000000
vt 0.353000 -0.309077 0.000000
vt 0.328147 -0.328147 0.000000
vt 0.309077 -0.353000 0.000000
vt 0.297089 -0.381942 0.000000
vt 0.293000 -0.413000 0.000000
vt 0.293000 -1.283500 0.000000
vt -0.293000 -1.283500 0.000000
vt -0.144500 -0.413000 0.000000
vt -2.355500 -0.413000 0.000000
vt -0.144500 -1.283500 0.000000
vt -2.355500 -1.283500 0.000000
vt 0.870500 2.211000 0.000000
vt 0.000000 2.211000 0.000000
vt 0.870500 -0.000000 0.000000
vt -0.000000 0.000000 0.000000
vt -0.848000 -0.226980 0.000000
vt -0.266500 -0.226980 0.000000
vt -0.876327 -0.198608 0.000000
vt -0.266500 -0.181584 0.000000
vt -0.904381 -0.170235 0.000000
vt -0.266500 -0.136188 0.000000
vt -0.931892 -0.141863 0.000000
vt -0.958596 -0.113490 0.000000
vt -0.266500 -0.090792 0.000000
vt -0.984234 -0.085118 0.000000
vt -1.008560 -0.056745 0.000000
vt -0.266500 -0.045396 0.000000
vt -1.031340 -0.028373 0.000000
vt -0.266500 0.000000 0.000000
vt -1.052354 0.000000 0.000000
vt -1.071400 0.028373 0.000000
vt -0.266500 0.045396 0.000000
vt -1.088295 0.056745 0.000000
vt -0.266500 0.090792 0.000000
vt -1.102875 0.085118 0.000000
vt -1.115001 0.113490 0.000000
vt -0.266500 0.136188 0.000000
vt -1.124556 0.141863 0.000000
vt -1.131447 0.170235 0.000000
vt -0.266500 0.181584 0.000000
vt -1.135608 0.198608 0.000000
vt -0.266500 0.226980 0.000000
vt -1.137000 0.226980 0.000000
vt 0.146500 0.226980 0.000000
vt -0.439500 0.226980 0.000000
vt 0.145108 0.198608 0.000000
vt -0.438108 0.198608 0.000000
vt -0.433947 0.170235 0.000000
vt -0.427056 0.141863 0.000000
vt 0.134056 0.141863 0.000000
vt 0.140947 0.170235 0.000000
vt -0.417501 0.113490 0.000000
vt 0.124501 0.113490 0.000000
vt -0.405375 0.085118 0.000000
vt 0.112375 0.085118 0.000000
vt 0.097795 0.056745 0.000000
vt -0.390795 0.056745 0.000000
vt -0.373900 0.028373 0.000000
vt -0.354854 -0.000000 0.000000
vt 0.061854 0.000000 0.000000
vt 0.080900 0.028373 0.000000
vt 0.040840 -0.028373 0.000000
vt -0.333840 -0.028373 0.000000
vt -0.311060 -0.056745 0.000000
vt -0.286734 -0.085118 0.000000
vt -0.006266 -0.085118 0.000000
vt 0.018060 -0.056745 0.000000
vt -0.261096 -0.113490 0.000000
vt -0.031904 -0.113490 0.000000
vt -0.234392 -0.141863 0.000000
vt -0.058608 -0.141863 0.000000
vt -0.086119 -0.170235 0.000000
vt -0.206881 -0.170235 0.000000
vt -0.178827 -0.198608 0.000000
vt -0.150500 -0.226980 0.000000
vt -0.142500 -0.226980 0.000000
vt -0.114173 -0.198608 0.000000
vt 0.641750 0.226980 0.000000
vt -0.228750 0.226980 0.000000
vt 0.640358 0.198608 0.000000
vt -0.228750 0.181584 0.000000
vt 0.636197 0.170235 0.000000
vt -0.228750 0.136188 0.000000
vt 0.629306 0.141863 0.000000
vt 0.619751 0.113490 0.000000
vt -0.228750 0.090792 0.000000
vt 0.607625 0.085118 0.000000
vt 0.593045 0.056745 0.000000
vt -0.228750 0.045396 0.000000
vt 0.576150 0.028373 0.000000
vt -0.228750 0.000000 0.000000
vt 0.557104 0.000000 0.000000
vt 0.536090 -0.028373 0.000000
vt -0.228750 -0.045396 0.000000
vt 0.513310 -0.056745 0.000000
vt -0.228750 -0.090792 0.000000
vt 0.488984 -0.085118 0.000000
vt 0.463346 -0.113490 0.000000
vt -0.228750 -0.136188 0.000000
vt 0.436642 -0.141863 0.000000
vt 0.409131 -0.170235 0.000000
vt -0.228750 -0.181584 0.000000
vt 0.381077 -0.198608 0.000000
vt -0.228750 -0.226980 0.000000
vt 0.352750 -0.226980 0.000000
vt 0.641750 0.226980 0.000000
vt -0.228750 0.226980 0.000000
vt 0.640358 0.198608 0.000000
vt -0.228750 0.181584 0.000000
vt 0.636197 0.170235 0.000000
vt -0.228750 0.136188 0.000000
vt 0.629306 0.141863 0.000000
vt 0.619751 0.113490 0.000000
vt -0.228750 0.090792 0.000000
vt 0.607625 0.085118 0.000000
vt 0.593045 0.056745 0.000000
vt -0.228750 0.045396 0.000000
vt 0.576150 0.028373 0.000000
vt -0.228750 0.000000 0.000000
vt 0.557104 0.000000 0.000000
vt 0.536090 -0.028373 0.000000
vt -0.228750 -0.045396 0.000000
vt 0.513310 -0.056745 0.000000
vt -0.228750 -0.090792 0.000000
vt 0.488984 -0.085118 0.000000
vt 0.463346 -0.113490 0.000000
vt -0.228750 -0.136188 0.000000
vt 0.436642 -0.141863 0.000000
vt 0.409131 -0.170235 0.000000
vt -0.228750 -0.181584 0.000000
vt 0.381077 -0.198608 0.000000
vt -0.228750 -0.226980 0.000000
vt 0.352750 -0.226980 0.000000
vt -0.150500 -0.226980 0.000000
vt -0.142500 -0.226980 0.000000
vt -0.178827 -0.198608 0.000000
vt -0.114173 -0.198608 0.000000
vt -0.086119 -0.170235 0.000000
vt -0.058608 -0.141863 0.000000
vt -0.234392 -0.141863 0.000000
vt -0.206881 -0.170235 0.000000
vt -0.031904 -0.113490 0.000000
vt -0.261096 -0.113490 0.000000
vt -0.006266 -0.085118 0.000000
vt -0.286734 -0.085118 0.000000
vt -0.311060 -0.056745 0.000000
vt 0.018060 -0.056745 0.000000
vt 0.040840 -0.028373 0.000000
vt 0.061854 0.000000 0.000000
vt -0.354854 0.000000 0.000000
vt -0.333840 -0.028373 0.000000
vt -0.373900 0.028373 0.000000
vt 0.080900 0.028373 0.000000
vt 0.097795 0.056745 0.000000
vt 0.112375 0.085118 0.000000
vt -0.405375 0.085118 0.000000
vt -0.390795 0.056745 0.000000
vt 0.124501 0.113490 0.000000
vt -0.417501 0.113490 0.000000
vt 0.134056 0.141863 0.000000
vt -0.427056 0.141863 0.000000
vt -0.433947 0.170235 0.000000
vt 0.140947 0.170235 0.000000
vt 0.145108 0.198608 0.000000
vt 0.146500 0.226980 0.000000
vt -0.439500 0.226980 0.000000
vt -0.438108 0.198608 0.000000
vt -0.848000 -0.226980 0.000000
vt -0.266500 -0.226980 0.000000
vt -0.876327 -0.198608 0.000000
vt -0.266500 -0.181584 0.000000
vt -0.904381 -0.170235 0.000000
vt -0.266500 -0.136188 0.000000
vt -0.931892 -0.141863 0.000000
vt -0.958596 -0.113490 0.000000
vt -0.266500 -0.090792 0.000000
vt -0.984234 -0.085118 0.000000
vt -1.008560 -0.056745 0.000000
vt -0.266500 -0.045396 0.000000
vt -1.031340 -0.028373 0.000000
vt -0.266500 0.000000 0.000000
vt -1.052354 0.000000 0.000000
vt -1.071400 0.028373 0.000000
vt -0.266500 0.045396 0.000000
vt -1.088295 0.056745 0.000000
vt -0.266500 0.090792 0.000000
vt -1.102875 0.085118 0.000000
vt -1.115001 0.113490 0.000000
vt -0.266500 0.136188 0.000000
vt -1.124556 0.141863 0.000000
vt -1.131447 0.170235 0.000000
vt -0.266500 0.181584 0.000000
vt -1.135608 0.198608 0.000000
vt -0.266500 0.226980 0.000000
vt -1.137000 0.226980 0.000000
vt 0.641750 0.226980 0.000000
vt -0.228750 0.226980 0.000000
vt 0.640358 0.198608 0.000000
vt -0.228750 0.181584 0.000000
vt 0.636197 0.170235 0.000000
vt -0.228750 0.136188 0.000000
vt 0.629306 0.141863 0.000000
vt 0.619751 0.113490 0.000000
vt -0.228750 0.090792 0.000000
vt 0.607625 0.085118 0.000000
vt 0.593045 0.056745 0.000000
vt -0.228750 0.045396 0.000000
vt 0.576150 0.028373 0.000000
vt -0.228750 -0.000000 0.000000
vt 0.557104 -0.000000 0.000000
vt 0.536090 -0.028373 0.000000
vt -0.228750 -0.045396 0.000000
vt 0.513310 -0.056745 0.000000
vt -0.228750 -0.090792 0.000000
vt 0.488984 -0.085118 0.000000
vt 0.463346 -0.113490 0.000000
vt -0.228750 -0.136188 0.000000
vt 0.436642 -0.141863 0.000000
vt 0.409131 -0.170235 0.000000
vt -0.228750 -0.181584 0.000000
vt 0.381077 -0.198608 0.000000
vt -0.228750 -0.226980 0.000000
vt 0.352750 -0.226980 0.000000
vt -0.150500 -0.226980 0.000000
vt -0.142500 -0.226980 0.000000
vt -0.178827 -0.198608 0.000000
vt -0.114173 -0.198608 0.000000
vt -0.086119 -0.170235 0.000000
vt -0.058608 -0.141863 0.000000
vt -0.234392 -0.141863 0.000000
vt -0.206881 -0.170235 0.000000
vt -0.031904 -0.113490 0.000000
vt -0.261096 -0.113490 0.000000
vt -0.006266 -0.085118 0.000000
vt -0.286734 -0.085118 0.000000
vt -0.311060 -0.056745 0.000000
vt 0.018060 -0.056745 0.000000
vt 0.040840 -0.028373 0.000000
vt 0.061854 0.000000 0.000000
vt -0.354854 -0.000000 0.000000
vt -0.333840 -0.028373 0.000000
vt -0.373900 0.028373 0.000000
vt 0.080900 0.028373 0.000000
vt 0.097795 0.056745 0.000000
vt 0.112375 0.085118 0.000000
vt -0.405375 0.085118 0.000000
vt -0.390795 0.056745 0.000000
vt 0.124501 0.113490 0.000000
vt -0.417501 0.113490 0.000000
vt 0.134056 0.141863 0.000000
vt -0.427056 0.141863 0.000000
vt -0.433947 0.170235 0.000000
vt 0.140947 0.170235 0.000000
vt 0.145108 0.198608 0.000000
vt 0.146500 0.226980 0.000000
vt -0.439500 0.226980 0.000000
vt -0.438108 0.198608 0.000000
vt -0.848000 -0.226980 0.000000
vt -0.266500 -0.226980 0.000000
vt -0.876327 -0.198608 0.000000
vt -0.266500 -0.181584 0.000000
vt -0.904381 -0.170235 0.000000
vt -0.266500 -0.136188 0.000000
vt -0.931892 -0.141863 0.000000
vt -0.958596 -0.113490 0.000000
vt -0.266500 -0.090792 0.000000
vt -0.984234 -0.085118 0.000000
vt -1.008560 -0.056745 0.000000
vt -0.266500 -0.045396 0.000000
vt -1.031340 -0.028373 0.000000
vt -0.266500 -0.000000 0.000000
vt -1.052354 0.000000 0.000000
vt -1.071400 0.028373 0.000000
vt -0.266500 0.045396 0.000000
vt -1.088295 0.056745 0.000000
vt -0.266500 0.090792 0.000000
vt -1.102875 0.085118 0.000000
vt -1.115001 0.113490 0.000000
vt -0.266500 0.136188 0.000000
vt -1.124556 0.141863 0.000000
vt -1.131447 0.170235 0.000000
vt -0.266500 0.181584 0.000000
vt -1.135608 0.198608 0.000000
vt -0.266500 0.226980 0.000000
vt -1.137000 0.226980 0.000000
vt -0.848000 -0.226980 0.000000
vt -0.266500 -0.226980 0.000000
vt -0.876327 -0.198608 0.000000
vt -0.266500 -0.181584 0.000000
vt -0.904381 -0.170235 0.000000
vt -0.266500 -0.136188 0.000000
vt -0.931892 -0.141863 0.000000
vt -0.958596 -0.113490 0.000000
vt -0.266500 -0.090792 0.000000
vt -0.984234 -0.085118 0.000000
vt -1.008560 -0.056745 0.000000
vt -0.266500 -0.045396 0.000000
vt -1.031340 -0.028373 0.000000
vt -0.266500 -0.000000 0.000000
vt -1.052354 -0.000000 0.000000
vt -1.071400 0.028373 0.000000
vt -0.266500 0.045396 0.000000
vt -1.088295 0.056745 0.000000
vt -0.266500 0.090792 0.000000
vt -1.102875 0.085118 0.000000
vt -1.115001 0.113490 0.000000
vt -0.266500 0.136188 0.000000
vt -1.124556 0.141863 0.000000
vt -1.131447 0.170235 0.000000
vt -0.266500 0.181584 0.000000
vt -1.135608 0.198608 0.000000
vt -0.266500 0.226980 0.000000
vt -1.137000 0.226980 0.000000
vt 0.146500 0.226980 0.000000
vt -0.439500 0.226980 0.000000
vt 0.145108 0.198608 0.000000
vt -0.438108 0.198608 0.000000
vt -0.433947 0.170235 0.000000
vt -0.427056 0.141863 0.000000
vt 0.134056 0.141863 0.000000
vt 0.140947 0.170235 0.000000
vt -0.417501 0.113490 0.000000
vt 0.124501 0.113490 0.000000
vt -0.405375 0.085118 0.000000
vt 0.112375 0.085118 0.000000
vt 0.097795 0.056745 0.000000
vt -0.390795 0.056745 0.000000
vt -0.373900 0.028373 0.000000
vt -0.354854 -0.000000 0.000000
vt 0.061854 0.000000 0.000000
vt 0.080900 0.028373 0.000000
vt 0.040840 -0.028373 0.000000
vt -0.333840 -0.028373 0.000000
vt -0.311060 -0.056745 0.000000
vt -0.286734 -0.085118 0.000000
vt -0.006266 -0.085118 0.000000
vt 0.018060 -0.056745 0.000000
vt -0.261096 -0.113490 0.000000
vt -0.031904 -0.113490 0.000000
vt -0.234392 -0.141863 0.000000
vt -0.058608 -0.141863 0.000000
vt -0.086119 -0.170235 0.000000
vt -0.206881 -0.170235 0.000000
vt -0.178827 -0.198608 0.000000
vt -0.150500 -0.226980 0.000000
vt -0.142500 -0.226980 0.000000
vt -0.114173 -0.198608 0.000000
vt 0.641750 0.226980 0.000000
vt -0.228750 0.226980 0.000000
vt 0.640358 0.198608 0.000000
vt -0.228750 0.181584 0.000000
vt 0.636197 0.170235 0.000000
vt -0.228750 0.136188 0.000000
vt 0.629306 0.141863 0.000000
vt 0.619751 0.113490 0.000000
vt -0.228750 0.090792 0.000000
vt 0.607625 0.085118 0.000000
vt 0.593045 0.056745 0.000000
vt -0.228750 0.045396 0.000000
vt 0.576150 0.028373 0.000000
vt -0.228750 0.000000 0.000000
vt 0.557104 0.000000 0.000000
vt 0.536090 -0.028373 0.000000
vt -0.228750 -0.045396 0.000000
vt 0.513310 -0.056745 0.000000
vt -0.228750 -0.090792 0.000000
vt 0.488984 -0.085118 0.000000
vt 0.463346 -0.113490 0.000000
vt -0.228750 -0.136188 0.000000
vt 0.436642 -0.141863 0.000000
vt 0.409131 -0.170235 0.000000
vt -0.228750 -0.181584 0.000000
vt 0.381077 -0.198608 0.000000
vt -0.228750 -0.226980 0.000000
vt 0.352750 -0.226980 0.000000
vt -0.004000 -0.994500 0.000000
vt 0.004000 -0.994500 0.000000
vt -0.004000 -0.413000 0.000000
vt 0.004000 -0.413000 0.000000
vt -0.008163 -0.354793 0.000000
vt 0.008163 -0.354793 0.000000
vt -0.020567 -0.297771 0.000000
vt 0.020567 -0.297771 0.000000
vt -0.040961 -0.243095 0.000000
vt 0.040961 -0.243095 0.000000
vt -0.068927 -0.191878 0.000000
vt 0.068927 -0.191878 0.000000
vt -0.103898 -0.145162 0.000000
vt 0.103898 -0.145162 0.000000
vt -0.145162 -0.103898 0.000000
vt -0.145162 0.103898 0.000000
vt -0.191878 0.068927 0.000000
vt 0.145162 -0.103898 0.000000
vt -0.103898 0.145162 0.000000
vt 0.145162 0.103898 0.000000
vt 0.103898 0.145162 0.000000
vt 0.191878 -0.068927 0.000000
vt 0.191878 0.068927 0.000000
vt 0.243095 -0.040961 0.000000
vt 0.243095 0.040961 0.000000
vt 0.297771 -0.020567 0.000000
vt 0.297771 0.020567 0.000000
vt 0.354793 -0.008163 0.000000
vt 0.354793 0.008163 0.000000
vt 0.413000 0.004000 0.000000
vt 0.413000 -0.004000 0.000000
vt 0.994500 -0.004000 0.000000
vt 0.994500 0.004000 0.000000
vt -0.068927 0.191878 0.000000
vt 0.068927 0.191878 0.000000
vt -0.040961 0.243095 0.000000
vt 0.040961 0.243095 0.000000
vt -0.020567 0.297771 0.000000
vt 0.020567 0.297771 0.000000
vt -0.008163 0.354793 0.000000
vt 0.008163 0.354793 0.000000
vt -0.004000 0.413000 0.000000
vt 0.004000 0.413000 0.000000
vt -0.004000 0.994500 0.000000
vt 0.004000 0.994500 0.000000
vt -0.191878 -0.068927 0.000000
vt -0.243095 0.040961 0.000000
vt -0.243095 -0.040961 0.000000
vt -0.297771 0.020567 0.000000
vt -0.297771 -0.020567 0.000000
vt -0.354793 0.008163 0.000000
vt -0.354793 -0.008163 0.000000
vt -0.413000 0.004000 0.000000
vt -0.413000 -0.004000 0.000000
vt -0.994500 0.004000 0.000000
vt -0.994500 -0.004000 0.000000
vt 0.586000 2.211000 0.000000
vt 0.000000 2.211000 0.000000
vt 0.586000 0.000000 0.000000
vt 0.000000 0.000000 0.000000
vt 1.696500 0.000000 0.000000
vt 2.567000 0.000000 0.000000
vt 1.696500 2.211000 0.000000
vt 2.567000 2.211000 0.000000
vt -0.499356 -0.642915 0.000000
vt -0.453960 -0.642915 0.000000
vt -0.499356 -0.621484 0.000000
vt -0.453960 -0.613691 0.000000
vt -0.499356 -0.600054 0.000000
vt -0.453960 -0.584468 0.000000
vt -0.499356 -0.578623 0.000000
vt -0.453960 -0.555245 0.000000
vt -0.499356 -0.557193 0.000000
vt -0.499356 -0.535762 0.000000
vt -0.544752 -0.535762 0.000000
vt -0.544752 -0.514332 0.000000
vt -0.590148 -0.514332 0.000000
vt -0.590148 -0.492901 0.000000
vt -0.635544 -0.492901 0.000000
vt -0.635544 -0.471471 0.000000
vt -0.680940 -0.471471 0.000000
vt -0.680940 -0.450040 0.000000
vt -0.726336 -0.450040 0.000000
vt -0.726336 -0.428610 0.000000
vt -0.771732 -0.428610 0.000000
vt -0.771732 -0.407179 0.000000
vt -0.817128 -0.407179 0.000000
vt -0.817128 -0.385749 0.000000
vt -0.862524 -0.385749 0.000000
vt -0.862524 -0.364318 0.000000
vt -0.907920 -0.375034 0.000000
vt -0.862524 -0.342888 0.000000
vt -0.907920 -0.321457 0.000000
vt -0.862524 -0.321457 0.000000
vt -0.817128 -0.342888 0.000000
vt -0.817128 -0.321457 0.000000
vt -0.771732 -0.342888 0.000000
vt -0.771732 -0.321457 0.000000
vt -0.726336 -0.342888 0.000000
vt -0.726336 -0.321457 0.000000
vt -0.680940 -0.342888 0.000000
vt -0.680940 -0.321457 0.000000
vt -0.635544 -0.342888 0.000000
vt -0.635544 -0.321457 0.000000
vt -0.590148 -0.342888 0.000000
vt -0.590148 -0.321457 0.000000
vt -0.544752 -0.342888 0.000000
vt -0.544752 -0.321457 0.000000
vt -0.499356 -0.342888 0.000000
vt -0.499356 -0.321457 0.000000
vt -0.453960 -0.321457 0.000000
vt -0.453960 -0.350681 0.000000
vt -0.499356 -0.364318 0.000000
vt -0.453960 -0.379904 0.000000
vt -0.499356 -0.385749 0.000000
vt -0.453960 -0.409128 0.000000
vt -0.499356 -0.407179 0.000000
vt -0.499356 -0.428610 0.000000
vt -0.544752 -0.407179 0.000000
vt -0.544752 -0.428610 0.000000
vt -0.590148 -0.407179 0.000000
vt -0.590148 -0.428610 0.000000
vt -0.635544 -0.407179 0.000000
vt -0.635544 -0.428610 0.000000
vt -0.680940 -0.407179 0.000000
vt -0.680940 -0.428610 0.000000
vt -0.726336 -0.407179 0.000000
vt -0.453960 -0.526021 0.000000
vt -0.499356 -0.514332 0.000000
vt -0.544752 -0.492901 0.000000
vt -0.590148 -0.471471 0.000000
vt -0.635544 -0.450040 0.000000
vt -0.453960 -0.496798 0.000000
vt -0.499356 -0.492901 0.000000
vt -0.544752 -0.471471 0.000000
vt -0.590148 -0.450040 0.000000
vt -0.453960 -0.467574 0.000000
vt -0.499356 -0.471471 0.000000
vt -0.544752 -0.450040 0.000000
vt -0.499356 -0.450040 0.000000
vt -0.453960 -0.438351 0.000000
vt -0.907920 -0.428610 0.000000
vt -0.862524 -0.407179 0.000000
vt -0.817128 -0.428610 0.000000
vt -0.771732 -0.450040 0.000000
vt -0.726336 -0.471471 0.000000
vt -0.680940 -0.492901 0.000000
vt -0.635544 -0.514332 0.000000
vt -0.590148 -0.535762 0.000000
vt -0.544752 -0.557193 0.000000
vt -0.907920 -0.482186 0.000000
vt -0.862524 -0.450040 0.000000
vt -0.862524 -0.428610 0.000000
vt -0.907920 -0.535762 0.000000
vt -0.862524 -0.492901 0.000000
vt -0.862524 -0.471471 0.000000
vt -0.817128 -0.471471 0.000000
vt -0.817128 -0.450040 0.000000
vt -0.771732 -0.471471 0.000000
vt -0.907920 -0.589339 0.000000
vt -0.862524 -0.557193 0.000000
vt -0.862524 -0.535762 0.000000
vt -0.862524 -0.514332 0.000000
vt -0.817128 -0.535762 0.000000
vt -0.817128 -0.514332 0.000000
vt -0.771732 -0.535762 0.000000
vt -0.771732 -0.514332 0.000000
vt -0.726336 -0.535762 0.000000
vt -0.726336 -0.514332 0.000000
vt -0.680940 -0.535762 0.000000
vt -0.680940 -0.514332 0.000000
vt -0.635544 -0.535762 0.000000
vt -0.907920 -0.642915 0.000000
vt -0.862524 -0.600054 0.000000
vt -0.862524 -0.578623 0.000000
vt -0.817128 -0.578623 0.000000
vt -0.817128 -0.557193 0.000000
vt -0.771732 -0.578623 0.000000
vt -0.771732 -0.557193 0.000000
vt -0.726336 -0.578623 0.000000
vt -0.726336 -0.557193 0.000000
vt -0.680940 -0.578623 0.000000
vt -0.680940 -0.557193 0.000000
vt -0.635544 -0.578623 0.000000
vt -0.635544 -0.557193 0.000000
vt -0.590148 -0.578623 0.000000
vt -0.590148 -0.557193 0.000000
vt -0.544752 -0.578623 0.000000
vt -0.862524 -0.621484 0.000000
vt -0.862524 -0.642915 0.000000
vt -0.817128 -0.642915 0.000000
vt -0.817128 -0.621484 0.000000
vt -0.771732 -0.642915 0.000000
vt -0.771732 -0.621484 0.000000
vt -0.726336 -0.642915 0.000000
vt -0.726336 -0.621484 0.000000
vt -0.680940 -0.642915 0.000000
vt -0.680940 -0.621484 0.000000
vt -0.635544 -0.642915 0.000000
vt -0.635544 -0.621484 0.000000
vt -0.590148 -0.642915 0.000000
vt -0.590148 -0.621484 0.000000
vt -0.544752 -0.642915 0.000000
vt -0.544752 -0.621484 0.000000
vt -0.544752 -0.600054 0.000000
vt -0.590148 -0.600054 0.000000
vt -0.635544 -0.600054 0.000000
vt -0.680940 -0.600054 0.000000
vt -0.726336 -0.600054 0.000000
vt -0.771732 -0.600054 0.000000
vt -0.817128 -0.600054 0.000000
vt -0.726336 -0.492901 0.000000
vt -0.771732 -0.492901 0.000000
vt -0.817128 -0.492901 0.000000
vt -0.544752 -0.385749 0.000000
vt -0.544752 -0.364318 0.000000
vt -0.590148 -0.385749 0.000000
vt -0.590148 -0.364318 0.000000
vt -0.635544 -0.385749 0.000000
vt -0.635544 -0.364318 0.000000
vt -0.680940 -0.385749 0.000000
vt -0.680940 -0.364318 0.000000
vt -0.726336 -0.385749 0.000000
vt -0.726336 -0.364318 0.000000
vt -0.771732 -0.385749 0.000000
vt -0.771732 -0.364318 0.000000
vt -0.817128 -0.364318 0.000000
vt 0.953316 0.000000 0.000000
vt 0.907920 0.000000 0.000000
vt 0.953316 -0.021430 0.000000
vt 0.907920 -0.053576 0.000000
vt 0.953316 -0.042861 0.000000
vt 0.953316 -0.064291 0.000000
vt 0.998712 -0.064291 0.000000
vt 0.998712 -0.085722 0.000000
vt 1.044108 -0.085722 0.000000
vt 1.044108 -0.107152 0.000000
vt 1.089504 -0.107152 0.000000
vt 1.089504 -0.128583 0.000000
vt 1.134900 -0.128583 0.000000
vt 1.134900 -0.150013 0.000000
vt 1.180296 -0.150013 0.000000
vt 1.180296 -0.171444 0.000000
vt 1.225692 -0.171444 0.000000
vt 1.225692 -0.192874 0.000000
vt 1.271088 -0.192874 0.000000
vt 1.271088 -0.214305 0.000000
vt 1.316484 -0.214305 0.000000
vt 1.316484 -0.235735 0.000000
vt 1.361880 -0.233787 0.000000
vt 1.316484 -0.257166 0.000000
vt 1.361880 -0.263011 0.000000
vt 1.316484 -0.278596 0.000000
vt 1.361880 -0.292234 0.000000
vt 1.316484 -0.300027 0.000000
vt 1.361880 -0.321457 0.000000
vt 1.316484 -0.321457 0.000000
vt 1.271088 -0.300027 0.000000
vt 1.271088 -0.321457 0.000000
vt 1.225692 -0.300027 0.000000
vt 1.225692 -0.321457 0.000000
vt 1.180296 -0.300027 0.000000
vt 1.180296 -0.321457 0.000000
vt 1.134900 -0.300027 0.000000
vt 1.134900 -0.321457 0.000000
vt 1.089504 -0.300027 0.000000
vt 1.089504 -0.321457 0.000000
vt 1.044108 -0.300027 0.000000
vt 1.044108 -0.321457 0.000000
vt 0.998712 -0.300027 0.000000
vt 0.998712 -0.321457 0.000000
vt 0.953316 -0.300027 0.000000
vt 0.953316 -0.321457 0.000000
vt 0.907920 -0.321457 0.000000
vt 0.953316 -0.278596 0.000000
vt 0.907920 -0.267881 0.000000
vt 0.953316 -0.257166 0.000000
vt 0.953316 -0.235735 0.000000
vt 0.998712 -0.257166 0.000000
vt 0.998712 -0.235735 0.000000
vt 1.044108 -0.257166 0.000000
vt 1.044108 -0.235735 0.000000
vt 1.089504 -0.257166 0.000000
vt 1.089504 -0.235735 0.000000
vt 1.134900 -0.257166 0.000000
vt 1.134900 -0.235735 0.000000
vt 1.180296 -0.257166 0.000000
vt 1.180296 -0.235735 0.000000
vt 1.225692 -0.257166 0.000000
vt 1.225692 -0.235735 0.000000
vt 1.271088 -0.257166 0.000000
vt 1.271088 -0.235735 0.000000
vt 0.907920 -0.107152 0.000000
vt 0.953316 -0.085722 0.000000
vt 0.998712 -0.107152 0.000000
vt 1.044108 -0.128583 0.000000
vt 1.089504 -0.150013 0.000000
vt 1.134900 -0.171444 0.000000
vt 1.180296 -0.192874 0.000000
vt 1.225692 -0.214305 0.000000
vt 0.907920 -0.160729 0.000000
vt 0.953316 -0.128583 0.000000
vt 0.953316 -0.107152 0.000000
vt 0.907920 -0.214305 0.000000
vt 0.953316 -0.171444 0.000000
vt 0.953316 -0.150013 0.000000
vt 0.998712 -0.150013 0.000000
vt 0.998712 -0.128583 0.000000
vt 1.044108 -0.150013 0.000000
vt 0.953316 -0.214305 0.000000
vt 0.953316 -0.192874 0.000000
vt 0.998712 -0.214305 0.000000
vt 0.998712 -0.192874 0.000000
vt 1.044108 -0.214305 0.000000
vt 1.044108 -0.192874 0.000000
vt 1.089504 -0.214305 0.000000
vt 1.089504 -0.192874 0.000000
vt 1.134900 -0.214305 0.000000
vt 1.134900 -0.192874 0.000000
vt 1.180296 -0.214305 0.000000
vt 1.361880 -0.204564 0.000000
vt 1.316484 -0.192874 0.000000
vt 1.271088 -0.171444 0.000000
vt 1.225692 -0.150013 0.000000
vt 1.180296 -0.128583 0.000000
vt 1.134900 -0.107152 0.000000
vt 1.089504 -0.085722 0.000000
vt 1.044108 -0.064291 0.000000
vt 0.998712 -0.042861 0.000000
vt 1.361880 -0.175340 0.000000
vt 1.316484 -0.171444 0.000000
vt 1.271088 -0.150013 0.000000
vt 1.225692 -0.128583 0.000000
vt 1.180296 -0.107152 0.000000
vt 1.134900 -0.085722 0.000000
vt 1.089504 -0.064291 0.000000
vt 1.044108 -0.042861 0.000000
vt 0.998712 -0.021430 0.000000
vt 1.361880 -0.146117 0.000000
vt 1.316484 -0.150013 0.000000
vt 1.271088 -0.128583 0.000000
vt 1.225692 -0.107152 0.000000
vt 1.180296 -0.085722 0.000000
vt 1.134900 -0.064291 0.000000
vt 1.089504 -0.042861 0.000000
vt 1.044108 -0.021430 0.000000
vt 0.998712 0.000000 0.000000
vt 1.316484 -0.128583 0.000000
vt 1.361880 -0.116894 0.000000
vt 1.316484 -0.107152 0.000000
vt 1.361880 -0.087670 0.000000
vt 1.316484 -0.085722 0.000000
vt 1.316484 -0.064291 0.000000
vt 1.271088 -0.064291 0.000000
vt 1.271088 -0.042861 0.000000
vt 1.225692 -0.042861 0.000000
vt 1.225692 -0.021430 0.000000
vt 1.180296 -0.021430 0.000000
vt 1.180296 0.000000 0.000000
vt 1.134900 0.000000 0.000000
vt 1.361880 -0.058447 0.000000
vt 1.316484 -0.042861 0.000000
vt 1.271088 -0.021430 0.000000
vt 1.225692 0.000000 0.000000
vt 1.361880 -0.029223 0.000000
vt 1.316484 -0.021430 0.000000
vt 1.271088 0.000000 0.000000
vt 1.361880 0.000000 0.000000
vt 1.316484 0.000000 0.000000
vt 1.134900 -0.021430 0.000000
vt 1.089504 0.000000 0.000000
vt 1.089504 -0.021430 0.000000
vt 1.044108 0.000000 0.000000
vt 1.134900 -0.042861 0.000000
vt 1.180296 -0.042861 0.000000
vt 1.180296 -0.064291 0.000000
vt 1.225692 -0.064291 0.000000
vt 1.225692 -0.085722 0.000000
vt 1.271088 -0.085722 0.000000
vt 1.271088 -0.107152 0.000000
vt 0.998712 -0.171444 0.000000
vt 1.044108 -0.171444 0.000000
vt 1.089504 -0.171444 0.000000
vt 0.998712 -0.278596 0.000000
vt 1.044108 -0.278596 0.000000
vt 1.089504 -0.278596 0.000000
vt 1.134900 -0.278596 0.000000
vt 1.180296 -0.278596 0.000000
vt 1.225692 -0.278596 0.000000
vt 1.271088 -0.278596 0.000000
vt -0.499356 0.000000 0.000000
vt -0.453960 0.000000 0.000000
vt -0.499356 0.021430 0.000000
vt -0.453960 0.029223 0.000000
vt -0.499356 0.042861 0.000000
vt -0.453960 0.058447 0.000000
vt -0.499356 0.064291 0.000000
vt -0.453960 0.087670 0.000000
vt -0.499356 0.085722 0.000000
vt -0.499356 0.107152 0.000000
vt -0.544752 0.107152 0.000000
vt -0.544752 0.128583 0.000000
vt -0.590148 0.128583 0.000000
vt -0.590148 0.150013 0.000000
vt -0.635544 0.150013 0.000000
vt -0.635544 0.171444 0.000000
vt -0.680940 0.171444 0.000000
vt -0.680940 0.192874 0.000000
vt -0.726336 0.192874 0.000000
vt -0.726336 0.214305 0.000000
vt -0.771732 0.214305 0.000000
vt -0.771732 0.235735 0.000000
vt -0.817128 0.235735 0.000000
vt -0.817128 0.257166 0.000000
vt -0.862524 0.257166 0.000000
vt -0.862524 0.278596 0.000000
vt -0.907920 0.267881 0.000000
vt -0.862524 0.300027 0.000000
vt -0.907920 0.321457 0.000000
vt -0.862524 0.321457 0.000000
vt -0.817128 0.300027 0.000000
vt -0.817128 0.321457 0.000000
vt -0.771732 0.300027 0.000000
vt -0.771732 0.321457 0.000000
vt -0.726336 0.300027 0.000000
vt -0.726336 0.321457 0.000000
vt -0.680940 0.300027 0.000000
vt -0.680940 0.321457 0.000000
vt -0.635544 0.300027 0.000000
vt -0.635544 0.321457 0.000000
vt -0.590148 0.300027 0.000000
vt -0.590148 0.321457 0.000000
vt -0.544752 0.300027 0.000000
vt -0.544752 0.321457 0.000000
vt -0.499356 0.300027 0.000000
vt -0.499356 0.321457 0.000000
vt -0.453960 0.321457 0.000000
vt -0.453960 0.292234 0.000000
vt -0.499356 0.278596 0.000000
vt -0.453960 0.263011 0.000000
vt -0.499356 0.257166 0.000000
vt -0.453960 0.233787 0.000000
vt -0.499356 0.235735 0.000000
vt -0.499356 0.214305 0.000000
vt -0.544752 0.235735 0.000000
vt -0.544752 0.214305 0.000000
vt -0.590148 0.235735 0.000000
vt -0.590148 0.214305 0.000000
vt -0.635544 0.235735 0.000000
vt -0.635544 0.214305 0.000000
vt -0.680940 0.235735 0.000000
vt -0.680940 0.214305 0.000000
vt -0.726336 0.235735 0.000000
vt -0.453960 0.116894 0.000000
vt -0.499356 0.128583 0.000000
vt -0.544752 0.150013 0.000000
vt -0.590148 0.171444 0.000000
vt -0.635544 0.192874 0.000000
vt -0.453960 0.146117 0.000000
vt -0.499356 0.150013 0.000000
vt -0.544752 0.171444 0.000000
vt -0.590148 0.192874 0.000000
vt -0.453960 0.175340 0.000000
vt -0.499356 0.171444 0.000000
vt -0.544752 0.192874 0.000000
vt -0.499356 0.192874 0.000000
vt -0.453960 0.204564 0.000000
vt -0.907920 0.214305 0.000000
vt -0.862524 0.235735 0.000000
vt -0.817128 0.214305 0.000000
vt -0.771732 0.192874 0.000000
vt -0.726336 0.171444 0.000000
vt -0.680940 0.150013 0.000000
vt -0.635544 0.128583 0.000000
vt -0.590148 0.107152 0.000000
vt -0.544752 0.085722 0.000000
vt -0.907920 0.160729 0.000000
vt -0.862524 0.192874 0.000000
vt -0.862524 0.214305 0.000000
vt -0.907920 0.107152 0.000000
vt -0.862524 0.150013 0.000000
vt -0.862524 0.171444 0.000000
vt -0.817128 0.171444 0.000000
vt -0.817128 0.192874 0.000000
vt -0.771732 0.171444 0.000000
vt -0.907920 0.053576 0.000000
vt -0.862524 0.085722 0.000000
vt -0.862524 0.107152 0.000000
vt -0.862524 0.128583 0.000000
vt -0.817128 0.107152 0.000000
vt -0.817128 0.128583 0.000000
vt -0.771732 0.107152 0.000000
vt -0.771732 0.128583 0.000000
vt -0.726336 0.107152 0.000000
vt -0.726336 0.128583 0.000000
vt -0.680940 0.107152 0.000000
vt -0.680940 0.128583 0.000000
vt -0.635544 0.107152 0.000000
vt -0.907920 0.000000 0.000000
vt -0.862524 0.042861 0.000000
vt -0.862524 0.064291 0.000000
vt -0.817128 0.064291 0.000000
vt -0.817128 0.085722 0.000000
vt -0.771732 0.064291 0.000000
vt -0.771732 0.085722 0.000000
vt -0.726336 0.064291 0.000000
vt -0.726336 0.085722 0.000000
vt -0.680940 0.064291 0.000000
vt -0.680940 0.085722 0.000000
vt -0.635544 0.064291 0.000000
vt -0.635544 0.085722 0.000000
vt -0.590148 0.064291 0.000000
vt -0.590148 0.085722 0.000000
vt -0.544752 0.064291 0.000000
vt -0.862524 0.021430 0.000000
vt -0.862524 0.000000 0.000000
vt -0.817128 0.000000 0.000000
vt -0.817128 0.021430 0.000000
vt -0.771732 0.000000 0.000000
vt -0.771732 0.021430 0.000000
vt -0.726336 0.000000 0.000000
vt -0.726336 0.021430 0.000000
vt -0.680940 0.000000 0.000000
vt -0.680940 0.021430 0.000000
vt -0.635544 0.000000 0.000000
vt -0.635544 0.021430 0.000000
vt -0.590148 0.000000 0.000000
vt -0.590148 0.021430 0.000000
vt -0.544752 0.000000 0.000000
vt -0.544752 0.021430 0.000000
vt -0.544752 0.042861 0.000000
vt -0.590148 0.042861 0.000000
vt -0.635544 0.042861 0.000000
vt -0.680940 0.042861 0.000000
vt -0.726336 0.042861 0.000000
vt -0.771732 0.042861 0.000000
vt -0.817128 0.042861 0.000000
vt -0.726336 0.150013 0.000000
vt -0.771732 0.150013 0.000000
vt -0.817128 0.150013 0.000000
vt -0.544752 0.257166 0.000000
vt -0.544752 0.278596 0.000000
vt -0.590148 0.257166 0.000000
vt -0.590148 0.278596 0.000000
vt -0.635544 0.257166 0.000000
vt -0.635544 0.278596 0.000000
vt -0.680940 0.257166 0.000000
vt -0.680940 0.278596 0.000000
vt -0.726336 0.257166 0.000000
vt -0.726336 0.278596 0.000000
vt -0.771732 0.257166 0.000000
vt -0.771732 0.278596 0.000000
vt -0.817128 0.278596 0.000000
vt 2.211000 -0.062832 0.000000
vt 1.658250 -0.062832 0.000000
vt 2.211000 -0.094248 0.000000
vt 1.105500 -0.062832 0.000000
vt 0.000000 -0.094248 0.000000
vt 0.552750 -0.062832 0.000000
vt 0.000000 -0.062832 0.000000
vt 0.000000 -0.031416 0.000000
vt 0.552750 -0.031416 0.000000
vt 0.000000 -0.000000 0.000000
vt 0.552750 -0.000000 0.000000
vt -0.000000 0.031416 0.000000
vt 0.552750 0.031416 0.000000
vt -0.000000 0.062832 0.000000
vt 0.552750 0.062832 0.000000
vt -0.000000 0.094248 0.000000
vt 1.105500 0.062832 0.000000
vt 2.211000 0.094248 0.000000
vt 1.658250 0.062832 0.000000
vt 2.211000 0.062832 0.000000
vt 2.211000 0.031416 0.000000
vt 1.658250 0.031416 0.000000
vt 2.211000 -0.000000 0.000000
vt 1.658250 -0.000000 0.000000
vt 2.211000 -0.031416 0.000000
vt 1.658250 -0.031416 0.000000
vt 1.105500 -0.031416 0.000000
vt 1.105500 -0.000000 0.000000
vt 1.105500 0.031416 0.000000
vt 0.870500 2.211000 0.000000
vt -0.000000 2.211000 0.000000
vt 0.870500 0.000000 0.000000
vt -0.000000 0.000000 0.000000
vt 2.211000 -0.062832 0.000000
vt 1.658250 -0.062832 0.000000
vt 2.211000 -0.094248 0.000000
vt 1.105500 -0.062832 0.000000
vt -0.000000 -0.094248 0.000000
vt 0.552750 -0.062832 0.000000
vt 0.000000 -0.062832 0.000000
vt 0.000000 -0.031416 0.000000
vt 0.552750 -0.031416 0.000000
vt -0.000000 0.000000 0.000000
vt 0.552750 0.000000 0.000000
vt -0.000000 0.031416 0.000000
vt 0.552750 0.031416 0.000000
vt -0.000000 0.062832 0.000000
vt 0.552750 0.062832 0.000000
vt -0.000000 0.094248 0.000000
vt 1.105500 0.062832 0.000000
vt 2.211000 0.094248 0.000000
vt 1.658250 0.062832 0.000000
vt 2.211000 0.062832 0.000000
vt 2.211000 0.031416 0.000000
vt 1.658250 0.031416 0.000000
vt 2.211000 -0.000000 0.000000
vt 1.658250 0.000000 0.000000
vt 2.211000 -0.031416 0.000000
vt 1.658250 -0.031416 0.000000
vt 1.105500 -0.031416 0.000000
vt 1.105500 0.000000 0.000000
vt 1.105500 0.031416 0.000000
vt 0.953316 -0.642915 0.000000
vt 0.907920 -0.642915 0.000000
vt 0.953316 -0.664345 0.000000
vt 0.907920 -0.696491 0.000000
vt 0.953316 -0.685776 0.000000
vt 0.953316 -0.707206 0.000000
vt 0.998712 -0.707206 0.000000
vt 0.998712 -0.728637 0.000000
vt 1.044108 -0.728637 0.000000
vt 1.044108 -0.750067 0.000000
vt 1.089504 -0.750067 0.000000
vt 1.089504 -0.771498 0.000000
vt 1.134900 -0.771498 0.000000
vt 1.134900 -0.792928 0.000000
vt 1.180296 -0.792928 0.000000
vt 1.180296 -0.814359 0.000000
vt 1.225692 -0.814359 0.000000
vt 1.225692 -0.835789 0.000000
vt 1.271088 -0.835789 0.000000
vt 1.271088 -0.857220 0.000000
vt 1.316484 -0.857220 0.000000
vt 1.316484 -0.878650 0.000000
vt 1.361880 -0.876702 0.000000
vt 1.316484 -0.900081 0.000000
vt 1.361880 -0.905925 0.000000
vt 1.316484 -0.921511 0.000000
vt 1.361880 -0.935149 0.000000
vt 1.316484 -0.942942 0.000000
vt 1.361880 -0.964372 0.000000
vt 1.316484 -0.964372 0.000000
vt 1.271088 -0.942942 0.000000
vt 1.271088 -0.964372 0.000000
vt 1.225692 -0.942942 0.000000
vt 1.225692 -0.964372 0.000000
vt 1.180296 -0.942942 0.000000
vt 1.180296 -0.964372 0.000000
vt 1.134900 -0.942942 0.000000
vt 1.134900 -0.964372 0.000000
vt 1.089504 -0.942942 0.000000
vt 1.089504 -0.964372 0.000000
vt 1.044108 -0.942942 0.000000
vt 1.044108 -0.964372 0.000000
vt 0.998712 -0.942942 0.000000
vt 0.998712 -0.964372 0.000000
vt 0.953316 -0.942942 0.000000
vt 0.953316 -0.964372 0.000000
vt 0.907920 -0.964372 0.000000
vt 0.953316 -0.921511 0.000000
vt 0.907920 -0.910796 0.000000
vt 0.953316 -0.900081 0.000000
vt 0.953316 -0.878650 0.000000
vt 0.998712 -0.900081 0.000000
vt 0.998712 -0.878650 0.000000
vt 1.044108 -0.900081 0.000000
vt 1.044108 -0.878650 0.000000
vt 1.089504 -0.900081 0.000000
vt 1.089504 -0.878650 0.000000
vt 1.134900 -0.900081 0.000000
vt 1.134900 -0.878650 0.000000
vt 1.180296 -0.900081 0.000000
vt 1.180296 -0.878650 0.000000
vt 1.225692 -0.900081 0.000000
vt 1.225692 -0.878650 0.000000
vt 1.271088 -0.900081 0.000000
vt 1.271088 -0.878650 0.000000
vt 0.907920 -0.750067 0.000000
vt 0.953316 -0.728637 0.000000
vt 0.998712 -0.750067 0.000000
vt 1.044108 -0.771498 0.000000
vt 1.089504 -0.792928 0.000000
vt 1.134900 -0.814359 0.000000
vt 1.180296 -0.835789 0.000000
vt 1.225692 -0.857220 0.000000
vt 0.907920 -0.803644 0.000000
vt 0.953316 -0.771498 0.000000
vt 0.953316 -0.750067 0.000000
vt 0.907920 -0.857220 0.000000
vt 0.953316 -0.814359 0.000000
vt 0.953316 -0.792928 0.000000
vt 0.998712 -0.792928 0.000000
vt 0.998712 -0.771498 0.000000
vt 1.044108 -0.792928 0.000000
vt 0.953316 -0.857220 0.000000
vt 0.953316 -0.835789 0.000000
vt 0.998712 -0.857220 0.000000
vt 0.998712 -0.835789 0.000000
vt 1.044108 -0.857220 0.000000
vt 1.044108 -0.835789 0.000000
vt 1.089504 -0.857220 0.000000
vt 1.089504 -0.835789 0.000000
vt 1.134900 -0.857220 0.000000
vt 1.134900 -0.835789 0.000000
vt 1.180296 -0.857220 0.000000
vt 1.361880 -0.847479 0.000000
vt 1.316484 -0.835789 0.000000
vt 1.271088 -0.814359 0.000000
vt 1.225692 -0.792928 0.000000
vt 1.180296 -0.771498 0.000000
vt 1.134900 -0.750067 0.000000
vt 1.089504 -0.728637 0.000000
vt 1.044108 -0.707206 0.000000
vt 0.998712 -0.685776 0.000000
vt 1.361880 -0.818255 0.000000
vt 1.316484 -0.814359 0.000000
vt 1.271088 -0.792928 0.000000
vt 1.225692 -0.771498 0.000000
vt 1.180296 -0.750067 0.000000
vt 1.134900 -0.728637 0.000000
vt 1.089504 -0.707206 0.000000
vt 1.044108 -0.685776 0.000000
vt 0.998712 -0.664345 0.000000
vt 1.361880 -0.789032 0.000000
vt 1.316484 -0.792928 0.000000
vt 1.271088 -0.771498 0.000000
vt 1.225692 -0.750067 0.000000
vt 1.180296 -0.728637 0.000000
vt 1.134900 -0.707206 0.000000
vt 1.089504 -0.685776 0.000000
vt 1.044108 -0.664345 0.000000
vt 0.998712 -0.642915 0.000000
vt 1.316484 -0.771498 0.000000
vt 1.361880 -0.759808 0.000000
vt 1.316484 -0.750067 0.000000
vt 1.361880 -0.730585 0.000000
vt 1.316484 -0.728637 0.000000
vt 1.316484 -0.707206 0.000000
vt 1.271088 -0.707206 0.000000
vt 1.271088 -0.685776 0.000000
vt 1.225692 -0.685776 0.000000
vt 1.225692 -0.664345 0.000000
vt 1.180296 -0.664345 0.000000
vt 1.180296 -0.642915 0.000000
vt 1.134900 -0.642915 0.000000
vt 1.361880 -0.701362 0.000000
vt 1.316484 -0.685776 0.000000
vt 1.271088 -0.664345 0.000000
vt 1.225692 -0.642915 0.000000
vt 1.361880 -0.672138 0.000000
vt 1.316484 -0.664345 0.000000
vt 1.271088 -0.642915 0.000000
vt 1.361880 -0.642915 0.000000
vt 1.316484 -0.642915 0.000000
vt 1.134900 -0.664345 0.000000
vt 1.089504 -0.642915 0.000000
vt 1.089504 -0.664345 0.000000
vt 1.044108 -0.642915 0.000000
vt 1.134900 -0.685776 0.000000
vt 1.180296 -0.685776 0.000000
vt 1.180296 -0.707206 0.000000
vt 1.225692 -0.707206 0.000000
vt 1.225692 -0.728637 0.000000
vt 1.271088 -0.728637 0.000000
vt 1.271088 -0.750067 0.000000
vt 0.998712 -0.814359 0.000000
vt 1.044108 -0.814359 0.000000
vt 1.089504 -0.814359 0.000000
vt 0.998712 -0.921511 0.000000
vt 1.044108 -0.921511 0.000000
vt 1.089504 -0.921511 0.000000
vt 1.134900 -0.921511 0.000000
vt 1.180296 -0.921511 0.000000
vt 1.225692 -0.921511 0.000000
vt 1.271088 -0.921511 0.000000
vt -0.000000 0.062832 0.000000
vt 0.552750 0.062832 0.000000
vt 0.000000 0.094248 0.000000
vt 1.105500 0.062832 0.000000
vt 2.211000 0.094248 0.000000
vt 1.658250 0.062832 0.000000
vt 2.211000 0.062832 0.000000
vt 2.211000 0.031416 0.000000
vt 1.658250 0.031416 0.000000
vt 2.211000 0.000000 0.000000
vt 1.658250 0.000000 0.000000
vt 2.211000 -0.031416 0.000000
vt 1.658250 -0.031416 0.000000
vt 2.211000 -0.062832 0.000000
vt 1.658250 -0.062832 0.000000
vt 2.211000 -0.094248 0.000000
vt 1.105500 -0.062832 0.000000
vt 0.000000 -0.094248 0.000000
vt 0.552750 -0.062832 0.000000
vt -0.000000 -0.062832 0.000000
vt -0.000000 -0.031416 0.000000
vt 0.552750 -0.031416 0.000000
vt -0.000000 0.000000 0.000000
vt 0.552750 0.000000 0.000000
vt -0.000000 0.031416 0.000000
vt 0.552750 0.031416 0.000000
vt 1.105500 0.031416 0.000000
vt 1.105500 0.000000 0.000000
vt 1.105500 -0.031416 0.000000
vt 0.120000 0.000000 0.000000
vt 0.990500 0.000000 0.000000
vt 0.120000 2.211000 0.000000
vt 0.990500 2.211000 0.000000
vt -0.000000 0.062832 0.000000
vt 0.552750 0.062832 0.000000
vt -0.000000 0.094248 0.000000
vt 1.105500 0.062832 0.000000
vt 2.211000 0.094248 0.000000
vt 1.658250 0.062832 0.000000
vt 2.211000 0.062832 0.000000
vt 2.211000 0.031416 0.000000
vt 1.658250 0.031416 0.000000
vt 2.211000 0.000000 0.000000
vt 1.658250 0.000000 0.000000
vt 2.211000 -0.031416 0.000000
vt 1.658250 -0.031416 0.000000
vt 2.211000 -0.062832 0.000000
vt 1.658250 -0.062832 0.000000
vt 2.211000 -0.094248 0.000000
vt 1.105500 -0.062832 0.000000
vt -0.000000 -0.094248 0.000000
vt 0.552750 -0.062832 0.000000
vt -0.000000 -0.062832 0.000000
vt 0.000000 -0.031416 0.000000
vt 0.552750 -0.031416 0.000000
vt -0.000000 0.000000 0.000000
vt 0.552750 0.000000 0.000000
vt -0.000000 0.031416 0.000000
vt 0.552750 0.031416 0.000000
vt 1.105500 0.031416 0.000000
vt 1.105500 0.000000 0.000000
vt 1.105500 -0.031416 0.000000
vt 0.586000 2.211000 0.000000
vt 0.000000 2.211000 0.000000
vt 0.586000 -0.000000 0.000000
vt -0.000000 0.000000 0.000000
vt 0.586000 2.211000 0.000000
vt 0.000000 2.211000 0.000000
vt 0.586000 0.000000 0.000000
vt 0.000000 0.000000 0.000000
vt 0.870500 2.211000 0.000000
vt 0.000000 2.211000 0.000000
vt 0.870500 0.000000 0.000000
vt 0.000000 0.000000 0.000000
vt 0.870500 2.211000 0.000000
vt 0.000000 2.211000 0.000000
vt 0.870500 0.000000 0.000000
vt 0.000000 0.000000 0.000000
vt 0.586000 2.211000 0.000000
vt 0.000000 2.211000 0.000000
vt 0.586000 0.000000 0.000000
vt 0.000000 0.000000 0.000000
vt 1.300000 1.300000 0.000000
vt -1.300000 1.300000 0.000000
vt 1.300000 -1.300000 0.000000
vt -1.300000 -1.300000 0.000000
vt 2.600000 1.000000 0.000000
vt 0.000000 1.000000 0.000000
vt 2.600000 -2.000000 0.000000
vt 0.000000 -2.000000 0.000000
vt 2.600000 1.000000 0.000000
vt 0.000000 1.000000 0.000000
vt 2.600000 -2.000000 0.000000
vt 0.000000 -2.000000 0.000000
vt 2.600000 1.000000 0.000000
vt 0.000000 1.000000 0.000000
vt 2.600000 -2.000000 0.000000
vt 0.000000 -2.000000 0.000000
vt 2.600000 1.000000 0.000000
vt 0.000000 1.000000 0.000000
vt 2.600000 -2.000000 0.000000
vt 0.000000 -2.000000 0.000000
vn 100.000000 -0.000000 0.000000
vn 100.000000 -0.000000 0.000000
vn 100.000000 -0.000000 0.000000
vn 100.000000 -0.000000 0.000000
vn 0.000000 0.000000 -100.000000
vn 0.000000 0.000000 -100.000000
vn 0.000000 0.000000 -100.000000
vn 0.000000 0.000000 -100.000000
vn 0.000000 0.000000 -100.000000
vn 0.000000 0.000000 -100.000000
vn 0.000000 0.000000 -100.000000
vn 0.000000 0.000000 -100.000000
vn 0.000000 0.000000 -100.000000
vn 0.000000 0.000000 -100.000000
vn 0.000000 0.000000 -100.000000
vn 0.000000 0.000000 -100.000000
vn 0.000000 0.000000 -100.000000
vn 0.000000 0.000000 -100.000000
vn 0.000000 0.000000 -100.000000
vn 0.000000 0.000000 -100.000000
vn 0.000000 0.000000 -100.000000
vn 0.000000 0.000000 -100.000000
vn 0.000000 0.000000 -100.000000
vn 0.000000 0.000000 -100.000000
vn 0.000000 0.000000 -100.000000
vn 0.000000 0.000000 -100.000000
vn 0.000000 0.000000 -100.000000
vn 0.000000 0.000000 -100.000000
vn 0.000000 0.000000 -100.000000
vn 0.000000 0.000000 -100.000000
vn 0.000000 0.000000 -100.000000
vn 0.000000 0.000000 -100.000000
vn 0.000000 0.000000 -100.000000
vn 0.000000 0.000000 -100.000000
vn 0.000000 0.000000 -100.000000
vn 0.000000 0.000000 -100.000000
vn 0.000000 0.000000 -100.000000
vn 0.000000 0.000000 -100.000000
vn 0.000000 0.000000 -100.000000
vn 0.000000 0.000000 -100.000000
vn 0.000000 0.000000 -100.000000
vn 0.000000 0.000000 -100.000000
vn 0.000000 0.000000 -100.000000
vn 0.000000 0.000000 -100.000000
vn 0.000000 -100.000000 0.000000
vn 0.000000 -100.000000 0.000000
vn 0.000000 -100.000000 0.000000
vn 0.000000 -100.000000 0.000000
vn 100.000000 -0.000000 0.000000
vn 100.000000 -0.000000 0.000000
vn 100.000000 -0.000000 0.000000
vn 100.000000 -0.000000 0.000000
vn -0.000000 0.000000 -100.000000
vn -0.000000 0.000000 -100.000000
vn -0.000000 9.801714 -99.518473
vn -0.000000 15.643447 -98.768834
vn -0.000000 19.509032 -98.078528
vn -0.000000 30.901699 -95.105652
vn -0.000000 29.028468 -95.694034
vn -0.000000 38.268343 -92.387953
vn -0.000000 45.399050 -89.100652
vn -0.000000 47.139674 -88.192126
vn -0.000000 55.557023 -83.146961
vn -0.000000 58.778525 -80.901699
vn -0.000000 63.439328 -77.301045
vn -0.000000 70.710678 -70.710678
vn -0.000000 70.710678 -70.710678
vn -0.000000 77.301045 -63.439328
vn -0.000000 80.901699 -58.778525
vn -0.000000 83.146961 -55.557023
vn -0.000000 89.100652 -45.399050
vn -0.000000 88.192126 -47.139674
vn -0.000000 92.387953 -38.268343
vn -0.000000 95.105652 -30.901699
vn -0.000000 95.694034 -29.028468
vn -0.000000 98.078528 -19.509032
vn -0.000000 98.768834 -15.643447
vn -0.000000 99.518473 -9.801714
vn -0.000000 100.000000 -0.000000
vn -0.000000 100.000000 -0.000000
vn 100.000000 -0.000000 0.000000
vn 100.000000 -0.000000 0.000000
vn 99.518473 -0.000000 -9.801714
vn 99.518473 -0.000000 -9.801714
vn 98.078528 -0.000000 -19.509032
vn 95.694034 -0.000000 -29.028468
vn 95.694034 -0.000000 -29.028468
vn 98.078528 -0.000000 -19.509032
vn 92.387953 -0.000000 -38.268343
vn 92.387953 -0.000000 -38.268343
vn 88.192126 -0.000000 -47.139674
vn 88.192126 -0.000000 -47.139674
vn 83.146961 -0.000000 -55.557023
vn 83.146961 -0.000000 -55.557023
vn 77.301045 -0.000000 -63.439328
vn 70.710678 -0.000000 -70.710678
vn 70.710678 -0.000000 -70.710678
vn 77.301045 -0.000000 -63.439328
vn 63.439328 -0.000000 -77.301045
vn 63.439328 -0.000000 -77.301045
vn 55.557023 -0.000000 -83.146961
vn 47.139674 -0.000000 -88.192126
vn 47.139674 -0.000000 -88.192126
vn 55.557023 -0.000000 -83.146961
vn 38.268343 -0.000000 -92.387953
vn 38.268343 -0.000000 -92.387953
vn 29.028468 -0.000000 -95.694034
vn 29.028468 -0.000000 -95.694034
vn 19.509032 -0.000000 -98.078528
vn 19.509032 -0.000000 -98.078528
vn 9.801714 -0.000000 -99.518473
vn 0.000000 0.000000 -100.000000
vn 9.801714 -0.000000 -99.518473
vn 0.000000 -100.000000 0.000000
vn 0.000000 -100.000000 0.000000
vn 0.000000 -99.518473 -9.801714
vn 0.000000 -98.768834 -15.643447
vn 0.000000 -98.078528 -19.509032
vn 0.000000 -95.105652 -30.901699
vn 0.000000 -95.694034 -29.028468
vn 0.000000 -92.387953 -38.268343
vn 0.000000 -89.100652 -45.399050
vn 0.000000 -88.192126 -47.139674
vn 0.000000 -83.146961 -55.557023
vn 0.000000 -80.901699 -58.778525
vn 0.000000 -77.301045 -63.439328
vn 0.000000 -70.710678 -70.710678
vn 0.000000 -70.710678 -70.710678
vn 0.000000 -63.439328 -77.301045
vn 0.000000 -58.778525 -80.901699
vn 0.000000 -55.557023 -83.146961
vn 0.000000 -45.399050 -89.100652
vn 0.000000 -47.139674 -88.192126
vn 0.000000 -38.268343 -92.387953
vn 0.000000 -30.901699 -95.105652
vn 0.000000 -29.028468 -95.694034
vn 0.000000 -19.509032 -98.078528
vn 0.000000 -15.643447 -98.768834
vn 0.000000 -9.801714 -99.518473
vn 0.000000 0.000000 -100.000000
vn -0.000000 100.000000 -0.000000
vn -0.000000 100.000000 -0.000000
vn -0.000000 99.518473 -9.801714
vn -0.000000 98.768834 -15.643447
vn -0.000000 98.078528 -19.509032
vn -0.000000 95.105652 -30.901699
vn -0.000000 95.694034 -29.028468
vn -0.000000 92.387953 -38.268343
vn -0.000000 89.100652 -45.399050
vn -0.000000 88.192126 -47.139674
vn -0.000000 83.146961 -55.557023
vn -0.000000 80.901699 -58.778525
vn -0.000000 77.301045 -63.439328
vn -0.000000 70.710678 -70.710678
vn -0.000000 70.710678 -70.710678
vn -0.000000 63.439328 -77.301045
vn -0.000000 58.778525 -80.901699
vn -0.000000 55.557023 -83.146961
vn -0.000000 45.399050 -89.100652
vn -0.000000 47.139674 -88.192126
vn -0.000000 38.268343 -92.387953
vn -0.000000 30.901699 -95.105652
vn -0.000000 29.028468 -95.694034
vn -0.000000 19.509032 -98.078528
vn -0.000000 15.643447 -98.768834
vn -0.000000 9.801714 -99.518473
vn -0.000000 0.000000 -100.000000
vn -0.000000 0.000000 -100.000000
vn -0.000000 0.000000 -100.000000
vn -9.801714 0.000000 -99.518473
vn -9.801714 0.000000 -99.518473
vn -19.509032 0.000000 -98.078528
vn -29.028468 0.000000 -95.694034
vn -29.028468 0.000000 -95.694034
vn -19.509032 0.000000 -98.078528
vn -38.268343 0.000000 -92.387953
vn -38.268343 0.000000 -92.387953
vn -47.139674 0.000000 -88.192126
vn -47.139674 0.000000 -88.192126
vn -55.557023 0.000000 -83.146961
vn -55.557023 0.000000 -83.146961
vn -63.439328 0.000000 -77.301045
vn -70.710678 0.000000 -70.710678
vn -70.710678 0.000000 -70.710678
vn -63.439328 0.000000 -77.301045
vn -77.301045 0.000000 -63.439328
vn -77.301045 0.000000 -63.439328
vn -83.146961 0.000000 -55.557023
vn -88.192126 0.000000 -47.139674
vn -88.192126 0.000000 -47.139674
vn -83.146961 0.000000 -55.557023
vn -92.387953 0.000000 -38.268343
vn -92.387953 0.000000 -38.268343
vn -95.694034 0.000000 -29.028468
vn -95.694034 0.000000 -29.028468
vn -98.078528 0.000000 -19.509032
vn -98.078528 0.000000 -19.509032
vn -99.518473 0.000000 -9.801714
vn -100.000000 0.000000 0.000000
vn -100.000000 0.000000 0.000000
vn -99.518473 0.000000 -9.801714
vn 0.000000 -0.000000 -100.000000
vn 0.000000 -9.801714 -99.518473
vn 0.000000 -15.643447 -98.768834
vn 0.000000 -19.509032 -98.078528
vn 0.000000 -30.901699 -95.105652
vn 0.000000 -29.028468 -95.694034
vn 0.000000 -38.268343 -92.387953
vn 0.000000 -45.399050 -89.100652
vn 0.000000 -47.139674 -88.192126
vn 0.000000 -55.557023 -83.146961
vn 0.000000 -58.778525 -80.901699
vn 0.000000 -63.439328 -77.301045
vn 0.000000 -70.710678 -70.710678
vn 0.000000 -70.710678 -70.710678
vn 0.000000 -77.301045 -63.439328
vn 0.000000 -80.901699 -58.778525
vn 0.000000 -83.146961 -55.557023
vn 0.000000 -89.100652 -45.399050
vn 0.000000 -88.192126 -47.139674
vn 0.000000 -92.387953 -38.268343
vn 0.000000 -95.105652 -30.901699
vn 0.000000 -95.694034 -29.028468
vn 0.000000 -98.078528 -19.509032
vn 0.000000 -98.768834 -15.643447
vn 0.000000 -99.518473 -9.801714
vn 99.518473 -0.000000 -9.801714
vn 98.768834 -0.000000 -15.643447
vn 98.078528 -0.000000 -19.509032
vn 95.105652 -0.000000 -30.901699
vn 95.694034 -0.000000 -29.028468
vn 92.387953 -0.000000 -38.268343
vn 89.100652 -0.000000 -45.399050
vn 88.192126 -0.000000 -47.139674
vn 83.146961 -0.000000 -55.557023
vn 80.901699 -0.000000 -58.778525
vn 77.301045 -0.000000 -63.439328
vn 70.710678 -0.000000 -70.710678
vn 70.710678 -0.000000 -70.710678
vn 63.439328 -0.000000 -77.301045
vn 58.778525 -0.000000 -80.901699
vn 55.557023 -0.000000 -83.146961
vn 45.399050 -0.000000 -89.100652
vn 47.139674 -0.000000 -88.192126
vn 38.268343 -0.000000 -92.387953
vn 30.901699 -0.000000 -95.105652
vn 29.028468 -0.000000 -95.694034
vn 19.509032 -0.000000 -98.078528
vn 15.643447 -0.000000 -98.768834
vn 9.801714 -0.000000 -99.518473
vn -0.000000 0.000000 -100.000000
vn 0.000000 -0.000000 -100.000000
vn 0.000000 0.000000 -100.000000
vn -0.000000 9.801714 -99.518473
vn -0.000000 9.801714 -99.518473
vn -0.000000 19.509032 -98.078528
vn -0.000000 29.028468 -95.694034
vn -0.000000 29.028468 -95.694034
vn -0.000000 19.509032 -98.078528
vn -0.000000 38.268343 -92.387953
vn -0.000000 38.268343 -92.387953
vn -0.000000 47.139674 -88.192126
vn -0.000000 47.139674 -88.192126
vn -0.000000 55.557023 -83.146961
vn -0.000000 55.557023 -83.146961
vn -0.000000 63.439328 -77.301045
vn -0.000000 70.710678 -70.710678
vn -0.000000 70.710678 -70.710678
vn -0.000000 63.439328 -77.301045
vn -0.000000 77.301045 -63.439328
vn -0.000000 77.301045 -63.439328
vn -0.000000 83.146961 -55.557023
vn -0.000000 88.192126 -47.139674
vn -0.000000 88.192126 -47.139674
vn -0.000000 83.146961 -55.557023
vn -0.000000 92.387953 -38.268343
vn -0.000000 92.387953 -38.268343
vn -0.000000 95.694034 -29.028468
vn -0.000000 95.694034 -29.028468
vn -0.000000 98.078528 -19.509032
vn -0.000000 98.078528 -19.509032
vn -0.000000 99.518473 -9.801714
vn -0.000000 100.000000 -0.000000
vn -0.000000 100.000000 -0.000000
vn -0.000000 99.518473 -9.801714
vn 0.000000 0.000000 -100.000000
vn -9.801714 -0.000000 -99.518473
vn -15.643447 -0.000000 -98.768834
vn -19.509032 -0.000000 -98.078528
vn -30.901699 -0.000000 -95.105652
vn -29.028468 -0.000000 -95.694034
vn -38.268343 -0.000000 -92.387953
vn -45.399050 -0.000000 -89.100652
vn -47.139674 -0.000000 -88.192126
vn -55.557023 -0.000000 -83.146961
vn -58.778525 -0.000000 -80.901699
vn -63.439328 -0.000000 -77.301045
vn -70.710678 -0.000000 -70.710678
vn -70.710678 -0.000000 -70.710678
vn -77.301045 -0.000000 -63.439328
vn -80.901699 -0.000000 -58.778525
vn -83.146961 -0.000000 -55.557023
vn -89.100652 -0.000000 -45.399050
vn -88.192126 -0.000000 -47.139674
vn -92.387953 -0.000000 -38.268343
vn -95.105652 -0.000000 -30.901699
vn -95.694034 -0.000000 -29.028468
vn -98.078528 -0.000000 -19.509032
vn -98.768834 -0.000000 -15.643447
vn -99.518473 -0.000000 -9.801714
vn -100.000000 -0.000000 -0.000000
vn -100.000000 -0.000000 -0.000000
vn 0.000000 -0.000000 -100.000000
vn -0.000000 0.000000 -100.000000
vn 9.801714 -0.000000 -99.518473
vn 15.643447 -0.000000 -98.768834
vn 19.509032 -0.000000 -98.078528
vn 30.901699 -0.000000 -95.105652
vn 29.028468 -0.000000 -95.694034
vn 38.268343 -0.000000 -92.387953
vn 45.399050 -0.000000 -89.100652
vn 47.139674 -0.000000 -88.192126
vn 55.557023 -0.000000 -83.146961
vn 58.778525 -0.000000 -80.901699
vn 63.439328 -0.000000 -77.301045
vn 70.710678 -0.000000 -70.710678
vn 70.710678 -0.000000 -70.710678
vn 77.301045 -0.000000 -63.439328
vn 80.901699 -0.000000 -58.778525
vn 83.146961 -0.000000 -55.557023
vn 89.100652 -0.000000 -45.399050
vn 88.192126 -0.000000 -47.139674
vn 92.387953 -0.000000 -38.268343
vn 95.105652 -0.000000 -30.901699
vn 95.694034 -0.000000 -29.028468
vn 98.078528 -0.000000 -19.509032
vn 98.768834 -0.000000 -15.643447
vn 99.518473 -0.000000 -9.801714
vn -0.000000 -100.000000 0.000000
vn -0.000000 -100.000000 0.000000
vn -0.000000 -99.518473 -9.801714
vn -0.000000 -99.518473 -9.801714
vn -0.000000 -98.078528 -19.509032
vn -0.000000 -95.694034 -29.028468
vn -0.000000 -95.694034 -29.028468
vn -0.000000 -98.078528 -19.509032
vn -0.000000 -92.387953 -38.268343
vn -0.000000 -92.387953 -38.268343
vn -0.000000 -88.192126 -47.139674
vn -0.000000 -88.192126 -47.139674
vn -0.000000 -83.146961 -55.557023
vn -0.000000 -83.146961 -55.557023
vn -0.000000 -77.301045 -63.439328
vn -0.000000 -70.710678 -70.710678
vn -0.000000 -70.710678 -70.710678
vn -0.000000 -77.301045 -63.439328
vn -0.000000 -63.439328 -77.301045
vn -0.000000 -63.439328 -77.301045
vn -0.000000 -55.557023 -83.146961
vn -0.000000 -47.139674 -88.192126
vn -0.000000 -47.139674 -88.192126
vn -0.000000 -55.557023 -83.146961
vn -0.000000 -38.268343 -92.387953
vn -0.000000 -38.268343 -92.387953
vn -0.000000 -29.028468 -95.694034
vn -0.000000 -29.028468 -95.694034
vn -0.000000 -19.509032 -98.078528
vn -0.000000 -19.509032 -98.078528
vn -0.000000 -9.801714 -99.518473
vn 0.000000 0.000000 -100.000000
vn -0.000000 -9.801714 -99.518473
vn -100.000000 -0.000000 -0.000000
vn -100.000000 -0.000000 -0.000000
vn -99.518473 -0.000000 -9.801714
vn -98.768834 -0.000000 -15.643447
vn -98.078528 -0.000000 -19.509032
vn -95.105652 -0.000000 -30.901699
vn -95.694034 -0.000000 -29.028468
vn -92.387953 -0.000000 -38.268343
vn -89.100652 -0.000000 -45.399050
vn -88.192126 -0.000000 -47.139674
vn -83.146961 -0.000000 -55.557023
vn -80.901699 -0.000000 -58.778525
vn -77.301045 -0.000000 -63.439328
vn -70.710678 -0.000000 -70.710678
vn -70.710678 -0.000000 -70.710678
vn -63.439328 -0.000000 -77.301045
vn -58.778525 -0.000000 -80.901699
vn -55.557023 -0.000000 -83.146961
vn -45.399050 -0.000000 -89.100652
vn -47.139674 -0.000000 -88.192126
vn -38.268343 -0.000000 -92.387953
vn -30.901699 -0.000000 -95.105652
vn -29.028468 -0.000000 -95.694034
vn -19.509032 -0.000000 -98.078528
vn -15.643447 -0.000000 -98.768834
vn -9.801714 -0.000000 -99.518473
vn 0.000000 0.000000 -100.000000
vn 0.000000 0.000000 -100.000000
vn 0.000000 0.000000 -100.000000
vn 0.000000 0.000000 -100.000000
vn 0.000000 0.000000 -100.000000
vn 0.000000 0.000000 -100.000000
vn 0.000000 0.000000 -100.000000
vn 0.000000 0.000000 -100.000000
vn 0.000000 0.000000 -100.000000
vn 0.000000 0.000000 -100.000000
vn 0.000000 0.000000 -100.000000
vn 0.000000 0.000000 -100.000000
vn 0.000000 0.000000 -100.000000
vn 0.000000 0.000000 -100.000000
vn 0.000000 0.000000 -100.000000
vn 0.000000 0.000000 -100.000000
vn 0.000000 0.000000 -100.000000
vn 0.000000 0.000000 -100.000000
vn 0.000000 0.000000 -100.000000
vn 0.000000 0.000000 -100.000000
vn 0.000000 0.000000 -100.000000
vn 0.000000 0.000000 -100.000000
vn 0.000000 0.000000 -100.000000
vn 0.000000 0.000000 -100.000000
vn 0.000000 0.000000 -100.000000
vn 0.000000 0.000000 -100.000000
vn 0.000000 0.000000 -100.000000
vn 0.000000 0.000000 -100.000000
vn 0.000000 0.000000 -100.000000
vn 0.000000 0.000000 -100.000000
vn 0.000000 0.000000 -100.000000
vn 0.000000 0.000000 -100.000000
vn 0.000000 0.000000 -100.000000
vn 0.000000 0.000000 -100.000000
vn 0.000000 0.000000 -100.000000
vn 0.000000 0.000000 -100.000000
vn 0.000000 0.000000 -100.000000
vn 0.000000 0.000000 -100.000000
vn 0.000000 0.000000 -100.000000
vn 0.000000 0.000000 -100.000000
vn 0.000000 0.000000 -100.000000
vn 0.000000 100.000000 0.000000
vn 0.000000 100.000000 0.000000
vn -100.000000 -0.000000 0.000000
vn -100.000000 -0.000000 0.000000
vn -15.557750 1.635185 -98.768834
vn -15.301600 3.252455 -98.768834
vn -14.877802 4.834091 -98.768834
vn -14.290999 6.362763 -98.768834
vn -13.547622 7.821723 -98.768834
vn -26.761657 15.450850 -95.105652
vn -25.000000 18.163563 -95.105652
vn -36.728603 26.684892 -89.100652
vn -33.738069 30.377894 -89.100652
vn -43.680957 39.330510 -80.901699
vn -39.330510 43.680957 -80.901699
vn -47.314679 52.548275 -70.710678
vn -41.562694 57.206140 -70.710678
vn -47.552826 65.450850 -58.778525
vn -40.450850 70.062927 -58.778525
vn -44.550326 77.163428 -45.399050
vn -36.240500 81.397496 -45.399050
vn -38.682953 86.883336 -30.901699
vn -29.389263 90.450850 -30.901699
vn -30.521248 93.934743 -15.643447
vn -20.535195 96.610498 -15.643447
vn -25.881905 96.592583 -0.000000
vn -10.324154 98.227768 -15.643447
vn -9.941248 94.584653 -30.901699
vn -9.313554 88.612550 -45.399050
vn -8.456530 80.458511 -58.778525
vn -7.391279 70.323318 -70.710678
vn -6.144029 58.456530 -80.901699
vn -4.745493 45.150349 -89.100652
vn -3.230107 30.732417 -95.105652
vn -1.635185 15.557750 -98.768834
vn -3.252455 15.301600 -98.768834
vn -4.834091 14.877802 -98.768834
vn -6.362763 14.290999 -98.768834
vn -7.821723 13.547622 -98.768834
vn -12.568853 28.230107 -95.105652
vn -15.450850 26.761657 -95.105652
vn -18.465457 41.474096 -89.100652
vn -22.699525 39.316731 -89.100652
vn -23.907380 53.696855 -80.901699
vn -29.389263 50.903696 -80.901699
vn -28.760624 64.597419 -70.710678
vn -35.355339 61.237244 -70.710678
vn -32.905686 73.907380 -58.778525
vn -12.655814 9.194987 -98.768834
vn -22.964438 20.677273 -95.105652
vn -30.377894 33.738069 -89.100652
vn -34.549150 47.552826 -80.901699
vn -11.625346 10.467509 -98.768834
vn -20.677273 22.964438 -95.105652
vn -26.684892 36.728603 -89.100652
vn -10.467509 11.625346 -98.768834
vn -18.163563 25.000000 -95.105652
vn -9.194987 12.655814 -98.768834
vn -50.000000 86.602540 -0.000000
vn -40.172904 90.229820 -15.643447
vn -47.552826 82.363910 -30.901699
vn -52.372049 72.083942 -45.399050
vn -54.133803 60.121679 -58.778525
vn -52.548275 47.314679 -70.710678
vn -47.552826 34.549150 -80.901699
vn -39.316731 22.699525 -89.100652
vn -28.230107 12.568853 -95.105652
vn -70.710678 70.710678 -0.000000
vn -58.054864 79.905665 -15.643447
vn -49.384417 85.536319 -15.643447
vn -86.602540 50.000000 -0.000000
vn -73.399548 66.089250 -15.643447
vn -66.089250 73.399548 -15.643447
vn -63.638102 70.677273 -30.901699
vn -55.901699 76.942088 -30.901699
vn -59.619974 66.214689 -45.399050
vn -96.592583 25.881905 -0.000000
vn -90.229820 40.172904 -15.643447
vn -85.536319 49.384417 -15.643447
vn -79.905665 58.054864 -15.643447
vn -82.363910 47.552826 -30.901699
vn -76.942088 55.901699 -30.901699
vn -77.163428 44.550326 -45.399050
vn -72.083942 52.372049 -45.399050
vn -70.062927 40.450850 -58.778525
vn -65.450850 47.552826 -58.778525
vn -61.237244 35.355339 -70.710678
vn -57.206140 41.562694 -70.710678
vn -50.903696 29.389263 -80.901699
vn -96.610498 20.535195 -15.643447
vn -93.934743 30.521248 -15.643447
vn -90.450850 29.389263 -30.901699
vn -86.883336 38.682953 -30.901699
vn -84.739756 27.533616 -45.399050
vn -81.397496 36.240500 -45.399050
vn -76.942088 25.000000 -58.778525
vn -73.907380 32.905686 -58.778525
vn -67.249851 21.850801 -70.710678
vn -64.597419 28.760624 -70.710678
vn -55.901699 18.163563 -80.901699
vn -53.696855 23.907380 -80.901699
vn -43.177062 14.029078 -89.100652
vn -41.474096 18.465457 -89.100652
vn -29.389263 9.549150 -95.105652
vn -98.227768 10.324154 -15.643447
vn -94.584653 9.941248 -30.901699
vn -88.612550 9.313554 -45.399050
vn -80.458511 8.456530 -58.778525
vn -70.323318 7.391279 -70.710678
vn -58.456530 6.144029 -80.901699
vn -45.150349 4.745493 -89.100652
vn -30.732417 3.230107 -95.105652
vn -30.226423 6.424825 -95.105652
vn -44.406972 9.438993 -89.100652
vn -57.494073 12.220743 -80.901699
vn -69.165480 14.701577 -70.710678
vn -79.133803 16.820409 -58.778525
vn -87.153589 18.525067 -45.399050
vn -93.027365 19.773577 -30.901699
vn -60.121679 54.133803 -58.778525
vn -66.214689 59.619974 -45.399050
vn -70.677273 63.638102 -30.901699
vn -9.549150 29.389263 -95.105652
vn -6.424825 30.226423 -95.105652
vn -14.029078 43.177062 -89.100652
vn -9.438993 44.406972 -89.100652
vn -18.163563 55.901699 -80.901699
vn -12.220743 57.494073 -80.901699
vn -21.850801 67.249851 -70.710678
vn -14.701577 69.165480 -70.710678
vn -25.000000 76.942088 -58.778525
vn -16.820409 79.133803 -58.778525
vn -27.533616 84.739756 -45.399050
vn -18.525067 87.153589 -45.399050
vn -19.773577 93.027365 -30.901699
vn 98.227768 10.324154 -15.643447
vn 96.592583 25.881905 0.000000
vn 96.610498 20.535195 -15.643447
vn 93.934743 30.521248 -15.643447
vn 90.450850 29.389263 -30.901699
vn 86.883336 38.682953 -30.901699
vn 81.397496 36.240500 -45.399050
vn 77.163428 44.550326 -45.399050
vn 70.062927 40.450850 -58.778525
vn 65.450850 47.552826 -58.778525
vn 57.206140 41.562694 -70.710678
vn 52.548275 47.314679 -70.710678
vn 43.680957 39.330510 -80.901699
vn 39.330510 43.680957 -80.901699
vn 30.377894 33.738069 -89.100652
vn 26.684892 36.728603 -89.100652
vn 18.163563 25.000000 -95.105652
vn 15.450850 26.761657 -95.105652
vn 7.821723 13.547622 -98.768834
vn 6.362763 14.290999 -98.768834
vn 4.834091 14.877802 -98.768834
vn 3.252455 15.301600 -98.768834
vn 1.635185 15.557750 -98.768834
vn 3.230107 30.732417 -95.105652
vn 4.745493 45.150349 -89.100652
vn 6.144029 58.456530 -80.901699
vn 7.391279 70.323318 -70.710678
vn 8.456530 80.458511 -58.778525
vn 9.313554 88.612550 -45.399050
vn 9.941248 94.584653 -30.901699
vn 10.324154 98.227768 -15.643447
vn 20.535195 96.610498 -15.643447
vn 25.881905 96.592583 0.000000
vn 30.521248 93.934743 -15.643447
vn 40.172904 90.229820 -15.643447
vn 29.389263 90.450850 -30.901699
vn 38.682953 86.883336 -30.901699
vn 27.533616 84.739756 -45.399050
vn 36.240500 81.397496 -45.399050
vn 25.000000 76.942088 -58.778525
vn 32.905686 73.907380 -58.778525
vn 21.850801 67.249851 -70.710678
vn 28.760624 64.597419 -70.710678
vn 18.163563 55.901699 -80.901699
vn 23.907380 53.696855 -80.901699
vn 14.029078 43.177062 -89.100652
vn 18.465457 41.474096 -89.100652
vn 9.549150 29.389263 -95.105652
vn 12.568853 28.230107 -95.105652
vn 86.602540 50.000000 0.000000
vn 90.229820 40.172904 -15.643447
vn 82.363910 47.552826 -30.901699
vn 72.083942 52.372049 -45.399050
vn 60.121679 54.133803 -58.778525
vn 47.314679 52.548275 -70.710678
vn 34.549150 47.552826 -80.901699
vn 22.699525 39.316731 -89.100652
vn 70.710678 70.710678 0.000000
vn 79.905665 58.054864 -15.643447
vn 85.536319 49.384417 -15.643447
vn 50.000000 86.602540 0.000000
vn 66.089250 73.399548 -15.643447
vn 73.399548 66.089250 -15.643447
vn 70.677273 63.638102 -30.901699
vn 76.942088 55.901699 -30.901699
vn 66.214689 59.619974 -45.399050
vn 49.384417 85.536319 -15.643447
vn 58.054864 79.905665 -15.643447
vn 47.552826 82.363910 -30.901699
vn 55.901699 76.942088 -30.901699
vn 44.550326 77.163428 -45.399050
vn 52.372049 72.083942 -45.399050
vn 40.450850 70.062927 -58.778525
vn 47.552826 65.450850 -58.778525
vn 35.355339 61.237244 -70.710678
vn 41.562694 57.206140 -70.710678
vn 29.389263 50.903696 -80.901699
vn 9.194987 12.655814 -98.768834
vn 20.677273 22.964438 -95.105652
vn 33.738069 30.377894 -89.100652
vn 47.552826 34.549150 -80.901699
vn 61.237244 35.355339 -70.710678
vn 73.907380 32.905686 -58.778525
vn 84.739756 27.533616 -45.399050
vn 93.027365 19.773577 -30.901699
vn 10.467509 11.625346 -98.768834
vn 22.964438 20.677273 -95.105652
vn 36.728603 26.684892 -89.100652
vn 50.903696 29.389263 -80.901699
vn 64.597419 28.760624 -70.710678
vn 76.942088 25.000000 -58.778525
vn 87.153589 18.525067 -45.399050
vn 94.584653 9.941248 -30.901699
vn 11.625346 10.467509 -98.768834
vn 25.000000 18.163563 -95.105652
vn 39.316731 22.699525 -89.100652
vn 53.696855 23.907380 -80.901699
vn 67.249851 21.850801 -70.710678
vn 79.133803 16.820409 -58.778525
vn 88.612550 9.313554 -45.399050
vn 12.655814 9.194987 -98.768834
vn 13.547622 7.821723 -98.768834
vn 14.290999 6.362763 -98.768834
vn 14.877802 4.834091 -98.768834
vn 29.389263 9.549150 -95.105652
vn 30.226423 6.424825 -95.105652
vn 44.406972 9.438993 -89.100652
vn 45.150349 4.745493 -89.100652
vn 58.456530 6.144029 -80.901699
vn 15.301600 3.252455 -98.768834
vn 30.732417 3.230107 -95.105652
vn 15.557750 1.635185 -98.768834
vn 70.323318 7.391279 -70.710678
vn 80.458511 8.456530 -58.778525
vn 69.165480 14.701577 -70.710678
vn 57.494073 12.220743 -80.901699
vn 55.901699 18.163563 -80.901699
vn 43.177062 14.029078 -89.100652
vn 41.474096 18.465457 -89.100652
vn 28.230107 12.568853 -95.105652
vn 26.761657 15.450850 -95.105652
vn 63.638102 70.677273 -30.901699
vn 59.619974 66.214689 -45.399050
vn 54.133803 60.121679 -58.778525
vn 19.773577 93.027365 -30.901699
vn 18.525067 87.153589 -45.399050
vn 16.820409 79.133803 -58.778525
vn 14.701577 69.165480 -70.710678
vn 12.220743 57.494073 -80.901699
vn 9.438993 44.406972 -89.100652
vn 6.424825 30.226423 -95.105652
vn 15.557750 -1.635185 -98.768834
vn 15.301600 -3.252455 -98.768834
vn 14.877802 -4.834091 -98.768834
vn 14.290999 -6.362763 -98.768834
vn 13.547622 -7.821723 -98.768834
vn 26.761657 -15.450850 -95.105652
vn 25.000000 -18.163563 -95.105652
vn 36.728603 -26.684892 -89.100652
vn 33.738069 -30.377894 -89.100652
vn 43.680957 -39.330510 -80.901699
vn 39.330510 -43.680957 -80.901699
vn 47.314679 -52.548275 -70.710678
vn 41.562694 -57.206140 -70.710678
vn 47.552826 -65.450850 -58.778525
vn 40.450850 -70.062927 -58.778525
vn 44.550326 -77.163428 -45.399050
vn 36.240500 -81.397496 -45.399050
vn 38.682953 -86.883336 -30.901699
vn 29.389263 -90.450850 -30.901699
vn 30.521248 -93.934743 -15.643447
vn 20.535195 -96.610498 -15.643447
vn 25.881905 -96.592583 -0.000000
vn 10.324154 -98.227768 -15.643447
vn 9.941248 -94.584653 -30.901699
vn 9.313554 -88.612550 -45.399050
vn 8.456530 -80.458511 -58.778525
vn 7.391279 -70.323318 -70.710678
vn 6.144029 -58.456530 -80.901699
vn 4.745493 -45.150349 -89.100652
vn 3.230107 -30.732417 -95.105652
vn 1.635185 -15.557750 -98.768834
vn 3.252455 -15.301600 -98.768834
vn 4.834091 -14.877802 -98.768834
vn 6.362763 -14.290999 -98.768834
vn 7.821723 -13.547622 -98.768834
vn 12.568853 -28.230107 -95.105652
vn 15.450850 -26.761657 -95.105652
vn 18.465457 -41.474096 -89.100652
vn 22.699525 -39.316731 -89.100652
vn 23.907380 -53.696855 -80.901699
vn 29.389263 -50.903696 -80.901699
vn 28.760624 -64.597419 -70.710678
vn 35.355339 -61.237244 -70.710678
vn 32.905686 -73.907380 -58.778525
vn 12.655814 -9.194987 -98.768834
vn 22.964438 -20.677273 -95.105652
vn 30.377894 -33.738069 -89.100652
vn 34.549150 -47.552826 -80.901699
vn 11.625346 -10.467509 -98.768834
vn 20.677273 -22.964438 -95.105652
vn 26.684892 -36.728603 -89.100652
vn 10.467509 -11.625346 -98.768834
vn 18.163563 -25.000000 -95.105652
vn 9.194987 -12.655814 -98.768834
vn 50.000000 -86.602540 -0.000000
vn 40.172904 -90.229820 -15.643447
vn 47.552826 -82.363910 -30.901699
vn 52.372049 -72.083942 -45.399050
vn 54.133803 -60.121679 -58.778525
vn 52.548275 -47.314679 -70.710678
vn 47.552826 -34.549150 -80.901699
vn 39.316731 -22.699525 -89.100652
vn 28.230107 -12.568853 -95.105652
vn 70.710678 -70.710678 -0.000000
vn 58.054864 -79.905665 -15.643447
vn 49.384417 -85.536319 -15.643447
vn 86.602540 -50.000000 -0.000000
vn 73.399548 -66.089250 -15.643447
vn 66.089250 -73.399548 -15.643447
vn 63.638102 -70.677273 -30.901699
vn 55.901699 -76.942088 -30.901699
vn 59.619974 -66.214689 -45.399050
vn 96.592583 -25.881905 -0.000000
vn 90.229820 -40.172904 -15.643447
vn 85.536319 -49.384417 -15.643447
vn 79.905665 -58.054864 -15.643447
vn 82.363910 -47.552826 -30.901699
vn 76.942088 -55.901699 -30.901699
vn 77.163428 -44.550326 -45.399050
vn 72.083942 -52.372049 -45.399050
vn 70.062927 -40.450850 -58.778525
vn 65.450850 -47.552826 -58.778525
vn 61.237244 -35.355339 -70.710678
vn 57.206140 -41.562694 -70.710678
vn 50.903696 -29.389263 -80.901699
vn 96.610498 -20.535195 -15.643447
vn 93.934743 -30.521248 -15.643447
vn 90.450850 -29.389263 -30.901699
vn 86.883336 -38.682953 -30.901699
vn 84.739756 -27.533616 -45.399050
vn 81.397496 -36.240500 -45.399050
vn 76.942088 -25.000000 -58.778525
vn 73.907380 -32.905686 -58.778525
vn 67.249851 -21.850801 -70.710678
vn 64.597419 -28.760624 -70.710678
vn 55.901699 -18.163563 -80.901699
vn 53.696855 -23.907380 -80.901699
vn 43.177062 -14.029078 -89.100652
vn 41.474096 -18.465457 -89.100652
vn 29.389263 -9.549150 -95.105652
vn 98.227768 -10.324154 -15.643447
vn 94.584653 -9.941248 -30.901699
vn 88.612550 -9.313554 -45.399050
vn 80.458511 -8.456530 -58.778525
vn 70.323318 -7.391279 -70.710678
vn 58.456530 -6.144029 -80.901699
vn 45.150349 -4.745493 -89.100652
vn 30.732417 -3.230107 -95.105652
vn 30.226423 -6.424825 -95.105652
vn 44.406972 -9.438993 -89.100652
vn 57.494073 -12.220743 -80.901699
vn 69.165480 -14.701577 -70.710678
vn 79.133803 -16.820409 -58.778525
vn 87.153589 -18.525067 -45.399050
vn 93.027365 -19.773577 -30.901699
vn 60.121679 -54.133803 -58.778525
vn 66.214689 -59.619974 -45.399050
vn 70.677273 -63.638102 -30.901699
vn 9.549150 -29.389263 -95.105652
vn 6.424825 -30.226423 -95.105652
vn 14.029078 -43.177062 -89.100652
vn 9.438993 -44.406972 -89.100652
vn 18.163563 -55.901699 -80.901699
vn 12.220743 -57.494073 -80.901699
vn 21.850801 -67.249851 -70.710678
vn 14.701577 -69.165480 -70.710678
vn 25.000000 -76.942088 -58.778525
vn 16.820409 -79.133803 -58.778525
vn 27.533616 -84.739756 -45.399050
vn 18.525067 -87.153589 -45.399050
vn 19.773577 -93.027365 -30.901699
vn 96.592583 -25.881905 0.000000
vn 96.592583 -25.881905 0.000000
vn 96.592583 -25.881905 0.000000
vn 96.592583 -25.881905 0.000000
vn 86.602540 -50.000000 0.000000
vn 86.602540 -50.000000 0.000000
vn 70.710678 -70.710678 0.000000
vn 70.710678 -70.710678 0.000000
vn 50.000000 -86.602540 0.000000
vn 50.000000 -86.602540 0.000000
vn 25.881905 -96.592583 0.000000
vn 25.881905 -96.592583 0.000000
vn -0.000000 -100.000000 0.000000
vn 25.881905 -96.592583 0.000000
vn 25.881905 -96.592583 0.000000
vn 50.000000 -86.602540 0.000000
vn 70.710678 -70.710678 0.000000
vn 86.602540 -50.000000 0.000000
vn 86.602540 -50.000000 0.000000
vn 70.710678 -70.710678 0.000000
vn 50.000000 -86.602540 0.000000
vn 0.000000 -100.000000 0.000000
vn -25.881905 -96.592583 0.000000
vn -25.881905 -96.592583 0.000000
vn -25.881905 -96.592583 0.000000
vn -25.881905 -96.592583 0.000000
vn -25.881905 -96.592583 0.000000
vn -50.000000 -86.602540 0.000000
vn -50.000000 -86.602540 0.000000
vn -70.710678 -70.710678 0.000000
vn -70.710678 -70.710678 0.000000
vn -86.602540 -50.000000 0.000000
vn -86.602540 -50.000000 0.000000
vn -96.592583 -25.881905 0.000000
vn -96.592583 -25.881905 0.000000
vn -100.000000 0.000000 0.000000
vn -96.592583 -25.881905 0.000000
vn -96.592583 -25.881905 0.000000
vn -96.592583 -25.881905 0.000000
vn -86.602540 -50.000000 0.000000
vn -86.602540 -50.000000 0.000000
vn -70.710678 -70.710678 0.000000
vn -70.710678 -70.710678 0.000000
vn -50.000000 -86.602540 0.000000
vn -50.000000 -86.602540 0.000000
vn -50.000000 -86.602540 0.000000
vn -70.710678 -70.710678 0.000000
vn -86.602540 -50.000000 0.000000
vn -98.227768 -10.324154 -15.643447
vn -96.610498 -20.535195 -15.643447
vn -93.934743 -30.521248 -15.643447
vn -90.450850 -29.389263 -30.901699
vn -86.883336 -38.682953 -30.901699
vn -81.397496 -36.240500 -45.399050
vn -77.163428 -44.550326 -45.399050
vn -70.062927 -40.450850 -58.778525
vn -65.450850 -47.552826 -58.778525
vn -57.206140 -41.562694 -70.710678
vn -52.548275 -47.314679 -70.710678
vn -43.680957 -39.330510 -80.901699
vn -39.330510 -43.680957 -80.901699
vn -30.377894 -33.738069 -89.100652
vn -26.684892 -36.728603 -89.100652
vn -18.163563 -25.000000 -95.105652
vn -15.450850 -26.761657 -95.105652
vn -7.821723 -13.547622 -98.768834
vn -6.362763 -14.290999 -98.768834
vn -4.834091 -14.877802 -98.768834
vn -3.252455 -15.301600 -98.768834
vn -1.635185 -15.557750 -98.768834
vn -3.230107 -30.732417 -95.105652
vn -4.745493 -45.150349 -89.100652
vn -6.144029 -58.456530 -80.901699
vn -7.391279 -70.323318 -70.710678
vn -8.456530 -80.458511 -58.778525
vn -9.313554 -88.612550 -45.399050
vn -9.941248 -94.584653 -30.901699
vn -10.324154 -98.227768 -15.643447
vn -20.535195 -96.610498 -15.643447
vn -30.521248 -93.934743 -15.643447
vn -40.172904 -90.229820 -15.643447
vn -29.389263 -90.450850 -30.901699
vn -38.682953 -86.883336 -30.901699
vn -27.533616 -84.739756 -45.399050
vn -36.240500 -81.397496 -45.399050
vn -25.000000 -76.942088 -58.778525
vn -32.905686 -73.907380 -58.778525
vn -21.850801 -67.249851 -70.710678
vn -28.760624 -64.597419 -70.710678
vn -18.163563 -55.901699 -80.901699
vn -23.907380 -53.696855 -80.901699
vn -14.029078 -43.177062 -89.100652
vn -18.465457 -41.474096 -89.100652
vn -9.549150 -29.389263 -95.105652
vn -12.568853 -28.230107 -95.105652
vn -90.229820 -40.172904 -15.643447
vn -82.363910 -47.552826 -30.901699
vn -72.083942 -52.372049 -45.399050
vn -60.121679 -54.133803 -58.778525
vn -47.314679 -52.548275 -70.710678
vn -34.549150 -47.552826 -80.901699
vn -22.699525 -39.316731 -89.100652
vn -79.905665 -58.054864 -15.643447
vn -85.536319 -49.384417 -15.643447
vn -66.089250 -73.399548 -15.643447
vn -73.399548 -66.089250 -15.643447
vn -70.677273 -63.638102 -30.901699
vn -76.942088 -55.901699 -30.901699
vn -66.214689 -59.619974 -45.399050
vn -49.384417 -85.536319 -15.643447
vn -58.054864 -79.905665 -15.643447
vn -47.552826 -82.363910 -30.901699
vn -55.901699 -76.942088 -30.901699
vn -44.550326 -77.163428 -45.399050
vn -52.372049 -72.083942 -45.399050
vn -40.450850 -70.062927 -58.778525
vn -47.552826 -65.450850 -58.778525
vn -35.355339 -61.237244 -70.710678
vn -41.562694 -57.206140 -70.710678
vn -29.389263 -50.903696 -80.901699
vn -9.194987 -12.655814 -98.768834
vn -20.677273 -22.964438 -95.105652
vn -33.738069 -30.377894 -89.100652
vn -47.552826 -34.549150 -80.901699
vn -61.237244 -35.355339 -70.710678
vn -73.907380 -32.905686 -58.778525
vn -84.739756 -27.533616 -45.399050
vn -93.027365 -19.773577 -30.901699
vn -10.467509 -11.625346 -98.768834
vn -22.964438 -20.677273 -95.105652
vn -36.728603 -26.684892 -89.100652
vn -50.903696 -29.389263 -80.901699
vn -64.597419 -28.760624 -70.710678
vn -76.942088 -25.000000 -58.778525
vn -87.153589 -18.525067 -45.399050
vn -94.584653 -9.941248 -30.901699
vn -11.625346 -10.467509 -98.768834
vn -25.000000 -18.163563 -95.105652
vn -39.316731 -22.699525 -89.100652
vn -53.696855 -23.907380 -80.901699
vn -67.249851 -21.850801 -70.710678
vn -79.133803 -16.820409 -58.778525
vn -88.612550 -9.313554 -45.399050
vn -12.655814 -9.194987 -98.768834
vn -13.547622 -7.821723 -98.768834
vn -14.290999 -6.362763 -98.768834
vn -14.877802 -4.834091 -98.768834
vn -29.389263 -9.549150 -95.105652
vn -30.226423 -6.424825 -95.105652
vn -44.406972 -9.438993 -89.100652
vn -45.150349 -4.745493 -89.100652
vn -58.456530 -6.144029 -80.901699
vn -15.301600 -3.252455 -98.768834
vn -30.732417 -3.230107 -95.105652
vn -15.557750 -1.635185 -98.768834
vn -70.323318 -7.391279 -70.710678
vn -80.458511 -8.456530 -58.778525
vn -69.165480 -14.701577 -70.710678
vn -57.494073 -12.220743 -80.901699
vn -55.901699 -18.163563 -80.901699
vn -43.177062 -14.029078 -89.100652
vn -41.474096 -18.465457 -89.100652
vn -28.230107 -12.568853 -95.105652
vn -26.761657 -15.450850 -95.105652
vn -63.638102 -70.677273 -30.901699
vn -59.619974 -66.214689 -45.399050
vn -54.133803 -60.121679 -58.778525
vn -19.773577 -93.027365 -30.901699
vn -18.525067 -87.153589 -45.399050
vn -16.820409 -79.133803 -58.778525
vn -14.701577 -69.165480 -70.710678
vn -12.220743 -57.494073 -80.901699
vn -9.438993 -44.406972 -89.100652
vn -6.424825 -30.226423 -95.105652
vn 96.592583 25.881905 0.000000
vn 96.592583 25.881905 0.000000
vn 96.592583 25.881905 0.000000
vn 96.592583 25.881905 0.000000
vn 86.602540 50.000000 0.000000
vn 70.710678 70.710678 0.000000
vn 50.000000 86.602540 0.000000
vn 25.881905 96.592583 0.000000
vn 25.881905 96.592583 0.000000
vn 0.000000 100.000000 0.000000
vn 25.881905 96.592583 0.000000
vn 25.881905 96.592583 0.000000
vn 50.000000 86.602540 0.000000
vn 50.000000 86.602540 0.000000
vn 70.710678 70.710678 0.000000
vn 70.710678 70.710678 0.000000
vn 86.602540 50.000000 0.000000
vn 86.602540 50.000000 0.000000
vn 86.602540 50.000000 0.000000
vn 70.710678 70.710678 0.000000
vn 50.000000 86.602540 0.000000
vn -0.000000 100.000000 0.000000
vn -25.881905 96.592583 0.000000
vn -25.881905 96.592583 0.000000
vn -0.000000 100.000000 0.000000
vn -25.881905 96.592583 0.000000
vn -25.881905 96.592583 0.000000
vn -50.000000 86.602540 0.000000
vn -70.710678 70.710678 0.000000
vn -86.602540 50.000000 0.000000
vn -96.592583 25.881905 0.000000
vn -96.592583 25.881905 0.000000
vn -96.592583 25.881905 0.000000
vn -96.592583 25.881905 0.000000
vn -86.602540 50.000000 0.000000
vn -86.602540 50.000000 0.000000
vn -70.710678 70.710678 0.000000
vn -70.710678 70.710678 0.000000
vn -50.000000 86.602540 0.000000
vn -50.000000 86.602540 0.000000
vn -50.000000 86.602540 0.000000
vn -70.710678 70.710678 0.000000
vn -86.602540 50.000000 0.000000
vn 100.000000 -0.000000 0.000000
vn 100.000000 -0.000000 0.000000
vn -100.000000 0.000000 0.000000
vn -100.000000 0.000000 0.000000
vn -0.000000 100.000000 0.000000
vn -100.000000 -0.000000 0.000000
vn -100.000000 -0.000000 0.000000
vn -0.000000 -100.000000 0.000000
vn -0.000000 -100.000000 0.000000
vn 0.000000 0.000000 100.000000
vn 0.000000 0.000000 100.000000
vn 0.000000 0.000000 100.000000
vn 0.000000 0.000000 100.000000
vn 100.000000 0.000000 0.000000
vn 100.000000 0.000000 0.000000
vn 100.000000 0.000000 0.000000
vn 100.000000 0.000000 0.000000
vn 0.000000 -100.000000 0.000000
vn 0.000000 -100.000000 0.000000
vn 0.000000 -100.000000 0.000000
vn 0.000000 -100.000000 0.000000
vn -100.000000 0.000000 0.000000
vn -100.000000 0.000000 0.000000
vn -100.000000 0.000000 0.000000
vn -100.000000 0.000000 0.000000
vn 0.000000 100.000000 0.000000
vn 0.000000 100.000000 0.000000
vn 0.000000 100.000000 0.000000
vn 0.000000 100.000000 0.000000
usemtl Steel_-_Satin
f 2/1/1 3/2/2 1/3/3
f 1/3/3 3/2/2 4/4/4
f 5/5/5 9/6/6 2/7/7
f 2/7/7 9/6/6 10/8/8
f 2/7/7 10/8/8 40/9/9
f 40/9/9 10/8/8 11/10/10
f 40/9/9 11/10/10 12/11/11
f 5/5/5 6/12/12 9/6/6
f 9/6/6 6/12/12 7/13/13
f 9/6/6 7/13/13 8/14/14
f 40/9/9 12/11/11 39/15/15
f 39/15/15 12/11/11 13/16/16
f 39/15/15 13/16/16 19/17/17
f 19/17/17 13/16/16 14/18/18
f 19/17/17 14/18/18 15/19/19
f 15/19/19 16/20/20 19/17/17
f 19/17/17 16/20/20 17/21/21
f 19/17/17 17/21/21 18/22/22
f 19/17/17 20/23/23 39/15/15
f 39/15/15 20/23/23 21/24/24
f 39/15/15 21/24/24 42/25/25
f 42/25/25 21/24/24 22/26/26
f 42/25/25 22/26/26 28/27/27
f 28/27/27 22/26/26 27/28/28
f 27/28/28 22/26/26 26/29/29
f 26/29/29 22/26/26 25/30/30
f 25/30/30 22/26/26 24/31/31
f 24/31/31 22/26/26 23/32/32
f 28/27/27 29/33/33 42/25/25
f 42/25/25 29/33/33 41/34/34
f 41/34/34 29/33/33 30/35/35
f 41/34/34 30/35/35 31/36/36
f 32/37/37 33/38/38 31/36/36
f 31/36/36 33/38/38 34/39/39
f 31/36/36 34/39/39 35/40/40
f 35/40/40 36/41/41 31/36/36
f 31/36/36 36/41/41 37/42/42
f 31/36/36 37/42/42 41/34/34
f 41/34/34 37/42/42 38/43/43
f 41/34/34 38/43/43 3/44/44
f 41/34/34 3/44/44 40/9/9
f 40/9/9 3/44/44 2/7/7
f 43/45/45 31/46/46 44/47/47
f 44/47/47 31/46/46 30/48/48
f 45/49/49 46/50/50 19/51/51
f 19/51/51 46/50/50 20/52/52
f 47/53/53 48/54/54 74/55/55
f 74/55/55 48/54/54 49/56/56
f 74/55/55 49/56/56 73/57/57
f 73/57/57 49/56/56 50/58/58
f 73/57/57 50/58/58 72/59/59
f 72/59/59 50/58/58 71/60/60
f 71/60/60 50/58/58 51/61/61
f 71/60/60 51/61/61 70/62/62
f 70/62/62 51/61/61 69/63/63
f 69/63/63 51/61/61 52/64/64
f 69/63/63 52/64/64 68/65/65
f 68/65/65 52/64/64 53/66/66
f 68/65/65 53/66/66 67/67/67
f 67/67/67 53/66/66 66/68/68
f 66/68/68 53/66/66 54/69/69
f 66/68/68 54/69/69 65/70/70
f 65/70/70 54/69/69 55/71/71
f 65/70/70 55/71/71 64/72/72
f 64/72/72 55/71/71 63/73/73
f 63/73/73 55/71/71 56/74/74
f 63/73/73 56/74/74 62/75/75
f 62/75/75 56/74/74 61/76/76
f 61/76/76 56/74/74 57/77/77
f 61/76/76 57/77/77 60/78/78
f 60/78/78 57/77/77 58/79/79
f 60/78/78 58/79/79 59/80/80
f 59/81/81 75/82/82 60/83/83
f 60/83/83 75/82/82 76/84/84
f 60/83/83 76/84/84 77/85/85
f 78/86/86 62/87/87 77/85/85
f 77/85/85 62/87/87 61/88/88
f 77/85/85 61/88/88 60/83/83
f 78/86/86 79/89/89 62/87/87
f 62/87/87 79/89/89 63/90/90
f 63/90/90 79/89/89 80/91/91
f 63/90/90 80/91/91 64/92/92
f 64/92/92 80/91/91 65/93/93
f 65/93/93 80/91/91 81/94/94
f 65/93/93 81/94/94 82/95/95
f 83/96/96 67/97/97 82/95/95
f 82/95/95 67/97/97 66/98/98
f 82/95/95 66/98/98 65/93/93
f 67/97/97 83/96/96 68/99/99
f 68/99/99 83/96/96 84/100/100
f 68/99/99 84/100/100 85/101/101
f 86/102/102 70/103/103 85/101/101
f 85/101/101 70/103/103 69/104/104
f 85/101/101 69/104/104 68/99/99
f 86/102/102 87/105/105 70/103/103
f 70/103/103 87/105/105 71/106/106
f 71/106/106 87/105/105 88/107/107
f 71/106/106 88/107/107 72/108/108
f 72/108/108 88/107/107 73/109/109
f 73/109/109 88/107/107 89/110/110
f 73/109/109 89/110/110 90/111/111
f 91/112/112 47/113/53 90/111/111
f 90/111/111 47/113/53 74/114/113
f 90/111/111 74/114/113 73/109/109
f 75/115/114 92/116/115 76/117/116
f 76/117/116 92/116/115 93/118/117
f 76/117/116 93/118/117 77/119/118
f 77/119/118 93/118/117 94/120/119
f 77/119/118 94/120/119 78/121/120
f 78/121/120 94/120/119 79/122/121
f 79/122/121 94/120/119 95/123/122
f 79/122/121 95/123/122 80/124/123
f 80/124/123 95/123/122 81/125/124
f 81/125/124 95/123/122 96/126/125
f 81/125/124 96/126/125 82/127/126
f 82/127/126 96/126/125 97/128/127
f 82/127/126 97/128/127 83/129/128
f 83/129/128 97/128/127 84/130/129
f 84/130/129 97/128/127 98/131/130
f 84/130/129 98/131/130 85/132/131
f 85/132/131 98/131/130 99/133/132
f 85/132/131 99/133/132 86/134/133
f 86/134/133 99/133/132 87/135/134
f 87/135/134 99/133/132 100/136/135
f 87/135/134 100/136/135 88/137/136
f 88/137/136 100/136/135 89/138/137
f 89/138/137 100/136/135 101/139/138
f 89/138/137 101/139/138 90/140/139
f 90/140/139 101/139/138 102/141/140
f 90/140/139 102/141/140 91/142/112
f 103/143/141 104/144/142 130/145/143
f 130/145/143 104/144/142 105/146/144
f 130/145/143 105/146/144 129/147/145
f 129/147/145 105/146/144 106/148/146
f 129/147/145 106/148/146 128/149/147
f 128/149/147 106/148/146 127/150/148
f 127/150/148 106/148/146 107/151/149
f 127/150/148 107/151/149 126/152/150
f 126/152/150 107/151/149 125/153/151
f 125/153/151 107/151/149 108/154/152
f 125/153/151 108/154/152 124/155/153
f 124/155/153 108/154/152 109/156/154
f 124/155/153 109/156/154 123/157/155
f 123/157/155 109/156/154 122/158/156
f 122/158/156 109/156/154 110/159/157
f 122/158/156 110/159/157 121/160/158
f 121/160/158 110/159/157 111/161/159
f 121/160/158 111/161/159 120/162/160
f 120/162/160 111/161/159 119/163/161
f 119/163/161 111/161/159 112/164/162
f 119/163/161 112/164/162 118/165/163
f 118/165/163 112/164/162 117/166/164
f 117/166/164 112/164/162 113/167/165
f 117/166/164 113/167/165 116/168/166
f 116/168/166 113/167/165 114/169/167
f 116/168/166 114/169/167 115/170/168
f 115/171/168 131/172/169 116/173/170
f 116/173/170 131/172/169 132/174/171
f 116/173/170 132/174/171 133/175/172
f 134/176/173 118/177/174 133/175/172
f 133/175/172 118/177/174 117/178/175
f 133/175/172 117/178/175 116/173/170
f 134/176/173 135/179/176 118/177/174
f 118/177/174 135/179/176 119/180/177
f 119/180/177 135/179/176 136/181/178
f 119/180/177 136/181/178 120/182/179
f 120/182/179 136/181/178 121/183/180
f 121/183/180 136/181/178 137/184/181
f 121/183/180 137/184/181 138/185/182
f 139/186/183 123/187/184 138/185/182
f 138/185/182 123/187/184 122/188/185
f 138/185/182 122/188/185 121/183/180
f 123/187/184 139/186/183 124/189/186
f 124/189/186 139/186/183 140/190/187
f 124/189/186 140/190/187 141/191/188
f 142/192/189 126/193/190 141/191/188
f 141/191/188 126/193/190 125/194/191
f 141/191/188 125/194/191 124/189/186
f 142/192/189 143/195/192 126/193/190
f 126/193/190 143/195/192 127/196/193
f 127/196/193 143/195/192 144/197/194
f 127/196/193 144/197/194 128/198/195
f 128/198/195 144/197/194 129/199/196
f 129/199/196 144/197/194 145/200/197
f 129/199/196 145/200/197 146/201/198
f 44/202/199 103/203/200 146/201/198
f 146/201/198 103/203/200 130/204/201
f 146/201/198 130/204/201 129/199/196
f 131/205/169 147/206/202 132/207/203
f 132/207/203 147/206/202 148/208/204
f 132/207/203 148/208/204 133/209/205
f 133/209/205 148/208/204 149/210/206
f 133/209/205 149/210/206 134/211/207
f 134/211/207 149/210/206 135/212/208
f 135/212/208 149/210/206 150/213/209
f 135/212/208 150/213/209 136/214/210
f 136/214/210 150/213/209 137/215/211
f 137/215/211 150/213/209 151/216/212
f 137/215/211 151/216/212 138/217/213
f 138/217/213 151/216/212 152/218/214
f 138/217/213 152/218/214 139/219/215
f 139/219/215 152/218/214 140/220/216
f 140/220/216 152/218/214 153/221/217
f 140/220/216 153/221/217 141/222/218
f 141/222/218 153/221/217 154/223/219
f 141/222/218 154/223/219 142/224/220
f 142/224/220 154/223/219 143/225/221
f 143/225/221 154/223/219 155/226/222
f 143/225/221 155/226/222 144/227/223
f 144/227/223 155/226/222 145/228/224
f 145/228/224 155/226/222 156/229/225
f 145/228/224 156/229/225 146/230/226
f 146/230/226 156/229/225 43/231/45
f 146/230/226 43/231/45 44/232/47
f 46/233/50 45/234/49 182/235/227
f 182/235/227 45/234/49 157/236/228
f 182/235/227 157/236/228 181/237/229
f 181/237/229 157/236/228 158/238/230
f 181/237/229 158/238/230 180/239/231
f 180/239/231 158/238/230 179/240/232
f 179/240/232 158/238/230 159/241/233
f 179/240/232 159/241/233 178/242/234
f 178/242/234 159/241/233 177/243/235
f 177/243/235 159/241/233 160/244/236
f 177/243/235 160/244/236 176/245/237
f 176/245/237 160/244/236 161/246/238
f 176/245/237 161/246/238 175/247/239
f 175/247/239 161/246/238 174/248/240
f 174/248/240 161/246/238 162/249/241
f 174/248/240 162/249/241 173/250/242
f 173/250/242 162/249/241 163/251/243
f 173/250/242 163/251/243 172/252/244
f 172/252/244 163/251/243 171/253/245
f 171/253/245 163/251/243 164/254/246
f 171/253/245 164/254/246 170/255/247
f 170/255/247 164/254/246 169/256/248
f 169/256/248 164/254/246 165/257/249
f 169/256/248 165/257/249 168/258/250
f 168/258/250 165/257/249 166/259/251
f 168/258/250 166/259/251 167/260/252
f 167/261/252 183/262/253 168/263/254
f 168/263/254 183/262/253 184/264/255
f 168/263/254 184/264/255 185/265/256
f 186/266/257 170/267/258 185/265/256
f 185/265/256 170/267/258 169/268/259
f 185/265/256 169/268/259 168/263/254
f 186/266/257 187/269/260 170/267/258
f 170/267/258 187/269/260 171/270/261
f 171/270/261 187/269/260 188/271/262
f 171/270/261 188/271/262 172/272/263
f 172/272/263 188/271/262 173/273/264
f 173/273/264 188/271/262 189/274/265
f 173/273/264 189/274/265 190/275/266
f 191/276/267 175/277/268 190/275/266
f 190/275/266 175/277/268 174/278/269
f 190/275/266 174/278/269 173/273/264
f 175/277/268 191/276/267 176/279/270
f 176/279/270 191/276/267 192/280/271
f 176/279/270 192/280/271 193/281/272
f 194/282/273 178/283/274 193/281/272
f 193/281/272 178/283/274 177/284/275
f 193/281/272 177/284/275 176/279/270
f 194/282/273 195/285/276 178/283/274
f 178/283/274 195/285/276 179/286/277
f 179/286/277 195/285/276 196/287/278
f 179/286/277 196/287/278 180/288/279
f 180/288/279 196/287/278 181/289/280
f 181/289/280 196/287/278 197/290/281
f 181/289/280 197/290/281 198/291/282
f 199/292/283 46/293/284 198/291/282
f 198/291/282 46/293/284 182/294/285
f 198/291/282 182/294/285 181/289/280
f 183/295/253 200/296/286 184/297/287
f 184/297/287 200/296/286 201/298/288
f 184/297/287 201/298/288 185/299/289
f 185/299/289 201/298/288 202/300/290
f 185/299/289 202/300/290 186/301/291
f 186/301/291 202/300/290 187/302/292
f 187/302/292 202/300/290 203/303/293
f 187/302/292 203/303/293 188/304/294
f 188/304/294 203/303/293 189/305/295
f 189/305/295 203/303/293 204/306/296
f 189/305/295 204/306/296 190/307/297
f 190/307/297 204/306/296 205/308/298
f 190/307/297 205/308/298 191/309/299
f 191/309/299 205/308/298 192/310/300
f 192/310/300 205/308/298 206/311/301
f 192/310/300 206/311/301 193/312/302
f 193/312/302 206/311/301 207/313/303
f 193/312/302 207/313/303 194/314/304
f 194/314/304 207/313/303 195/315/305
f 195/315/305 207/313/303 208/316/306
f 195/315/305 208/316/306 196/317/307
f 196/317/307 208/316/306 197/318/308
f 197/318/308 208/316/306 209/319/309
f 197/318/308 209/319/309 198/320/310
f 198/320/310 209/319/309 210/321/311
f 198/320/310 210/321/311 199/322/312
f 211/323/313 212/324/314 236/325/315
f 236/325/315 212/324/314 213/326/316
f 236/325/315 213/326/316 235/327/317
f 235/327/317 213/326/316 214/328/318
f 235/327/317 214/328/318 234/329/319
f 234/329/319 214/328/318 233/330/320
f 233/330/320 214/328/318 215/331/321
f 233/330/320 215/331/321 232/332/322
f 232/332/322 215/331/321 231/333/323
f 231/333/323 215/331/321 216/334/324
f 231/333/323 216/334/324 230/335/325
f 230/335/325 216/334/324 217/336/326
f 230/335/325 217/336/326 229/337/327
f 229/337/327 217/336/326 228/338/328
f 228/338/328 217/336/326 218/339/329
f 228/338/328 218/339/329 227/340/330
f 227/340/330 218/339/329 219/341/331
f 227/340/330 219/341/331 226/342/332
f 226/342/332 219/341/331 225/343/333
f 225/343/333 219/341/331 220/344/334
f 225/343/333 220/344/334 224/345/335
f 224/345/335 220/344/334 223/346/336
f 223/346/336 220/344/334 221/347/337
f 223/346/336 221/347/337 222/348/338
f 222/348/338 221/347/337 1/349/3
f 222/348/338 1/349/3 4/350/4
f 4/351/339 237/352/340 222/353/341
f 222/353/341 237/352/340 238/354/342
f 222/353/341 238/354/342 239/355/343
f 240/356/344 224/357/345 239/355/343
f 239/355/343 224/357/345 223/358/346
f 239/355/343 223/358/346 222/353/341
f 240/356/344 241/359/347 224/357/345
f 224/357/345 241/359/347 225/360/348
f 225/360/348 241/359/347 242/361/349
f 225/360/348 242/361/349 226/362/350
f 226/362/350 242/361/349 227/363/351
f 227/363/351 242/361/349 243/364/352
f 227/363/351 243/364/352 244/365/353
f 245/366/354 229/367/355 244/365/353
f 244/365/353 229/367/355 228/368/356
f 244/365/353 228/368/356 227/363/351
f 229/367/355 245/366/354 230/369/357
f 230/369/357 245/366/354 246/370/358
f 230/369/357 246/370/358 247/371/359
f 248/372/360 232/373/361 247/371/359
f 247/371/359 232/373/361 231/374/362
f 247/371/359 231/374/362 230/369/357
f 248/372/360 249/375/363 232/373/361
f 232/373/361 249/375/363 233/376/364
f 233/376/364 249/375/363 250/377/365
f 233/376/364 250/377/365 234/378/366
f 234/378/366 250/377/365 235/379/367
f 235/379/367 250/377/365 251/380/368
f 235/379/367 251/380/368 252/381/369
f 253/382/370 211/383/313 252/381/369
f 252/381/369 211/383/313 236/384/371
f 252/381/369 236/384/371 235/379/367
f 237/385/372 254/386/373 238/387/374
f 238/387/374 254/386/373 255/388/375
f 238/387/374 255/388/375 239/389/376
f 239/389/376 255/388/375 256/390/377
f 239/389/376 256/390/377 240/391/378
f 240/391/378 256/390/377 241/392/379
f 241/392/379 256/390/377 257/393/380
f 241/392/379 257/393/380 242/394/381
f 242/394/381 257/393/380 243/395/382
f 243/395/382 257/393/380 258/396/383
f 243/395/382 258/396/383 244/397/384
f 244/397/384 258/396/383 259/398/385
f 244/397/384 259/398/385 245/399/386
f 245/399/386 259/398/385 246/400/387
f 246/400/387 259/398/385 260/401/388
f 246/400/387 260/401/388 247/402/389
f 247/402/389 260/401/388 261/403/390
f 247/402/389 261/403/390 248/404/391
f 248/404/391 261/403/390 249/405/392
f 249/405/392 261/403/390 262/406/393
f 249/405/392 262/406/393 250/407/394
f 250/407/394 262/406/393 251/408/395
f 251/408/395 262/406/393 263/409/396
f 251/408/395 263/409/396 252/410/397
f 252/410/397 263/409/396 264/411/398
f 252/410/397 264/411/398 253/412/370
f 211/413/313 253/414/370 212/415/314
f 212/415/314 253/414/370 264/416/398
f 212/415/314 264/416/398 304/417/399
f 304/417/399 264/416/398 265/418/400
f 304/417/399 265/418/400 303/419/401
f 303/419/401 265/418/400 266/420/402
f 303/419/401 266/420/402 302/421/403
f 302/421/403 266/420/402 267/422/404
f 302/421/403 267/422/404 301/423/405
f 301/423/405 267/422/404 268/424/406
f 301/423/405 268/424/406 300/425/407
f 300/425/407 268/424/406 269/426/408
f 300/425/407 269/426/408 299/427/409
f 299/427/409 269/426/408 290/428/410
f 299/427/409 290/428/410 291/429/411
f 269/426/408 270/430/412 290/428/410
f 290/428/410 270/430/412 289/431/413
f 289/431/413 270/430/412 279/432/414
f 289/431/413 279/432/414 280/433/415
f 270/430/412 271/434/416 279/432/414
f 279/432/414 271/434/416 278/435/417
f 278/435/417 271/434/416 272/436/418
f 278/435/417 272/436/418 277/437/419
f 277/437/419 272/436/418 273/438/420
f 277/437/419 273/438/420 276/439/421
f 276/439/421 273/438/420 274/440/422
f 276/439/421 274/440/422 275/441/423
f 275/441/423 274/440/422 114/442/167
f 114/442/167 274/440/422 147/443/202
f 114/442/167 147/443/202 131/444/169
f 131/444/169 115/445/168 114/442/167
f 289/431/413 280/433/415 288/446/424
f 288/446/424 280/433/415 281/447/425
f 288/446/424 281/447/425 287/448/426
f 287/448/426 281/447/425 282/449/427
f 287/448/426 282/449/427 286/450/428
f 286/450/428 282/449/427 283/451/429
f 286/450/428 283/451/429 285/452/430
f 285/452/430 283/451/429 284/453/431
f 285/452/430 284/453/431 166/454/251
f 166/454/251 284/453/431 200/455/286
f 166/454/251 200/455/286 167/456/252
f 167/456/252 200/455/286 183/457/253
f 299/427/409 291/429/411 298/458/432
f 298/458/432 291/429/411 292/459/433
f 298/458/432 292/459/433 297/460/434
f 297/460/434 292/459/433 293/461/435
f 297/460/434 293/461/435 296/462/436
f 296/462/436 293/461/435 294/463/437
f 296/462/436 294/463/437 295/464/438
f 295/464/438 294/463/437 48/465/54
f 295/464/438 48/465/54 102/466/140
f 102/466/140 48/465/54 47/467/53
f 102/466/140 47/467/53 91/468/112
f 46/469/284 199/470/283 20/471/439
f 20/471/439 199/470/283 21/472/440
f 22/473/441 21/474/442 210/475/311
f 210/475/311 21/474/442 199/476/312
f 201/477/288 200/478/286 319/479/443
f 319/479/443 200/478/286 284/480/431
f 319/479/443 284/480/431 328/481/444
f 328/481/444 284/480/431 283/482/429
f 328/481/444 283/482/429 312/483/445
f 312/483/445 283/482/429 282/484/427
f 312/483/445 282/484/427 360/485/446
f 360/485/446 282/484/427 344/486/447
f 360/485/446 344/486/447 345/487/448
f 345/487/448 344/486/447 362/488/449
f 345/487/448 362/488/449 363/489/450
f 363/489/450 362/488/449 371/490/451
f 363/489/450 371/490/451 372/491/452
f 372/491/452 371/490/451 390/492/453
f 372/491/452 390/492/453 389/493/454
f 389/493/454 390/492/453 381/494/455
f 389/493/454 381/494/455 382/495/456
f 382/495/456 381/494/455 399/496/457
f 382/495/456 399/496/457 400/497/458
f 400/497/458 399/496/457 409/498/459
f 400/497/458 409/498/459 410/499/460
f 410/499/460 409/498/459 421/500/461
f 410/499/460 421/500/461 316/501/462
f 316/501/462 421/500/461 420/502/463
f 316/501/462 420/502/463 305/503/464
f 305/503/464 420/502/463 318/504/465
f 305/503/464 318/504/465 104/505/142
f 104/505/142 318/504/465 105/506/144
f 105/506/144 318/504/465 435/507/466
f 105/506/144 435/507/466 106/508/146
f 106/508/146 435/507/466 434/509/467
f 106/508/146 434/509/467 107/510/149
f 107/510/149 434/509/467 433/511/468
f 107/510/149 433/511/468 108/512/152
f 108/512/152 433/511/468 432/513/469
f 108/512/152 432/513/469 109/514/154
f 109/514/154 432/513/469 431/515/470
f 109/514/154 431/515/470 110/516/157
f 110/516/157 431/515/470 430/517/471
f 110/516/157 430/517/471 111/518/159
f 111/518/159 430/517/471 429/519/472
f 111/518/159 429/519/472 112/520/162
f 112/520/162 429/519/472 428/521/473
f 112/520/162 428/521/473 113/522/165
f 113/522/165 428/521/473 114/523/167
f 114/523/167 428/521/473 275/524/423
f 275/524/423 428/521/473 412/525/474
f 275/524/423 412/525/474 276/526/421
f 276/526/421 412/525/474 317/527/475
f 276/526/421 317/527/475 277/528/419
f 277/528/419 317/527/475 403/529/476
f 277/528/419 403/529/476 394/530/477
f 394/530/477 403/529/476 404/531/478
f 394/530/477 404/531/478 395/532/479
f 395/532/479 404/531/478 405/533/480
f 395/532/479 405/533/480 396/534/481
f 396/534/481 405/533/480 406/535/482
f 396/534/481 406/535/482 397/536/483
f 397/536/483 406/535/482 407/537/484
f 397/536/483 407/537/484 398/538/485
f 398/538/485 407/537/484 408/539/486
f 398/538/485 408/539/486 399/496/457
f 399/496/457 408/539/486 409/498/459
f 282/484/427 281/540/425 344/486/447
f 344/486/447 281/540/425 361/541/487
f 344/486/447 361/541/487 362/488/449
f 362/488/449 361/541/487 370/542/488
f 362/488/449 370/542/488 371/490/451
f 371/490/451 370/542/488 391/543/489
f 371/490/451 391/543/489 390/492/453
f 390/492/453 391/543/489 380/544/490
f 390/492/453 380/544/490 381/494/455
f 381/494/455 380/544/490 398/538/485
f 381/494/455 398/538/485 399/496/457
f 281/540/425 280/545/415 361/541/487
f 361/541/487 280/545/415 315/546/491
f 361/541/487 315/546/491 370/542/488
f 370/542/488 315/546/491 392/547/492
f 370/542/488 392/547/492 391/543/489
f 391/543/489 392/547/492 379/548/493
f 391/543/489 379/548/493 380/544/490
f 380/544/490 379/548/493 397/536/483
f 380/544/490 397/536/483 398/538/485
f 280/545/415 279/549/414 315/546/491
f 315/546/491 279/549/414 393/550/494
f 315/546/491 393/550/494 392/547/492
f 392/547/492 393/550/494 378/551/495
f 392/547/492 378/551/495 379/548/493
f 379/548/493 378/551/495 396/534/481
f 379/548/493 396/534/481 397/536/483
f 393/550/494 279/549/414 377/552/496
f 377/552/496 279/549/414 278/553/417
f 377/552/496 278/553/417 394/530/477
f 394/530/477 278/553/417 277/528/419
f 305/503/464 306/554/497 316/501/462
f 316/501/462 306/554/497 411/555/498
f 316/501/462 411/555/498 410/499/460
f 410/499/460 411/555/498 401/556/499
f 410/499/460 401/556/499 400/497/458
f 400/497/458 401/556/499 383/557/500
f 400/497/458 383/557/500 382/495/456
f 382/495/456 383/557/500 388/558/501
f 382/495/456 388/558/501 389/493/454
f 389/493/454 388/558/501 373/559/502
f 389/493/454 373/559/502 372/491/452
f 372/491/452 373/559/502 364/560/503
f 372/491/452 364/560/503 363/489/450
f 363/489/450 364/560/503 346/561/504
f 363/489/450 346/561/504 345/487/448
f 345/487/448 346/561/504 359/562/505
f 345/487/448 359/562/505 360/485/446
f 360/485/446 359/562/505 312/483/445
f 307/563/506 314/564/507 306/554/497
f 306/554/497 314/564/507 402/565/508
f 306/554/497 402/565/508 411/555/498
f 411/555/498 402/565/508 401/556/499
f 308/566/509 313/567/510 307/563/506
f 307/563/506 313/567/510 385/568/511
f 307/563/506 385/568/511 314/564/507
f 314/564/507 385/568/511 386/569/512
f 314/564/507 386/569/512 384/570/513
f 384/570/513 386/569/512 387/571/514
f 384/570/513 387/571/514 383/557/500
f 383/557/500 387/571/514 388/558/501
f 309/572/515 311/573/516 308/566/509
f 308/566/509 311/573/516 352/574/517
f 308/566/509 352/574/517 369/575/518
f 369/575/518 352/574/517 351/576/519
f 369/575/518 351/576/519 368/577/520
f 368/577/520 351/576/519 350/578/521
f 368/577/520 350/578/521 367/579/522
f 367/579/522 350/578/521 349/580/523
f 367/579/522 349/580/523 366/581/524
f 366/581/524 349/580/523 348/582/525
f 366/581/524 348/582/525 365/583/526
f 365/583/526 348/582/525 347/584/527
f 365/583/526 347/584/527 364/560/503
f 364/560/503 347/584/527 346/561/504
f 210/585/311 310/586/528 309/572/515
f 309/572/515 310/586/528 343/587/529
f 309/572/515 343/587/529 311/573/516
f 311/573/516 343/587/529 342/588/530
f 311/573/516 342/588/530 353/589/531
f 353/589/531 342/588/530 341/590/532
f 353/589/531 341/590/532 354/591/533
f 354/591/533 341/590/532 340/592/534
f 354/591/533 340/592/534 355/593/535
f 355/593/535 340/592/534 339/594/536
f 355/593/535 339/594/536 356/595/537
f 356/595/537 339/594/536 338/596/538
f 356/595/537 338/596/538 357/597/539
f 357/597/539 338/596/538 337/598/540
f 357/597/539 337/598/540 358/599/541
f 358/599/541 337/598/540 336/600/542
f 358/599/541 336/600/542 359/562/505
f 359/562/505 336/600/542 312/483/445
f 310/586/528 210/585/311 327/601/543
f 327/601/543 210/585/311 209/602/309
f 327/601/543 209/602/309 208/603/306
f 327/601/543 208/603/306 326/604/544
f 326/604/544 208/603/306 207/605/303
f 326/604/544 207/605/303 325/606/545
f 325/606/545 207/605/303 206/607/301
f 325/606/545 206/607/301 324/608/546
f 324/608/546 206/607/301 205/609/298
f 324/608/546 205/609/298 323/610/547
f 323/610/547 205/609/298 204/611/296
f 323/610/547 204/611/296 322/612/548
f 322/612/548 204/611/296 203/613/293
f 322/612/548 203/613/293 321/614/549
f 321/614/549 203/613/293 202/615/290
f 321/614/549 202/615/290 320/616/550
f 320/616/550 202/615/290 201/477/288
f 320/616/550 201/477/288 319/479/443
f 313/567/510 308/566/509 369/575/518
f 320/616/550 319/479/443 329/617/551
f 329/617/551 319/479/443 328/481/444
f 329/617/551 328/481/444 336/600/542
f 336/600/542 328/481/444 312/483/445
f 321/614/549 320/616/550 330/618/552
f 330/618/552 320/616/550 329/617/551
f 330/618/552 329/617/551 337/598/540
f 337/598/540 329/617/551 336/600/542
f 322/612/548 321/614/549 331/619/553
f 331/619/553 321/614/549 330/618/552
f 331/619/553 330/618/552 338/596/538
f 338/596/538 330/618/552 337/598/540
f 323/610/547 322/612/548 332/620/554
f 332/620/554 322/612/548 331/619/553
f 332/620/554 331/619/553 339/594/536
f 339/594/536 331/619/553 338/596/538
f 324/608/546 323/610/547 333/621/555
f 333/621/555 323/610/547 332/620/554
f 333/621/555 332/620/554 340/592/534
f 340/592/534 332/620/554 339/594/536
f 325/606/545 324/608/546 334/622/556
f 334/622/556 324/608/546 333/621/555
f 334/622/556 333/621/555 341/590/532
f 341/590/532 333/621/555 340/592/534
f 310/586/528 327/601/543 326/604/544
f 326/604/544 325/606/545 335/623/557
f 335/623/557 325/606/545 334/622/556
f 335/623/557 334/622/556 342/588/530
f 342/588/530 334/622/556 341/590/532
f 343/587/529 310/586/528 335/623/557
f 335/623/557 310/586/528 326/604/544
f 343/587/529 335/623/557 342/588/530
f 358/599/541 359/562/505 346/561/504
f 357/597/539 358/599/541 347/584/527
f 347/584/527 358/599/541 346/561/504
f 356/595/537 357/597/539 348/582/525
f 348/582/525 357/597/539 347/584/527
f 355/593/535 356/595/537 349/580/523
f 349/580/523 356/595/537 348/582/525
f 354/591/533 355/593/535 350/578/521
f 350/578/521 355/593/535 349/580/523
f 353/589/531 354/591/533 351/576/519
f 351/576/519 354/591/533 350/578/521
f 311/573/516 353/589/531 352/574/517
f 352/574/517 353/589/531 351/576/519
f 364/560/503 373/559/502 365/583/526
f 365/583/526 373/559/502 374/624/558
f 365/583/526 374/624/558 366/581/524
f 366/581/524 374/624/558 375/625/559
f 366/581/524 375/625/559 367/579/522
f 367/579/522 375/625/559 376/626/560
f 367/579/522 376/626/560 368/577/520
f 368/577/520 376/626/560 313/567/510
f 368/577/520 313/567/510 369/575/518
f 373/559/502 388/558/501 374/624/558
f 374/624/558 388/558/501 387/571/514
f 374/624/558 387/571/514 375/625/559
f 375/625/559 387/571/514 386/569/512
f 375/625/559 386/569/512 376/626/560
f 376/626/560 386/569/512 385/568/511
f 376/626/560 385/568/511 313/567/510
f 393/550/494 377/552/496 378/551/495
f 378/551/495 377/552/496 395/532/479
f 378/551/495 395/532/479 396/534/481
f 394/530/477 395/532/479 377/552/496
f 402/565/508 314/564/507 384/570/513
f 402/565/508 384/570/513 401/556/499
f 401/556/499 384/570/513 383/557/500
f 404/531/478 403/529/476 427/627/561
f 427/627/561 403/529/476 317/527/475
f 427/627/561 317/527/475 413/628/562
f 413/628/562 317/527/475 412/525/474
f 413/628/562 412/525/474 429/519/472
f 429/519/472 412/525/474 428/521/473
f 405/533/480 404/531/478 426/629/563
f 426/629/563 404/531/478 427/627/561
f 426/629/563 427/627/561 414/630/564
f 414/630/564 427/627/561 413/628/562
f 414/630/564 413/628/562 430/517/471
f 430/517/471 413/628/562 429/519/472
f 406/535/482 405/533/480 425/631/565
f 425/631/565 405/533/480 426/629/563
f 425/631/565 426/629/563 415/632/566
f 415/632/566 426/629/563 414/630/564
f 415/632/566 414/630/564 431/515/470
f 431/515/470 414/630/564 430/517/471
f 407/537/484 406/535/482 424/633/567
f 424/633/567 406/535/482 425/631/565
f 424/633/567 425/631/565 416/634/568
f 416/634/568 425/631/565 415/632/566
f 416/634/568 415/632/566 432/513/469
f 432/513/469 415/632/566 431/515/470
f 408/539/486 407/537/484 423/635/569
f 423/635/569 407/537/484 424/633/567
f 423/635/569 424/633/567 417/636/570
f 417/636/570 424/633/567 416/634/568
f 417/636/570 416/634/568 433/511/468
f 433/511/468 416/634/568 432/513/469
f 409/498/459 408/539/486 422/637/571
f 422/637/571 408/539/486 423/635/569
f 422/637/571 423/635/569 418/638/572
f 418/638/572 423/635/569 417/636/570
f 418/638/572 417/636/570 434/509/467
f 434/509/467 417/636/570 433/511/468
f 418/638/572 419/639/573 422/637/571
f 422/637/571 419/639/573 421/500/461
f 422/637/571 421/500/461 409/498/459
f 318/504/465 420/502/463 419/639/573
f 419/639/573 420/502/463 421/500/461
f 434/509/467 435/507/466 418/638/572
f 418/638/572 435/507/466 419/639/573
f 435/507/466 318/504/465 419/639/573
f 157/640/228 45/641/49 449/642/574
f 449/642/574 45/641/49 436/643/575
f 449/642/574 436/643/575 473/644/576
f 473/644/576 436/643/575 447/645/577
f 473/644/576 447/645/577 458/646/578
f 458/646/578 447/645/577 565/647/579
f 458/646/578 565/647/579 564/648/580
f 564/648/580 565/647/579 488/649/581
f 564/648/580 488/649/581 487/650/582
f 487/650/582 488/649/581 476/651/583
f 487/650/582 476/651/583 477/652/584
f 477/652/584 476/651/583 502/653/585
f 477/652/584 502/653/585 501/654/586
f 501/654/586 502/653/585 495/655/587
f 501/654/586 495/655/587 496/656/588
f 496/656/588 495/655/587 551/657/589
f 496/656/588 551/657/589 550/658/590
f 550/658/590 551/657/589 516/659/591
f 550/658/590 516/659/591 515/660/592
f 515/660/592 516/659/591 514/661/593
f 515/660/592 514/661/593 292/662/433
f 292/662/433 514/661/593 443/663/594
f 292/662/433 443/663/594 293/664/435
f 293/664/435 443/663/594 531/665/595
f 293/664/435 531/665/595 294/666/437
f 294/666/437 531/665/595 540/667/596
f 294/666/437 540/667/596 48/668/54
f 48/668/54 540/667/596 49/669/56
f 49/669/56 540/667/596 541/670/597
f 49/669/56 541/670/597 50/671/58
f 50/671/58 541/670/597 542/672/598
f 50/671/58 542/672/598 51/673/61
f 51/673/61 542/672/598 543/674/599
f 51/673/61 543/674/599 52/675/64
f 52/675/64 543/674/599 544/676/600
f 52/675/64 544/676/600 53/677/66
f 53/677/66 544/676/600 545/678/601
f 53/677/66 545/678/601 54/679/69
f 54/679/69 545/678/601 546/680/602
f 54/679/69 546/680/602 55/681/71
f 55/681/71 546/680/602 547/682/603
f 55/681/71 547/682/603 56/683/74
f 56/683/74 547/682/603 548/684/604
f 56/683/74 548/684/604 57/685/77
f 57/685/77 548/684/604 58/686/79
f 58/686/79 548/684/604 441/687/605
f 58/686/79 441/687/605 440/688/606
f 440/688/606 441/687/605 539/689/607
f 440/688/606 539/689/607 442/690/608
f 442/690/608 539/689/607 538/691/609
f 442/690/608 538/691/609 507/692/610
f 507/692/610 538/691/609 537/693/611
f 507/692/610 537/693/611 508/694/612
f 508/694/612 537/693/611 536/695/613
f 508/694/612 536/695/613 509/696/614
f 509/696/614 536/695/613 535/697/615
f 509/696/614 535/697/615 510/698/616
f 510/698/616 535/697/615 534/699/617
f 510/698/616 534/699/617 511/700/618
f 511/700/618 534/699/617 533/701/619
f 511/700/618 533/701/619 512/702/620
f 512/702/620 533/701/619 532/703/621
f 512/702/620 532/703/621 513/704/622
f 513/704/622 532/703/621 443/663/594
f 513/704/622 443/663/594 514/661/593
f 436/643/575 437/705/623 447/645/577
f 447/645/577 437/705/623 566/706/624
f 447/645/577 566/706/624 565/647/579
f 565/647/579 566/706/624 489/707/625
f 565/647/579 489/707/625 488/649/581
f 488/649/581 489/707/625 475/708/626
f 488/649/581 475/708/626 476/651/583
f 476/651/583 475/708/626 503/709/627
f 476/651/583 503/709/627 502/653/585
f 502/653/585 503/709/627 494/710/628
f 502/653/585 494/710/628 495/655/587
f 495/655/587 494/710/628 552/711/629
f 495/655/587 552/711/629 551/657/589
f 551/657/589 552/711/629 517/712/630
f 551/657/589 517/712/630 516/659/591
f 516/659/591 517/712/630 513/704/622
f 516/659/591 513/704/622 514/661/593
f 438/713/631 445/714/632 437/705/623
f 437/705/623 445/714/632 490/715/633
f 437/705/623 490/715/633 566/706/624
f 566/706/624 490/715/633 489/707/625
f 439/716/634 444/717/635 438/713/631
f 438/713/631 444/717/635 506/718/636
f 438/713/631 506/718/636 445/714/632
f 445/714/632 506/718/636 505/719/637
f 445/714/632 505/719/637 474/720/638
f 474/720/638 505/719/637 504/721/639
f 474/720/638 504/721/639 475/708/626
f 475/708/626 504/721/639 503/709/627
f 440/688/606 442/690/608 439/716/634
f 439/716/634 442/690/608 523/722/640
f 439/716/634 523/722/640 557/723/641
f 557/723/641 523/722/640 522/724/642
f 557/723/641 522/724/642 556/725/643
f 556/725/643 522/724/642 521/726/644
f 556/725/643 521/726/644 555/727/645
f 555/727/645 521/726/644 520/728/646
f 555/727/645 520/728/646 554/729/647
f 554/729/647 520/728/646 519/730/648
f 554/729/647 519/730/648 553/731/649
f 553/731/649 519/730/648 518/732/650
f 553/731/649 518/732/650 552/711/629
f 552/711/629 518/732/650 517/712/630
f 292/662/433 291/733/411 515/660/592
f 515/660/592 291/733/411 549/734/651
f 515/660/592 549/734/651 550/658/590
f 550/658/590 549/734/651 497/735/652
f 550/658/590 497/735/652 496/656/588
f 496/656/588 497/735/652 500/736/653
f 496/656/588 500/736/653 501/654/586
f 501/654/586 500/736/653 478/737/654
f 501/654/586 478/737/654 477/652/584
f 477/652/584 478/737/654 486/738/655
f 477/652/584 486/738/655 487/650/582
f 487/650/582 486/738/655 563/739/656
f 487/650/582 563/739/656 564/648/580
f 564/648/580 563/739/656 459/740/657
f 564/648/580 459/740/657 458/646/578
f 458/646/578 459/740/657 472/741/658
f 458/646/578 472/741/658 473/644/576
f 473/644/576 472/741/658 449/642/574
f 291/733/411 290/742/410 549/734/651
f 549/734/651 290/742/410 446/743/659
f 549/734/651 446/743/659 497/735/652
f 497/735/652 446/743/659 499/744/660
f 497/735/652 499/744/660 500/736/653
f 500/736/653 499/744/660 479/745/661
f 500/736/653 479/745/661 478/737/654
f 478/737/654 479/745/661 485/746/662
f 478/737/654 485/746/662 486/738/655
f 486/738/655 485/746/662 562/747/663
f 486/738/655 562/747/663 563/739/656
f 563/739/656 562/747/663 460/748/664
f 563/739/656 460/748/664 459/740/657
f 459/740/657 460/748/664 471/749/665
f 459/740/657 471/749/665 472/741/658
f 472/741/658 471/749/665 450/750/666
f 472/741/658 450/750/666 449/642/574
f 449/642/574 450/750/666 157/640/228
f 290/742/410 289/751/413 446/743/659
f 446/743/659 289/751/413 498/752/667
f 446/743/659 498/752/667 499/744/660
f 499/744/660 498/752/667 480/753/668
f 499/744/660 480/753/668 479/745/661
f 479/745/661 480/753/668 484/754/669
f 479/745/661 484/754/669 485/746/662
f 485/746/662 484/754/669 561/755/670
f 485/746/662 561/755/670 562/747/663
f 562/747/663 561/755/670 461/756/671
f 562/747/663 461/756/671 460/748/664
f 460/748/664 461/756/671 470/757/672
f 460/748/664 470/757/672 471/749/665
f 471/749/665 470/757/672 451/758/673
f 471/749/665 451/758/673 450/750/666
f 450/750/666 451/758/673 158/759/230
f 450/750/666 158/759/230 157/640/228
f 498/752/667 289/751/413 481/760/674
f 481/760/674 289/751/413 288/761/424
f 481/760/674 288/761/424 482/762/675
f 482/762/675 288/761/424 287/763/426
f 482/762/675 287/763/426 558/764/676
f 558/764/676 287/763/426 448/765/677
f 558/764/676 448/765/677 464/766/678
f 464/766/678 448/765/677 466/767/679
f 464/766/678 466/767/679 467/768/680
f 467/768/680 466/767/679 455/769/681
f 467/768/680 455/769/681 454/770/682
f 454/770/682 455/769/681 162/771/241
f 454/770/682 162/771/241 161/772/238
f 287/763/426 286/773/428 448/765/677
f 448/765/677 286/773/428 465/774/683
f 448/765/677 465/774/683 466/767/679
f 466/767/679 465/774/683 456/775/684
f 466/767/679 456/775/684 455/769/681
f 455/769/681 456/775/684 163/776/243
f 455/769/681 163/776/243 162/771/241
f 286/773/428 285/777/430 465/774/683
f 465/774/683 285/777/430 457/778/685
f 465/774/683 457/778/685 456/775/684
f 456/775/684 457/778/685 164/779/246
f 456/775/684 164/779/246 163/776/243
f 285/777/430 166/780/251 457/778/685
f 457/778/685 166/780/251 165/781/249
f 457/778/685 165/781/249 164/779/246
f 454/770/682 161/772/238 453/782/686
f 453/782/686 161/772/238 160/783/236
f 453/782/686 160/783/236 452/784/687
f 452/784/687 160/783/236 159/785/233
f 452/784/687 159/785/233 451/758/673
f 451/758/673 159/785/233 158/759/230
f 444/717/635 439/716/634 557/723/641
f 451/758/673 470/757/672 452/784/687
f 452/784/687 470/757/672 469/786/688
f 452/784/687 469/786/688 453/782/686
f 453/782/686 469/786/688 468/787/689
f 453/782/686 468/787/689 454/770/682
f 454/770/682 468/787/689 467/768/680
f 469/786/688 470/757/672 461/756/671
f 468/787/689 469/786/688 462/788/690
f 462/788/690 469/786/688 461/756/671
f 462/788/690 461/756/671 561/755/670
f 467/768/680 468/787/689 463/789/691
f 463/789/691 468/787/689 462/788/690
f 463/789/691 462/788/690 560/790/692
f 560/790/692 462/788/690 561/755/670
f 560/790/692 561/755/670 484/754/669
f 467/768/680 463/789/691 464/766/678
f 464/766/678 463/789/691 559/791/693
f 464/766/678 559/791/693 558/764/676
f 558/764/676 559/791/693 482/762/675
f 559/791/693 463/789/691 560/790/692
f 489/707/625 490/715/633 474/720/638
f 474/720/638 490/715/633 445/714/632
f 474/720/638 475/708/626 489/707/625
f 480/753/668 481/760/674 483/792/694
f 483/792/694 481/760/674 482/762/675
f 483/792/694 482/762/675 559/791/693
f 481/760/674 480/753/668 498/752/667
f 560/790/692 484/754/669 483/792/694
f 483/792/694 484/754/669 480/753/668
f 560/790/692 483/792/694 559/791/693
f 505/719/637 506/718/636 491/793/695
f 491/793/695 506/718/636 444/717/635
f 491/793/695 444/717/635 556/725/643
f 556/725/643 444/717/635 557/723/641
f 504/721/639 505/719/637 492/794/696
f 492/794/696 505/719/637 491/793/695
f 492/794/696 491/793/695 555/727/645
f 555/727/645 491/793/695 556/725/643
f 503/709/627 504/721/639 493/795/697
f 493/795/697 504/721/639 492/794/696
f 493/795/697 492/794/696 554/729/647
f 554/729/647 492/794/696 555/727/645
f 503/709/627 493/795/697 494/710/628
f 494/710/628 493/795/697 553/731/649
f 494/710/628 553/731/649 552/711/629
f 553/731/649 493/795/697 554/729/647
f 522/724/642 523/722/640 507/692/610
f 507/692/610 523/722/640 442/690/608
f 521/726/644 522/724/642 508/694/612
f 508/694/612 522/724/642 507/692/610
f 520/728/646 521/726/644 509/696/614
f 509/696/614 521/726/644 508/694/612
f 519/730/648 520/728/646 510/698/616
f 510/698/616 520/728/646 509/696/614
f 518/732/650 519/730/648 511/700/618
f 511/700/618 519/730/648 510/698/616
f 517/712/630 518/732/650 512/702/620
f 512/702/620 518/732/650 511/700/618
f 512/702/620 513/704/622 517/712/630
f 538/691/609 539/689/607 524/796/698
f 524/796/698 539/689/607 441/687/605
f 524/796/698 441/687/605 547/682/603
f 547/682/603 441/687/605 548/684/604
f 537/693/611 538/691/609 525/797/699
f 525/797/699 538/691/609 524/796/698
f 525/797/699 524/796/698 546/680/602
f 546/680/602 524/796/698 547/682/603
f 536/695/613 537/693/611 526/798/700
f 526/798/700 537/693/611 525/797/699
f 526/798/700 525/797/699 545/678/601
f 545/678/601 525/797/699 546/680/602
f 535/697/615 536/695/613 527/799/701
f 527/799/701 536/695/613 526/798/700
f 527/799/701 526/798/700 544/676/600
f 544/676/600 526/798/700 545/678/601
f 534/699/617 535/697/615 528/800/702
f 528/800/702 535/697/615 527/799/701
f 528/800/702 527/799/701 543/674/599
f 543/674/599 527/799/701 544/676/600
f 533/701/619 534/699/617 529/801/703
f 529/801/703 534/699/617 528/800/702
f 529/801/703 528/800/702 542/672/598
f 542/672/598 528/800/702 543/674/599
f 532/703/621 533/701/619 530/802/704
f 530/802/704 533/701/619 529/801/703
f 530/802/704 529/801/703 541/670/597
f 541/670/597 529/801/703 542/672/598
f 443/663/594 532/703/621 531/665/595
f 531/665/595 532/703/621 530/802/704
f 531/665/595 530/802/704 540/667/596
f 540/667/596 530/802/704 541/670/597
f 213/803/316 212/804/314 581/805/705
f 581/805/705 212/804/314 304/806/399
f 581/805/705 304/806/399 590/807/706
f 590/807/706 304/806/399 303/808/401
f 590/807/706 303/808/401 574/809/707
f 574/809/707 303/808/401 302/810/403
f 574/809/707 302/810/403 622/811/708
f 622/811/708 302/810/403 606/812/709
f 622/811/708 606/812/709 607/813/710
f 607/813/710 606/812/709 624/814/711
f 607/813/710 624/814/711 625/815/712
f 625/815/712 624/814/711 633/816/713
f 625/815/712 633/816/713 634/817/714
f 634/817/714 633/816/713 652/818/715
f 634/817/714 652/818/715 651/819/716
f 651/819/716 652/818/715 643/820/717
f 651/819/716 643/820/717 644/821/718
f 644/821/718 643/820/717 661/822/719
f 644/821/718 661/822/719 662/823/720
f 662/823/720 661/822/719 671/824/721
f 662/823/720 671/824/721 672/825/722
f 672/825/722 671/824/721 683/826/723
f 672/825/722 683/826/723 578/827/724
f 578/827/724 683/826/723 682/828/725
f 578/827/724 682/828/725 567/829/726
f 567/829/726 682/828/725 580/830/727
f 567/829/726 580/830/727 92/831/115
f 92/831/115 580/830/727 93/832/117
f 93/832/117 580/830/727 697/833/728
f 93/832/117 697/833/728 94/834/119
f 94/834/119 697/833/728 696/835/729
f 94/834/119 696/835/729 95/836/122
f 95/836/122 696/835/729 695/837/730
f 95/836/122 695/837/730 96/838/125
f 96/838/125 695/837/730 694/839/731
f 96/838/125 694/839/731 97/840/127
f 97/840/127 694/839/731 693/841/732
f 97/840/127 693/841/732 98/842/130
f 98/842/130 693/841/732 692/843/733
f 98/842/130 692/843/733 99/844/132
f 99/844/132 692/843/733 691/845/734
f 99/844/132 691/845/734 100/846/135
f 100/846/135 691/845/734 690/847/735
f 100/846/135 690/847/735 101/848/138
f 101/848/138 690/847/735 102/849/140
f 102/849/140 690/847/735 295/850/438
f 295/850/438 690/847/735 674/851/736
f 295/850/438 674/851/736 296/852/436
f 296/852/436 674/851/736 579/853/737
f 296/852/436 579/853/737 297/854/434
f 297/854/434 579/853/737 665/855/738
f 297/854/434 665/855/738 656/856/739
f 656/856/739 665/855/738 666/857/740
f 656/856/739 666/857/740 657/858/741
f 657/858/741 666/857/740 667/859/742
f 657/858/741 667/859/742 658/860/743
f 658/860/743 667/859/742 668/861/744
f 658/860/743 668/861/744 659/862/745
f 659/862/745 668/861/744 669/863/746
f 659/862/745 669/863/746 660/864/747
f 660/864/747 669/863/746 670/865/748
f 660/864/747 670/865/748 661/822/719
f 661/822/719 670/865/748 671/824/721
f 302/810/403 301/866/405 606/812/709
f 606/812/709 301/866/405 623/867/749
f 606/812/709 623/867/749 624/814/711
f 624/814/711 623/867/749 632/868/750
f 624/814/711 632/868/750 633/816/713
f 633/816/713 632/868/750 653/869/751
f 633/816/713 653/869/751 652/818/715
f 652/818/715 653/869/751 642/870/752
f 652/818/715 642/870/752 643/820/717
f 643/820/717 642/870/752 660/864/747
f 643/820/717 660/864/747 661/822/719
f 301/866/405 300/871/407 623/867/749
f 623/867/749 300/871/407 577/872/753
f 623/867/749 577/872/753 632/868/750
f 632/868/750 577/872/753 654/873/754
f 632/868/750 654/873/754 653/869/751
f 653/869/751 654/873/754 641/874/755
f 653/869/751 641/874/755 642/870/752
f 642/870/752 641/874/755 659/862/745
f 642/870/752 659/862/745 660/864/747
f 300/871/407 299/875/409 577/872/753
f 577/872/753 299/875/409 655/876/756
f 577/872/753 655/876/756 654/873/754
f 654/873/754 655/876/756 640/877/757
f 654/873/754 640/877/757 641/874/755
f 641/874/755 640/877/757 658/860/743
f 641/874/755 658/860/743 659/862/745
f 655/876/756 299/875/409 639/878/758
f 639/878/758 299/875/409 298/879/432
f 639/878/758 298/879/432 656/856/739
f 656/856/739 298/879/432 297/854/434
f 567/829/726 568/880/759 578/827/724
f 578/827/724 568/880/759 673/881/760
f 578/827/724 673/881/760 672/825/722
f 672/825/722 673/881/760 663/882/761
f 672/825/722 663/882/761 662/823/720
f 662/823/720 663/882/761 645/883/762
f 662/823/720 645/883/762 644/821/718
f 644/821/718 645/883/762 650/884/763
f 644/821/718 650/884/763 651/819/716
f 651/819/716 650/884/763 635/885/764
f 651/819/716 635/885/764 634/817/714
f 634/817/714 635/885/764 626/886/765
f 634/817/714 626/886/765 625/815/712
f 625/815/712 626/886/765 608/887/766
f 625/815/712 608/887/766 607/813/710
f 607/813/710 608/887/766 621/888/767
f 607/813/710 621/888/767 622/811/708
f 622/811/708 621/888/767 574/809/707
f 569/889/768 576/890/769 568/880/759
f 568/880/759 576/890/769 664/891/770
f 568/880/759 664/891/770 673/881/760
f 673/881/760 664/891/770 663/882/761
f 570/892/771 575/893/772 569/889/768
f 569/889/768 575/893/772 647/894/773
f 569/889/768 647/894/773 576/890/769
f 576/890/769 647/894/773 648/895/774
f 576/890/769 648/895/774 646/896/775
f 646/896/775 648/895/774 649/897/776
f 646/896/775 649/897/776 645/883/762
f 645/883/762 649/897/776 650/884/763
f 571/898/777 573/899/778 570/892/771
f 570/892/771 573/899/778 614/900/779
f 570/892/771 614/900/779 631/901/780
f 631/901/780 614/900/779 613/902/781
f 631/901/780 613/902/781 630/903/782
f 630/903/782 613/902/781 612/904/783
f 630/903/782 612/904/783 629/905/784
f 629/905/784 612/904/783 611/906/785
f 629/905/784 611/906/785 628/907/786
f 628/907/786 611/906/785 610/908/787
f 628/907/786 610/908/787 627/909/788
f 627/909/788 610/908/787 609/910/789
f 627/909/788 609/910/789 626/886/765
f 626/886/765 609/910/789 608/887/766
f 1/911/3 572/912/790 571/898/777
f 571/898/777 572/912/790 605/913/791
f 571/898/777 605/913/791 573/899/778
f 573/899/778 605/913/791 604/914/792
f 573/899/778 604/914/792 615/915/793
f 615/915/793 604/914/792 603/916/794
f 615/915/793 603/916/794 616/917/795
f 616/917/795 603/916/794 602/918/796
f 616/917/795 602/918/796 617/919/797
f 617/919/797 602/918/796 601/920/798
f 617/919/797 601/920/798 618/921/799
f 618/921/799 601/920/798 600/922/800
f 618/921/799 600/922/800 619/923/801
f 619/923/801 600/922/800 599/924/802
f 619/923/801 599/924/802 620/925/803
f 620/925/803 599/924/802 598/926/804
f 620/925/803 598/926/804 621/888/767
f 621/888/767 598/926/804 574/809/707
f 572/912/790 1/911/3 589/927/805
f 589/927/805 1/911/3 221/928/337
f 589/927/805 221/928/337 220/929/334
f 589/927/805 220/929/334 588/930/806
f 588/930/806 220/929/334 219/931/331
f 588/930/806 219/931/331 587/932/807
f 587/932/807 219/931/331 218/933/329
f 587/932/807 218/933/329 586/934/808
f 586/934/808 218/933/329 217/935/326
f 586/934/808 217/935/326 585/936/809
f 585/936/809 217/935/326 216/937/324
f 585/936/809 216/937/324 584/938/810
f 584/938/810 216/937/324 215/939/321
f 584/938/810 215/939/321 583/940/811
f 583/940/811 215/939/321 214/941/318
f 583/940/811 214/941/318 582/942/812
f 582/942/812 214/941/318 213/803/316
f 582/942/812 213/803/316 581/805/705
f 575/893/772 570/892/771 631/901/780
f 582/942/812 581/805/705 591/943/813
f 591/943/813 581/805/705 590/807/706
f 591/943/813 590/807/706 598/926/804
f 598/926/804 590/807/706 574/809/707
f 583/940/811 582/942/812 592/944/814
f 592/944/814 582/942/812 591/943/813
f 592/944/814 591/943/813 599/924/802
f 599/924/802 591/943/813 598/926/804
f 584/938/810 583/940/811 593/945/815
f 593/945/815 583/940/811 592/944/814
f 593/945/815 592/944/814 600/922/800
f 600/922/800 592/944/814 599/924/802
f 585/936/809 584/938/810 594/946/816
f 594/946/816 584/938/810 593/945/815
f 594/946/816 593/945/815 601/920/798
f 601/920/798 593/945/815 600/922/800
f 586/934/808 585/936/809 595/947/817
f 595/947/817 585/936/809 594/946/816
f 595/947/817 594/946/816 602/918/796
f 602/918/796 594/946/816 601/920/798
f 587/932/807 586/934/808 596/948/818
f 596/948/818 586/934/808 595/947/817
f 596/948/818 595/947/817 603/916/794
f 603/916/794 595/947/817 602/918/796
f 572/912/790 589/927/805 588/930/806
f 588/930/806 587/932/807 597/949/819
f 597/949/819 587/932/807 596/948/818
f 597/949/819 596/948/818 604/914/792
f 604/914/792 596/948/818 603/916/794
f 605/913/791 572/912/790 597/949/819
f 597/949/819 572/912/790 588/930/806
f 605/913/791 597/949/819 604/914/792
f 620/925/803 621/888/767 608/887/766
f 619/923/801 620/925/803 609/910/789
f 609/910/789 620/925/803 608/887/766
f 618/921/799 619/923/801 610/908/787
f 610/908/787 619/923/801 609/910/789
f 617/919/797 618/921/799 611/906/785
f 611/906/785 618/921/799 610/908/787
f 616/917/795 617/919/797 612/904/783
f 612/904/783 617/919/797 611/906/785
f 615/915/793 616/917/795 613/902/781
f 613/902/781 616/917/795 612/904/783
f 573/899/778 615/915/793 614/900/779
f 614/900/779 615/915/793 613/902/781
f 626/886/765 635/885/764 627/909/788
f 627/909/788 635/885/764 636/950/820
f 627/909/788 636/950/820 628/907/786
f 628/907/786 636/950/820 637/951/821
f 628/907/786 637/951/821 629/905/784
f 629/905/784 637/951/821 638/952/822
f 629/905/784 638/952/822 630/903/782
f 630/903/782 638/952/822 575/893/772
f 630/903/782 575/893/772 631/901/780
f 635/885/764 650/884/763 636/950/820
f 636/950/820 650/884/763 649/897/776
f 636/950/820 649/897/776 637/951/821
f 637/951/821 649/897/776 648/895/774
f 637/951/821 648/895/774 638/952/822
f 638/952/822 648/895/774 647/894/773
f 638/952/822 647/894/773 575/893/772
f 655/876/756 639/878/758 640/877/757
f 640/877/757 639/878/758 657/858/741
f 640/877/757 657/858/741 658/860/743
f 656/856/739 657/858/741 639/878/758
f 664/891/770 576/890/769 646/896/775
f 664/891/770 646/896/775 663/882/761
f 663/882/761 646/896/775 645/883/762
f 666/857/740 665/855/738 689/953/823
f 689/953/823 665/855/738 579/853/737
f 689/953/823 579/853/737 675/954/824
f 675/954/824 579/853/737 674/851/736
f 675/954/824 674/851/736 691/845/734
f 691/845/734 674/851/736 690/847/735
f 667/859/742 666/857/740 688/955/825
f 688/955/825 666/857/740 689/953/823
f 688/955/825 689/953/823 676/956/826
f 676/956/826 689/953/823 675/954/824
f 676/956/826 675/954/824 692/843/733
f 692/843/733 675/954/824 691/845/734
f 668/861/744 667/859/742 687/957/827
f 687/957/827 667/859/742 688/955/825
f 687/957/827 688/955/825 677/958/828
f 677/958/828 688/955/825 676/956/826
f 677/958/828 676/956/826 693/841/732
f 693/841/732 676/956/826 692/843/733
f 669/863/746 668/861/744 686/959/829
f 686/959/829 668/861/744 687/957/827
f 686/959/829 687/957/827 678/960/830
f 678/960/830 687/957/827 677/958/828
f 678/960/830 677/958/828 694/839/731
f 694/839/731 677/958/828 693/841/732
f 670/865/748 669/863/746 685/961/831
f 685/961/831 669/863/746 686/959/829
f 685/961/831 686/959/829 679/962/832
f 679/962/832 686/959/829 678/960/830
f 679/962/832 678/960/830 695/837/730
f 695/837/730 678/960/830 694/839/731
f 671/824/721 670/865/748 684/963/833
f 684/963/833 670/865/748 685/961/831
f 684/963/833 685/961/831 680/964/834
f 680/964/834 685/961/831 679/962/832
f 680/964/834 679/962/832 696/835/729
f 696/835/729 679/962/832 695/837/730
f 680/964/834 681/965/835 684/963/833
f 684/963/833 681/965/835 683/826/723
f 684/963/833 683/826/723 671/824/721
f 580/830/727 682/828/725 681/965/835
f 681/965/835 682/828/725 683/826/723
f 696/835/729 697/833/728 680/964/834
f 680/964/834 697/833/728 681/965/835
f 697/833/728 580/830/727 681/965/835
f 571/966/777 698/967/836 1/968/3
f 1/968/3 698/967/836 699/969/837
f 1/968/3 699/969/837 2/970/1
f 2/970/1 699/969/837 700/971/838
f 2/970/1 700/971/838 5/972/839
f 5/972/839 700/971/838 6/973/840
f 6/973/840 700/971/838 703/974/841
f 6/973/840 703/974/841 7/975/842
f 7/975/842 703/974/841 706/976/843
f 7/975/842 706/976/843 8/977/844
f 8/977/844 706/976/843 709/978/845
f 8/977/844 709/978/845 9/979/846
f 9/979/846 709/978/845 712/980/847
f 9/979/846 712/980/847 10/981/848
f 10/981/848 712/980/847 711/982/849
f 10/981/848 711/982/849 92/983/115
f 92/983/115 711/982/849 710/984/850
f 92/983/115 710/984/850 567/985/726
f 567/985/726 710/984/850 568/986/759
f 568/986/759 710/984/850 707/987/851
f 568/986/759 707/987/851 569/988/768
f 569/988/768 707/987/851 704/989/852
f 569/988/768 704/989/852 570/990/771
f 570/990/771 704/989/852 701/991/853
f 570/990/771 701/991/853 571/966/777
f 571/966/777 701/991/853 698/967/836
f 703/974/841 700/971/838 699/969/837
f 699/969/837 698/967/836 702/992/854
f 702/992/854 698/967/836 701/991/853
f 702/992/854 701/991/853 705/993/855
f 705/993/855 701/991/853 704/989/852
f 705/993/855 704/989/852 708/994/856
f 708/994/856 704/989/852 707/987/851
f 708/994/856 707/987/851 711/982/849
f 711/982/849 707/987/851 710/984/850
f 706/976/843 703/974/841 702/992/854
f 702/992/854 703/974/841 699/969/837
f 706/976/843 702/992/854 705/993/855
f 709/978/845 706/976/843 705/993/855
f 709/978/845 705/993/855 708/994/856
f 712/980/847 709/978/845 708/994/856
f 712/980/847 708/994/856 711/982/849
f 92/995/115 75/996/114 10/997/848
f 10/997/848 75/996/114 11/998/857
f 713/999/858 718/1000/859 43/1001/45
f 43/1001/45 718/1000/859 719/1002/860
f 43/1001/45 719/1002/860 31/1003/46
f 31/1003/46 719/1002/860 720/1004/861
f 31/1003/46 720/1004/861 32/1005/862
f 32/1005/862 720/1004/861 33/1006/863
f 33/1006/863 720/1004/861 723/1007/864
f 33/1006/863 723/1007/864 34/1008/865
f 34/1008/865 723/1007/864 726/1009/866
f 34/1008/865 726/1009/866 35/1010/867
f 35/1010/867 726/1009/866 729/1011/868
f 35/1010/867 729/1011/868 36/1012/869
f 36/1012/869 729/1011/868 732/1013/870
f 36/1012/869 732/1013/870 37/1014/871
f 37/1014/871 732/1013/870 731/1015/872
f 37/1014/871 731/1015/872 254/1016/373
f 254/1016/373 731/1015/872 730/1017/873
f 254/1016/373 730/1017/873 717/1018/874
f 717/1018/874 730/1017/873 716/1019/875
f 716/1019/875 730/1017/873 727/1020/876
f 716/1019/875 727/1020/876 715/1021/877
f 715/1021/877 727/1020/876 724/1022/878
f 715/1021/877 724/1022/878 714/1023/879
f 714/1023/879 724/1022/878 721/1024/880
f 714/1023/879 721/1024/880 713/999/858
f 713/999/858 721/1024/880 718/1000/859
f 723/1007/864 720/1004/861 719/1002/860
f 719/1002/860 718/1000/859 722/1025/881
f 722/1025/881 718/1000/859 721/1024/880
f 722/1025/881 721/1024/880 725/1026/882
f 725/1026/882 721/1024/880 724/1022/878
f 725/1026/882 724/1022/878 728/1027/883
f 728/1027/883 724/1022/878 727/1020/876
f 728/1027/883 727/1020/876 731/1015/872
f 731/1015/872 727/1020/876 730/1017/873
f 726/1009/866 723/1007/864 722/1025/881
f 722/1025/881 723/1007/864 719/1002/860
f 726/1009/866 722/1025/881 725/1026/882
f 729/1011/868 726/1009/866 725/1026/882
f 729/1011/868 725/1026/882 728/1027/883
f 732/1013/870 729/1011/868 728/1027/883
f 732/1013/870 728/1027/883 731/1015/872
f 255/1028/375 254/1029/373 741/1030/884
f 741/1030/884 254/1029/373 717/1031/874
f 741/1030/884 717/1031/874 765/1032/885
f 765/1032/885 717/1031/874 739/1033/886
f 765/1032/885 739/1033/886 750/1034/887
f 750/1034/887 739/1033/886 857/1035/888
f 750/1034/887 857/1035/888 856/1036/889
f 856/1036/889 857/1035/888 780/1037/890
f 856/1036/889 780/1037/890 779/1038/891
f 779/1038/891 780/1037/890 768/1039/892
f 779/1038/891 768/1039/892 769/1040/893
f 769/1040/893 768/1039/892 794/1041/894
f 769/1040/893 794/1041/894 793/1042/895
f 793/1042/895 794/1041/894 787/1043/896
f 793/1042/895 787/1043/896 788/1044/897
f 788/1044/897 787/1043/896 843/1045/898
f 788/1044/897 843/1045/898 842/1046/899
f 842/1046/899 843/1045/898 808/1047/900
f 842/1046/899 808/1047/900 807/1048/901
f 807/1048/901 808/1047/900 806/1049/902
f 807/1048/901 806/1049/902 272/1050/418
f 272/1050/418 806/1049/902 735/1051/903
f 272/1050/418 735/1051/903 273/1052/420
f 273/1052/420 735/1051/903 823/1053/904
f 273/1052/420 823/1053/904 274/1054/422
f 274/1054/422 823/1053/904 832/1055/905
f 274/1054/422 832/1055/905 147/1056/202
f 147/1056/202 832/1055/905 148/1057/204
f 148/1057/204 832/1055/905 833/1058/906
f 148/1057/204 833/1058/906 149/1059/206
f 149/1059/206 833/1058/906 834/1060/907
f 149/1059/206 834/1060/907 150/1061/209
f 150/1061/209 834/1060/907 835/1062/908
f 150/1061/209 835/1062/908 151/1063/212
f 151/1063/212 835/1062/908 836/1064/909
f 151/1063/212 836/1064/909 152/1065/214
f 152/1065/214 836/1064/909 837/1066/910
f 152/1065/214 837/1066/910 153/1067/217
f 153/1067/217 837/1066/910 838/1068/911
f 153/1067/217 838/1068/911 154/1069/219
f 154/1069/219 838/1068/911 839/1070/912
f 154/1069/219 839/1070/912 155/1071/222
f 155/1071/222 839/1070/912 840/1072/913
f 155/1071/222 840/1072/913 156/1073/225
f 156/1073/225 840/1072/913 43/1074/45
f 43/1074/45 840/1072/913 733/1075/914
f 43/1074/45 733/1075/914 713/1076/858
f 713/1076/858 733/1075/914 831/1077/915
f 713/1076/858 831/1077/915 734/1078/916
f 734/1078/916 831/1077/915 830/1079/917
f 734/1078/916 830/1079/917 799/1080/918
f 799/1080/918 830/1079/917 829/1081/919
f 799/1080/918 829/1081/919 800/1082/920
f 800/1082/920 829/1081/919 828/1083/921
f 800/1082/920 828/1083/921 801/1084/922
f 801/1084/922 828/1083/921 827/1085/923
f 801/1084/922 827/1085/923 802/1086/924
f 802/1086/924 827/1085/923 826/1087/925
f 802/1086/924 826/1087/925 803/1088/926
f 803/1088/926 826/1087/925 825/1089/927
f 803/1088/926 825/1089/927 804/1090/928
f 804/1090/928 825/1089/927 824/1091/929
f 804/1090/928 824/1091/929 805/1092/930
f 805/1092/930 824/1091/929 735/1051/903
f 805/1092/930 735/1051/903 806/1049/902
f 717/1031/874 716/1093/875 739/1033/886
f 739/1033/886 716/1093/875 858/1094/931
f 739/1033/886 858/1094/931 857/1035/888
f 857/1035/888 858/1094/931 781/1095/932
f 857/1035/888 781/1095/932 780/1037/890
f 780/1037/890 781/1095/932 767/1096/933
f 780/1037/890 767/1096/933 768/1039/892
f 768/1039/892 767/1096/933 795/1097/934
f 768/1039/892 795/1097/934 794/1041/894
f 794/1041/894 795/1097/934 786/1098/935
f 794/1041/894 786/1098/935 787/1043/896
f 787/1043/896 786/1098/935 844/1099/936
f 787/1043/896 844/1099/936 843/1045/898
f 843/1045/898 844/1099/936 809/1100/937
f 843/1045/898 809/1100/937 808/1047/900
f 808/1047/900 809/1100/937 805/1092/930
f 808/1047/900 805/1092/930 806/1049/902
f 715/1101/877 737/1102/938 716/1093/875
f 716/1093/875 737/1102/938 782/1103/939
f 716/1093/875 782/1103/939 858/1094/931
f 858/1094/931 782/1103/939 781/1095/932
f 714/1104/879 736/1105/940 715/1101/877
f 715/1101/877 736/1105/940 798/1106/941
f 715/1101/877 798/1106/941 737/1102/938
f 737/1102/938 798/1106/941 797/1107/942
f 737/1102/938 797/1107/942 766/1108/943
f 766/1108/943 797/1107/942 796/1109/944
f 766/1108/943 796/1109/944 767/1096/933
f 767/1096/933 796/1109/944 795/1097/934
f 713/1076/858 734/1078/916 714/1104/879
f 714/1104/879 734/1078/916 815/1110/945
f 714/1104/879 815/1110/945 849/1111/946
f 849/1111/946 815/1110/945 814/1112/947
f 849/1111/946 814/1112/947 848/1113/948
f 848/1113/948 814/1112/947 813/1114/949
f 848/1113/948 813/1114/949 847/1115/950
f 847/1115/950 813/1114/949 812/1116/951
f 847/1115/950 812/1116/951 846/1117/952
f 846/1117/952 812/1116/951 811/1118/953
f 846/1117/952 811/1118/953 845/1119/954
f 845/1119/954 811/1118/953 810/1120/955
f 845/1119/954 810/1120/955 844/1099/936
f 844/1099/936 810/1120/955 809/1100/937
f 272/1050/418 271/1121/416 807/1048/901
f 807/1048/901 271/1121/416 841/1122/956
f 807/1048/901 841/1122/956 842/1046/899
f 842/1046/899 841/1122/956 789/1123/957
f 842/1046/899 789/1123/957 788/1044/897
f 788/1044/897 789/1123/957 792/1124/958
f 788/1044/897 792/1124/958 793/1042/895
f 793/1042/895 792/1124/958 770/1125/959
f 793/1042/895 770/1125/959 769/1040/893
f 769/1040/893 770/1125/959 778/1126/960
f 769/1040/893 778/1126/960 779/1038/891
f 779/1038/891 778/1126/960 855/1127/961
f 779/1038/891 855/1127/961 856/1036/889
f 856/1036/889 855/1127/961 751/1128/962
f 856/1036/889 751/1128/962 750/1034/887
f 750/1034/887 751/1128/962 764/1129/963
f 750/1034/887 764/1129/963 765/1032/885
f 765/1032/885 764/1129/963 741/1030/884
f 271/1121/416 270/1130/412 841/1122/956
f 841/1122/956 270/1130/412 738/1131/964
f 841/1122/956 738/1131/964 789/1123/957
f 789/1123/957 738/1131/964 791/1132/965
f 789/1123/957 791/1132/965 792/1124/958
f 792/1124/958 791/1132/965 771/1133/966
f 792/1124/958 771/1133/966 770/1125/959
f 770/1125/959 771/1133/966 777/1134/967
f 770/1125/959 777/1134/967 778/1126/960
f 778/1126/960 777/1134/967 854/1135/968
f 778/1126/960 854/1135/968 855/1127/961
f 855/1127/961 854/1135/968 752/1136/969
f 855/1127/961 752/1136/969 751/1128/962
f 751/1128/962 752/1136/969 763/1137/970
f 751/1128/962 763/1137/970 764/1129/963
f 764/1129/963 763/1137/970 742/1138/971
f 764/1129/963 742/1138/971 741/1030/884
f 741/1030/884 742/1138/971 255/1028/375
f 270/1130/412 269/1139/408 738/1131/964
f 738/1131/964 269/1139/408 790/1140/972
f 738/1131/964 790/1140/972 791/1132/965
f 791/1132/965 790/1140/972 772/1141/973
f 791/1132/965 772/1141/973 771/1133/966
f 771/1133/966 772/1141/973 776/1142/974
f 771/1133/966 776/1142/974 777/1134/967
f 777/1134/967 776/1142/974 853/1143/975
f 777/1134/967 853/1143/975 854/1135/968
f 854/1135/968 853/1143/975 753/1144/976
f 854/1135/968 753/1144/976 752/1136/969
f 752/1136/969 753/1144/976 762/1145/977
f 752/1136/969 762/1145/977 763/1137/970
f 763/1137/970 762/1145/977 743/1146/978
f 763/1137/970 743/1146/978 742/1138/971
f 742/1138/971 743/1146/978 256/1147/377
f 742/1138/971 256/1147/377 255/1028/375
f 790/1140/972 269/1139/408 773/1148/979
f 773/1148/979 269/1139/408 268/1149/406
f 773/1148/979 268/1149/406 774/1150/980
f 774/1150/980 268/1149/406 267/1151/404
f 774/1150/980 267/1151/404 850/1152/981
f 850/1152/981 267/1151/404 740/1153/982
f 850/1152/981 740/1153/982 756/1154/983
f 756/1154/983 740/1153/982 758/1155/984
f 756/1154/983 758/1155/984 759/1156/985
f 759/1156/985 758/1155/984 747/1157/986
f 759/1156/985 747/1157/986 746/1158/987
f 746/1158/987 747/1157/986 260/1159/388
f 746/1158/987 260/1159/388 259/1160/385
f 267/1151/404 266/1161/402 740/1153/982
f 740/1153/982 266/1161/402 757/1162/988
f 740/1153/982 757/1162/988 758/1155/984
f 758/1155/984 757/1162/988 748/1163/989
f 758/1155/984 748/1163/989 747/1157/986
f 747/1157/986 748/1163/989 261/1164/390
f 747/1157/986 261/1164/390 260/1159/388
f 266/1161/402 265/1165/400 757/1162/988
f 757/1162/988 265/1165/400 749/1166/990
f 757/1162/988 749/1166/990 748/1163/989
f 748/1163/989 749/1166/990 262/1167/393
f 748/1163/989 262/1167/393 261/1164/390
f 265/1165/400 264/1168/398 749/1166/990
f 749/1166/990 264/1168/398 263/1169/396
f 749/1166/990 263/1169/396 262/1167/393
f 746/1158/987 259/1160/385 745/1170/991
f 745/1170/991 259/1160/385 258/1171/383
f 745/1170/991 258/1171/383 744/1172/992
f 744/1172/992 258/1171/383 257/1173/380
f 744/1172/992 257/1173/380 743/1146/978
f 743/1146/978 257/1173/380 256/1147/377
f 736/1105/940 714/1104/879 849/1111/946
f 743/1146/978 762/1145/977 744/1172/992
f 744/1172/992 762/1145/977 761/1174/993
f 744/1172/992 761/1174/993 745/1170/991
f 745/1170/991 761/1174/993 760/1175/994
f 745/1170/991 760/1175/994 746/1158/987
f 746/1158/987 760/1175/994 759/1156/985
f 761/1174/993 762/1145/977 753/1144/976
f 760/1175/994 761/1174/993 754/1176/995
f 754/1176/995 761/1174/993 753/1144/976
f 754/1176/995 753/1144/976 853/1143/975
f 759/1156/985 760/1175/994 755/1177/996
f 755/1177/996 760/1175/994 754/1176/995
f 755/1177/996 754/1176/995 852/1178/997
f 852/1178/997 754/1176/995 853/1143/975
f 852/1178/997 853/1143/975 776/1142/974
f 759/1156/985 755/1177/996 756/1154/983
f 756/1154/983 755/1177/996 851/1179/998
f 756/1154/983 851/1179/998 850/1152/981
f 850/1152/981 851/1179/998 774/1150/980
f 851/1179/998 755/1177/996 852/1178/997
f 781/1095/932 782/1103/939 766/1108/943
f 766/1108/943 782/1103/939 737/1102/938
f 766/1108/943 767/1096/933 781/1095/932
f 772/1141/973 773/1148/979 775/1180/999
f 775/1180/999 773/1148/979 774/1150/980
f 775/1180/999 774/1150/980 851/1179/998
f 773/1148/979 772/1141/973 790/1140/972
f 852/1178/997 776/1142/974 775/1180/999
f 775/1180/999 776/1142/974 772/1141/973
f 852/1178/997 775/1180/999 851/1179/998
f 797/1107/942 798/1106/941 783/1181/1000
f 783/1181/1000 798/1106/941 736/1105/940
f 783/1181/1000 736/1105/940 848/1113/948
f 848/1113/948 736/1105/940 849/1111/946
f 796/1109/944 797/1107/942 784/1182/1001
f 784/1182/1001 797/1107/942 783/1181/1000
f 784/1182/1001 783/1181/1000 847/1115/950
f 847/1115/950 783/1181/1000 848/1113/948
f 795/1097/934 796/1109/944 785/1183/1002
f 785/1183/1002 796/1109/944 784/1182/1001
f 785/1183/1002 784/1182/1001 846/1117/952
f 846/1117/952 784/1182/1001 847/1115/950
f 795/1097/934 785/1183/1002 786/1098/935
f 786/1098/935 785/1183/1002 845/1119/954
f 786/1098/935 845/1119/954 844/1099/936
f 845/1119/954 785/1183/1002 846/1117/952
f 814/1112/947 815/1110/945 799/1080/918
f 799/1080/918 815/1110/945 734/1078/916
f 813/1114/949 814/1112/947 800/1082/920
f 800/1082/920 814/1112/947 799/1080/918
f 812/1116/951 813/1114/949 801/1084/922
f 801/1084/922 813/1114/949 800/1082/920
f 811/1118/953 812/1116/951 802/1086/924
f 802/1086/924 812/1116/951 801/1084/922
f 810/1120/955 811/1118/953 803/1088/926
f 803/1088/926 811/1118/953 802/1086/924
f 809/1100/937 810/1120/955 804/1090/928
f 804/1090/928 810/1120/955 803/1088/926
f 804/1090/928 805/1092/930 809/1100/937
f 830/1079/917 831/1077/915 816/1184/1003
f 816/1184/1003 831/1077/915 733/1075/914
f 816/1184/1003 733/1075/914 839/1070/912
f 839/1070/912 733/1075/914 840/1072/913
f 829/1081/919 830/1079/917 817/1185/1004
f 817/1185/1004 830/1079/917 816/1184/1003
f 817/1185/1004 816/1184/1003 838/1068/911
f 838/1068/911 816/1184/1003 839/1070/912
f 828/1083/921 829/1081/919 818/1186/1005
f 818/1186/1005 829/1081/919 817/1185/1004
f 818/1186/1005 817/1185/1004 837/1066/910
f 837/1066/910 817/1185/1004 838/1068/911
f 827/1085/923 828/1083/921 819/1187/1006
f 819/1187/1006 828/1083/921 818/1186/1005
f 819/1187/1006 818/1186/1005 836/1064/909
f 836/1064/909 818/1186/1005 837/1066/910
f 826/1087/925 827/1085/923 820/1188/1007
f 820/1188/1007 827/1085/923 819/1187/1006
f 820/1188/1007 819/1187/1006 835/1062/908
f 835/1062/908 819/1187/1006 836/1064/909
f 825/1089/927 826/1087/925 821/1189/1008
f 821/1189/1008 826/1087/925 820/1188/1007
f 821/1189/1008 820/1188/1007 834/1060/907
f 834/1060/907 820/1188/1007 835/1062/908
f 824/1091/929 825/1089/927 822/1190/1009
f 822/1190/1009 825/1089/927 821/1189/1008
f 822/1190/1009 821/1189/1008 833/1058/906
f 833/1058/906 821/1189/1008 834/1060/907
f 735/1051/903 824/1091/929 823/1053/904
f 823/1053/904 824/1091/929 822/1190/1009
f 823/1053/904 822/1190/1009 832/1055/905
f 832/1055/905 822/1190/1009 833/1058/906
f 18/1191/1010 859/1192/1011 19/1193/51
f 19/1193/51 859/1192/1011 860/1194/1012
f 19/1193/51 860/1194/1012 45/1195/49
f 45/1195/49 860/1194/1012 861/1196/1013
f 45/1195/49 861/1196/1013 436/1197/575
f 436/1197/575 861/1196/1013 437/1198/623
f 437/1198/623 861/1196/1013 864/1199/1014
f 437/1198/623 864/1199/1014 438/1200/631
f 438/1200/631 864/1199/1014 867/1201/1015
f 438/1200/631 867/1201/1015 439/1202/634
f 439/1202/634 867/1201/1015 870/1203/1016
f 439/1202/634 870/1203/1016 440/1204/606
f 440/1204/606 870/1203/1016 873/1205/1017
f 440/1204/606 873/1205/1017 58/1206/79
f 58/1206/79 873/1205/1017 872/1207/1018
f 58/1206/79 872/1207/1018 13/1208/1019
f 13/1208/1019 872/1207/1018 871/1209/1020
f 13/1208/1019 871/1209/1020 14/1210/1021
f 14/1210/1021 871/1209/1020 15/1211/1022
f 15/1211/1022 871/1209/1020 868/1212/1023
f 15/1211/1022 868/1212/1023 16/1213/1024
f 16/1213/1024 868/1212/1023 865/1214/1025
f 16/1213/1024 865/1214/1025 17/1215/1026
f 17/1215/1026 865/1214/1025 862/1216/1027
f 17/1215/1026 862/1216/1027 18/1191/1010
f 18/1191/1010 862/1216/1027 859/1192/1011
f 864/1199/1014 861/1196/1013 860/1194/1012
f 860/1194/1012 859/1192/1011 863/1217/1028
f 863/1217/1028 859/1192/1011 862/1216/1027
f 863/1217/1028 862/1216/1027 866/1218/1029
f 866/1218/1029 862/1216/1027 865/1214/1025
f 866/1218/1029 865/1214/1025 869/1219/1030
f 869/1219/1030 865/1214/1025 868/1212/1023
f 869/1219/1030 868/1212/1023 872/1207/1018
f 872/1207/1018 868/1212/1023 871/1209/1020
f 867/1201/1015 864/1199/1014 863/1217/1028
f 863/1217/1028 864/1199/1014 860/1194/1012
f 867/1201/1015 863/1217/1028 866/1218/1029
f 870/1203/1016 867/1201/1015 866/1218/1029
f 870/1203/1016 866/1218/1029 869/1219/1030
f 873/1205/1017 870/1203/1016 869/1219/1030
f 873/1205/1017 869/1219/1030 872/1207/1018
f 13/1220/1019 12/1221/1031 58/1222/79
f 58/1222/79 12/1221/1031 59/1223/80
f 27/1224/1032 874/1225/1033 28/1226/1034
f 28/1226/1034 874/1225/1033 875/1227/1035
f 28/1226/1034 875/1227/1035 104/1228/142
f 104/1228/142 875/1227/1035 876/1229/1036
f 104/1228/142 876/1229/1036 305/1230/464
f 305/1230/464 876/1229/1036 306/1231/497
f 306/1231/497 876/1229/1036 879/1232/1037
f 306/1231/497 879/1232/1037 307/1233/506
f 307/1233/506 879/1232/1037 882/1234/1038
f 307/1233/506 882/1234/1038 308/1235/509
f 308/1235/509 882/1234/1038 885/1236/1039
f 308/1235/509 885/1236/1039 309/1237/515
f 309/1237/515 885/1236/1039 888/1238/1040
f 309/1237/515 888/1238/1040 210/1239/311
f 210/1239/311 888/1238/1040 887/1240/1041
f 210/1239/311 887/1240/1041 22/1241/441
f 22/1241/441 887/1240/1041 886/1242/1042
f 22/1241/441 886/1242/1042 23/1243/1043
f 23/1243/1043 886/1242/1042 24/1244/1044
f 24/1244/1044 886/1242/1042 883/1245/1045
f 24/1244/1044 883/1245/1045 25/1246/1046
f 25/1246/1046 883/1245/1045 880/1247/1047
f 25/1246/1046 880/1247/1047 26/1248/1048
f 26/1248/1048 880/1247/1047 877/1249/1049
f 26/1248/1048 877/1249/1049 27/1224/1032
f 27/1224/1032 877/1249/1049 874/1225/1033
f 879/1232/1037 876/1229/1036 875/1227/1035
f 875/1227/1035 874/1225/1033 878/1250/1050
f 878/1250/1050 874/1225/1033 877/1249/1049
f 878/1250/1050 877/1249/1049 881/1251/1051
f 881/1251/1051 877/1249/1049 880/1247/1047
f 881/1251/1051 880/1247/1047 884/1252/1052
f 884/1252/1052 880/1247/1047 883/1245/1045
f 884/1252/1052 883/1245/1045 887/1240/1041
f 887/1240/1041 883/1245/1045 886/1242/1042
f 882/1234/1038 879/1232/1037 878/1250/1050
f 878/1250/1050 879/1232/1037 875/1227/1035
f 882/1234/1038 878/1250/1050 881/1251/1051
f 885/1236/1039 882/1234/1038 881/1251/1051
f 885/1236/1039 881/1251/1051 884/1252/1052
f 888/1238/1040 885/1236/1039 884/1252/1052
f 888/1238/1040 884/1252/1052 887/1240/1041
f 75/1253/82 59/1254/81 11/1255/1053
f 11/1255/1053 59/1254/81 12/1256/1054
f 103/1257/200 44/1258/199 29/1259/1055
f 29/1259/1055 44/1258/199 30/1260/1056
f 104/1261/142 103/1262/141 28/1263/1034
f 28/1263/1034 103/1262/141 29/1264/1057
f 254/1265/373 237/1266/372 37/1267/1058
f 37/1267/1058 237/1266/372 38/1268/1059
f 237/1269/340 4/1270/339 38/1271/1060
f 38/1271/1060 4/1270/339 3/1272/1061
f 890/1273/1062 891/1274/1063 889/1275/1064
f 889/1275/1064 891/1274/1063 892/1276/1065
f 40/1277/1066 39/1278/1067 889/1279/1068
f 889/1279/1068 39/1278/1067 890/1280/1069
f 41/1281/1070 40/1282/1071 892/1283/1072
f 892/1283/1072 40/1282/1071 889/1284/1073
f 42/1285/1074 41/1286/1075 891/1287/1076
f 891/1287/1076 41/1286/1075 892/1288/1077
f 39/1289/1078 42/1290/1079 890/1291/1080
f 890/1291/1080 42/1290/1079 891/1292/1081
# 892 vertices
# 1292 texture params
# 1081 normals
# 1780 facets

# 1 groups
