mtllib asset_plug.mat
v -0.003295 -0.000000 0.042939
v -0.003286 0.000241 0.042939
v -0.003260 0.000480 0.042939
v -0.003216 0.000716 0.042939
v -0.003155 0.000949 0.042939
v -0.003078 0.001177 0.042939
v -0.002983 0.001399 0.042939
v -0.002873 0.001613 0.042939
v -0.002748 0.001818 0.042939
v -0.002608 0.002014 0.042939
v -0.002454 0.002199 0.042939
v -0.002287 0.002372 0.042939
v -0.002108 0.002533 0.042939
v -0.001917 0.002680 0.042939
v -0.001716 0.002813 0.042939
v -0.001507 0.002930 0.042939
v -0.001289 0.003033 0.042939
v -0.001064 0.003119 0.042939
v -0.000833 0.003188 0.042939
v -0.000598 0.003240 0.042939
v -0.000360 0.003275 0.042939
v -0.000120 0.003293 0.042939
v 0.000120 0.003293 0.042939
v 0.000360 0.003275 0.042939
v 0.000598 0.003240 0.042939
v 0.000833 0.003188 0.042939
v 0.001064 0.003119 0.042939
v 0.001289 0.003033 0.042939
v 0.001507 0.002930 0.042939
v 0.001716 0.002813 0.042939
v 0.001917 0.002680 0.042939
v 0.002108 0.002533 0.042939
v 0.002287 0.002372 0.042939
v 0.002454 0.002199 0.042939
v 0.002608 0.002014 0.042939
v 0.002748 0.001818 0.042939
v 0.002873 0.001613 0.042939
v 0.002983 0.001399 0.042939
v 0.003078 0.001177 0.042939
v 0.003155 0.000949 0.042939
v 0.003216 0.000716 0.042939
v 0.003260 0.000480 0.042939
v 0.003286 0.000241 0.042939
v 0.003295 0.000000 0.042939
v 0.003286 -0.000241 0.042939
v 0.003260 -0.000480 0.042939
v 0.003216 -0.000716 0.042939
v 0.003155 -0.000949 0.042939
v 0.003078 -0.001177 0.042939
v 0.002983 -0.001399 0.042939
v 0.002873 -0.001613 0.042939
v 0.002748 -0.001818 0.042939
v 0.002608 -0.002014 0.042939
v 0.002454 -0.002199 0.042939
v 0.002287 -0.002372 0.042939
v 0.002108 -0.002533 0.042939
v 0.001917 -0.002680 0.042939
v 0.001716 -0.002813 0.042939
v 0.001507 -0.002930 0.042939
v 0.001289 -0.003033 0.042939
v 0.001064 -0.003119 0.042939
v 0.000833 -0.003188 0.042939
v 0.000598 -0.003240 0.042939
v 0.000360 -0.003275 0.042939
v 0.000120 -0.003293 0.042939
v -0.000120 -0.003293 0.042939
v -0.000360 -0.003275 0.042939
v -0.000598 -0.003240 0.042939
v -0.000833 -0.003188 0.042939
v -0.001064 -0.003119 0.042939
v -0.001289 -0.003033 0.042939
v -0.001507 -0.002930 0.042939
v -0.001716 -0.002813 0.042939
v -0.001917 -0.002680 0.042939
v -0.002108 -0.002533 0.042939
v -0.002287 -0.002372 0.042939
v -0.002454 -0.002199 0.042939
v -0.002608 -0.002014 0.042939
v -0.002748 -0.001818 0.042939
v -0.002873 -0.001613 0.042939
v -0.002983 -0.001399 0.042939
v -0.003078 -0.001177 0.042939
v -0.003155 -0.000949 0.042939
v -0.003216 -0.000716 0.042939
v -0.003260 -0.000480 0.042939
v -0.003286 -0.000241 0.042939
v -0.003295 -0.000000 0.000000
v -0.003286 -0.000241 0.000000
v -0.003260 -0.000480 0.000000
v -0.003216 -0.000716 0.000000
v -0.003155 -0.000949 0.000000
v -0.003078 -0.001177 0.000000
v -0.002983 -0.001399 0.000000
v -0.002873 -0.001613 0.000000
v -0.002748 -0.001818 0.000000
v -0.002608 -0.002014 0.000000
v -0.002454 -0.002199 0.000000
v -0.002287 -0.002372 0.000000
v -0.002108 -0.002533 0.000000
v -0.001917 -0.002680 0.000000
v -0.001716 -0.002813 0.000000
v -0.001507 -0.002930 0.000000
v -0.001289 -0.003033 0.000000
v -0.001064 -0.003119 0.000000
v -0.000833 -0.003188 0.000000
v -0.000598 -0.003240 0.000000
v -0.000360 -0.003275 0.000000
v -0.000120 -0.003293 0.000000
v 0.000120 -0.003293 0.000000
v 0.000360 -0.003275 0.000000
v 0.000598 -0.003240 0.000000
v 0.000833 -0.003188 0.000000
v 0.001064 -0.003119 0.000000
v 0.001289 -0.003033 0.000000
v 0.001507 -0.002930 0.000000
v 0.001716 -0.002813 0.000000
v 0.001917 -0.002680 0.000000
v 0.002108 -0.002533 0.000000
v 0.002287 -0.002372 0.000000
v 0.002454 -0.002199 0.000000
v 0.002608 -0.002014 0.000000
v 0.002748 -0.001818 0.000000
v 0.002873 -0.001613 0.000000
v 0.002983 -0.001399 0.000000
v 0.003078 -0.001177 0.000000
v 0.003155 -0.000949 0.000000
v 0.003216 -0.000716 0.000000
v 0.003260 -0.000480 0.000000
v 0.003286 -0.000241 0.000000
v 0.003295 0.000000 0.000000
v 0.003286 0.000241 0.000000
v 0.003260 0.000480 0.000000
v 0.003216 0.000716 0.000000
v 0.003155 0.000949 0.000000
v 0.003078 0.001177 0.000000
v 0.002983 0.001399 0.000000
v 0.002873 0.001613 0.000000
v 0.002748 0.001818 0.000000
v 0.002608 0.002014 0.000000
v 0.002454 0.002199 0.000000
v 0.002287 0.002372 0.000000
v 0.002108 0.002533 0.000000
v 0.001917 0.002680 0.000000
v 0.001716 0.002813 0.000000
v 0.001507 0.002930 0.000000
v 0.001289 0.003033 0.000000
v 0.001064 0.003119 0.000000
v 0.000833 0.003188 0.000000
v 0.000598 0.003240 0.000000
v 0.000360 0.003275 0.000000
v 0.000120 0.003293 0.000000
v -0.000120 0.003293 0.000000
v -0.000360 0.003275 0.000000
v -0.000598 0.003240 0.000000
v -0.000833 0.003188 0.000000
v -0.001064 0.003119 0.000000
v -0.001289 0.003033 0.000000
v -0.001507 0.002930 0.000000
v -0.001716 0.002813 0.000000
v -0.001917 0.002680 0.000000
v -0.002108 0.002533 0.000000
v -0.002287 0.002372 0.000000
v -0.002454 0.002199 0.000000
v -0.002608 0.002014 0.000000
v -0.002748 0.001818 0.000000
v -0.002873 0.001613 0.000000
v -0.002983 0.001399 0.000000
v -0.003078 0.001177 0.000000
v -0.003155 0.000949 0.000000
v -0.003216 0.000716 0.000000
v -0.003260 0.000480 0.000000
v -0.003286 0.000241 0.000000
v -0.003295 -0.000000 0.038168
v -0.003295 -0.000000 0.033397
v -0.003295 -0.000000 0.028626
v -0.003295 -0.000000 0.023855
v -0.003295 -0.000000 0.019084
v -0.003295 -0.000000 0.014313
v -0.003295 -0.000000 0.009542
v -0.003295 -0.000000 0.004771
v -0.003286 0.000241 0.038168
v -0.003286 0.000241 0.033397
v -0.003286 0.000241 0.028626
v -0.003286 0.000241 0.023855
v -0.003286 0.000241 0.019084
v -0.003286 0.000241 0.014313
v -0.003286 0.000241 0.009542
v -0.003286 0.000241 0.004771
v -0.003260 0.000480 0.038168
v -0.003260 0.000480 0.033397
v -0.003260 0.000480 0.028626
v -0.003260 0.000480 0.023855
v -0.003260 0.000480 0.019084
v -0.003260 0.000480 0.014313
v -0.003260 0.000480 0.009542
v -0.003260 0.000480 0.004771
v -0.003216 0.000716 0.038168
v -0.003216 0.000716 0.033397
v -0.003216 0.000716 0.028626
v -0.003216 0.000716 0.023855
v -0.003216 0.000716 0.019084
v -0.003216 0.000716 0.014313
v -0.003216 0.000716 0.009542
v -0.003216 0.000716 0.004771
v -0.003155 0.000949 0.038168
v -0.003155 0.000949 0.033397
v -0.003155 0.000949 0.028626
v -0.003155 0.000949 0.023855
v -0.003155 0.000949 0.019084
v -0.003155 0.000949 0.014313
v -0.003155 0.000949 0.009542
v -0.003155 0.000949 0.004771
v -0.003078 0.001177 0.038168
v -0.003078 0.001177 0.033397
v -0.003078 0.001177 0.028626
v -0.003078 0.001177 0.023855
v -0.003078 0.001177 0.019084
v -0.003078 0.001177 0.014313
v -0.003078 0.001177 0.009542
v -0.003078 0.001177 0.004771
v -0.002983 0.001399 0.038168
v -0.002983 0.001399 0.033397
v -0.002983 0.001399 0.028626
v -0.002983 0.001399 0.023855
v -0.002983 0.001399 0.019084
v -0.002983 0.001399 0.014313
v -0.002983 0.001399 0.009542
v -0.002983 0.001399 0.004771
v -0.002873 0.001613 0.038168
v -0.002873 0.001613 0.033397
v -0.002873 0.001613 0.028626
v -0.002873 0.001613 0.023855
v -0.002873 0.001613 0.019084
v -0.002873 0.001613 0.014313
v -0.002873 0.001613 0.009542
v -0.002873 0.001613 0.004771
v -0.002748 0.001818 0.038168
v -0.002748 0.001818 0.033397
v -0.002748 0.001818 0.028626
v -0.002748 0.001818 0.023855
v -0.002748 0.001818 0.019084
v -0.002748 0.001818 0.014313
v -0.002748 0.001818 0.009542
v -0.002748 0.001818 0.004771
v -0.002608 0.002014 0.038168
v -0.002608 0.002014 0.033397
v -0.002608 0.002014 0.028626
v -0.002608 0.002014 0.023855
v -0.002608 0.002014 0.019084
v -0.002608 0.002014 0.014313
v -0.002608 0.002014 0.009542
v -0.002608 0.002014 0.004771
v -0.002454 0.002199 0.038168
v -0.002454 0.002199 0.033397
v -0.002454 0.002199 0.028626
v -0.002454 0.002199 0.023855
v -0.002454 0.002199 0.019084
v -0.002454 0.002199 0.014313
v -0.002454 0.002199 0.009542
v -0.002454 0.002199 0.004771
v -0.002287 0.002372 0.038168
v -0.002287 0.002372 0.033397
v -0.002287 0.002372 0.028626
v -0.002287 0.002372 0.023855
v -0.002287 0.002372 0.019084
v -0.002287 0.002372 0.014313
v -0.002287 0.002372 0.009542
v -0.002287 0.002372 0.004771
v -0.002108 0.002533 0.038168
v -0.002108 0.002533 0.033397
v -0.002108 0.002533 0.028626
v -0.002108 0.002533 0.023855
v -0.002108 0.002533 0.019084
v -0.002108 0.002533 0.014313
v -0.002108 0.002533 0.009542
v -0.002108 0.002533 0.004771
v -0.001917 0.002680 0.038168
v -0.001917 0.002680 0.033397
v -0.001917 0.002680 0.028626
v -0.001917 0.002680 0.023855
v -0.001917 0.002680 0.019084
v -0.001917 0.002680 0.014313
v -0.001917 0.002680 0.009542
v -0.001917 0.002680 0.004771
v -0.001716 0.002813 0.038168
v -0.001716 0.002813 0.033397
v -0.001716 0.002813 0.028626
v -0.001716 0.002813 0.023855
v -0.001716 0.002813 0.019084
v -0.001716 0.002813 0.014313
v -0.001716 0.002813 0.009542
v -0.001716 0.002813 0.004771
v -0.001507 0.002930 0.038168
v -0.001507 0.002930 0.033397
v -0.001507 0.002930 0.028626
v -0.001507 0.002930 0.023855
v -0.001507 0.002930 0.019084
v -0.001507 0.002930 0.014313
v -0.001507 0.002930 0.009542
v -0.001507 0.002930 0.004771
v -0.001289 0.003033 0.038168
v -0.001289 0.003033 0.033397
v -0.001289 0.003033 0.028626
v -0.001289 0.003033 0.023855
v -0.001289 0.003033 0.019084
v -0.001289 0.003033 0.014313
v -0.001289 0.003033 0.009542
v -0.001289 0.003033 0.004771
v -0.001064 0.003119 0.038168
v -0.001064 0.003119 0.033397
v -0.001064 0.003119 0.028626
v -0.001064 0.003119 0.023855
v -0.001064 0.003119 0.019084
v -0.001064 0.003119 0.014313
v -0.001064 0.003119 0.009542
v -0.001064 0.003119 0.004771
v -0.000833 0.003188 0.038168
v -0.000833 0.003188 0.033397
v -0.000833 0.003188 0.028626
v -0.000833 0.003188 0.023855
v -0.000833 0.003188 0.019084
v -0.000833 0.003188 0.014313
v -0.000833 0.003188 0.009542
v -0.000833 0.003188 0.004771
v -0.000598 0.003240 0.038168
v -0.000598 0.003240 0.033397
v -0.000598 0.003240 0.028626
v -0.000598 0.003240 0.023855
v -0.000598 0.003240 0.019084
v -0.000598 0.003240 0.014313
v -0.000598 0.003240 0.009542
v -0.000598 0.003240 0.004771
v -0.000360 0.003275 0.038168
v -0.000360 0.003275 0.033397
v -0.000360 0.003275 0.028626
v -0.000360 0.003275 0.023855
v -0.000360 0.003275 0.019084
v -0.000360 0.003275 0.014313
v -0.000360 0.003275 0.009542
v -0.000360 0.003275 0.004771
v -0.000120 0.003293 0.038168
v -0.000120 0.003293 0.033397
v -0.000120 0.003293 0.028626
v -0.000120 0.003293 0.023855
v -0.000120 0.003293 0.019084
v -0.000120 0.003293 0.014313
v -0.000120 0.003293 0.009542
v -0.000120 0.003293 0.004771
v 0.000120 0.003293 0.038168
v 0.000120 0.003293 0.033397
v 0.000120 0.003293 0.028626
v 0.000120 0.003293 0.023855
v 0.000120 0.003293 0.019084
v 0.000120 0.003293 0.014313
v 0.000120 0.003293 0.009542
v 0.000120 0.003293 0.004771
v 0.000360 0.003275 0.038168
v 0.000360 0.003275 0.033397
v 0.000360 0.003275 0.028626
v 0.000360 0.003275 0.023855
v 0.000360 0.003275 0.019084
v 0.000360 0.003275 0.014313
v 0.000360 0.003275 0.009542
v 0.000360 0.003275 0.004771
v 0.000598 0.003240 0.038168
v 0.000598 0.003240 0.033397
v 0.000598 0.003240 0.028626
v 0.000598 0.003240 0.023855
v 0.000598 0.003240 0.019084
v 0.000598 0.003240 0.014313
v 0.000598 0.003240 0.009542
v 0.000598 0.003240 0.004771
v 0.000833 0.003188 0.038168
v 0.000833 0.003188 0.033397
v 0.000833 0.003188 0.028626
v 0.000833 0.003188 0.023855
v 0.000833 0.003188 0.019084
v 0.000833 0.003188 0.014313
v 0.000833 0.003188 0.009542
v 0.000833 0.003188 0.004771
v 0.001064 0.003119 0.038168
v 0.001064 0.003119 0.033397
v 0.001064 0.003119 0.028626
v 0.001064 0.003119 0.023855
v 0.001064 0.003119 0.019084
v 0.001064 0.003119 0.014313
v 0.001064 0.003119 0.009542
v 0.001064 0.003119 0.004771
v 0.001289 0.003033 0.038168
v 0.001289 0.003033 0.033397
v 0.001289 0.003033 0.028626
v 0.001289 0.003033 0.023855
v 0.001289 0.003033 0.019084
v 0.001289 0.003033 0.014313
v 0.001289 0.003033 0.009542
v 0.001289 0.003033 0.004771
v 0.001507 0.002930 0.038168
v 0.001507 0.002930 0.033397
v 0.001507 0.002930 0.028626
v 0.001507 0.002930 0.023855
v 0.001507 0.002930 0.019084
v 0.001507 0.002930 0.014313
v 0.001507 0.002930 0.009542
v 0.001507 0.002930 0.004771
v 0.001716 0.002813 0.038168
v 0.001716 0.002813 0.033397
v 0.001716 0.002813 0.028626
v 0.001716 0.002813 0.023855
v 0.001716 0.002813 0.019084
v 0.001716 0.002813 0.014313
v 0.001716 0.002813 0.009542
v 0.001716 0.002813 0.004771
v 0.001917 0.002680 0.038168
v 0.001917 0.002680 0.033397
v 0.001917 0.002680 0.028626
v 0.001917 0.002680 0.023855
v 0.001917 0.002680 0.019084
v 0.001917 0.002680 0.014313
v 0.001917 0.002680 0.009542
v 0.001917 0.002680 0.004771
v 0.002108 0.002533 0.038168
v 0.002108 0.002533 0.033397
v 0.002108 0.002533 0.028626
v 0.002108 0.002533 0.023855
v 0.002108 0.002533 0.019084
v 0.002108 0.002533 0.014313
v 0.002108 0.002533 0.009542
v 0.002108 0.002533 0.004771
v 0.002287 0.002372 0.038168
v 0.002287 0.002372 0.033397
v 0.002287 0.002372 0.028626
v 0.002287 0.002372 0.023855
v 0.002287 0.002372 0.019084
v 0.002287 0.002372 0.014313
v 0.002287 0.002372 0.009542
v 0.002287 0.002372 0.004771
v 0.002454 0.002199 0.038168
v 0.002454 0.002199 0.033397
v 0.002454 0.002199 0.028626
v 0.002454 0.002199 0.023855
v 0.002454 0.002199 0.019084
v 0.002454 0.002199 0.014313
v 0.002454 0.002199 0.009542
v 0.002454 0.002199 0.004771
v 0.002608 0.002014 0.038168
v 0.002608 0.002014 0.033397
v 0.002608 0.002014 0.028626
v 0.002608 0.002014 0.023855
v 0.002608 0.002014 0.019084
v 0.002608 0.002014 0.014313
v 0.002608 0.002014 0.009542
v 0.002608 0.002014 0.004771
v 0.002748 0.001818 0.038168
v 0.002748 0.001818 0.033397
v 0.002748 0.001818 0.028626
v 0.002748 0.001818 0.023855
v 0.002748 0.001818 0.019084
v 0.002748 0.001818 0.014313
v 0.002748 0.001818 0.009542
v 0.002748 0.001818 0.004771
v 0.002873 0.001613 0.038168
v 0.002873 0.001613 0.033397
v 0.002873 0.001613 0.028626
v 0.002873 0.001613 0.023855
v 0.002873 0.001613 0.019084
v 0.002873 0.001613 0.014313
v 0.002873 0.001613 0.009542
v 0.002873 0.001613 0.004771
v 0.002983 0.001399 0.038168
v 0.002983 0.001399 0.033397
v 0.002983 0.001399 0.028626
v 0.002983 0.001399 0.023855
v 0.002983 0.001399 0.019084
v 0.002983 0.001399 0.014313
v 0.002983 0.001399 0.009542
v 0.002983 0.001399 0.004771
v 0.003078 0.001177 0.038168
v 0.003078 0.001177 0.033397
v 0.003078 0.001177 0.028626
v 0.003078 0.001177 0.023855
v 0.003078 0.001177 0.019084
v 0.003078 0.001177 0.014313
v 0.003078 0.001177 0.009542
v 0.003078 0.001177 0.004771
v 0.003155 0.000949 0.038168
v 0.003155 0.000949 0.033397
v 0.003155 0.000949 0.028626
v 0.003155 0.000949 0.023855
v 0.003155 0.000949 0.019084
v 0.003155 0.000949 0.014313
v 0.003155 0.000949 0.009542
v 0.003155 0.000949 0.004771
v 0.003216 0.000716 0.038168
v 0.003216 0.000716 0.033397
v 0.003216 0.000716 0.028626
v 0.003216 0.000716 0.023855
v 0.003216 0.000716 0.019084
v 0.003216 0.000716 0.014313
v 0.003216 0.000716 0.009542
v 0.003216 0.000716 0.004771
v 0.003260 0.000480 0.038168
v 0.003260 0.000480 0.033397
v 0.003260 0.000480 0.028626
v 0.003260 0.000480 0.023855
v 0.003260 0.000480 0.019084
v 0.003260 0.000480 0.014313
v 0.003260 0.000480 0.009542
v 0.003260 0.000480 0.004771
v 0.003286 0.000241 0.038168
v 0.003286 0.000241 0.033397
v 0.003286 0.000241 0.028626
v 0.003286 0.000241 0.023855
v 0.003286 0.000241 0.019084
v 0.003286 0.000241 0.014313
v 0.003286 0.000241 0.009542
v 0.003286 0.000241 0.004771
v 0.003295 0.000000 0.038168
v 0.003295 0.000000 0.033397
v 0.003295 0.000000 0.028626
v 0.003295 0.000000 0.023855
v 0.003295 0.000000 0.019084
v 0.003295 0.000000 0.014313
v 0.003295 0.000000 0.009542
v 0.003295 0.000000 0.004771
v 0.003286 -0.000241 0.038168
v 0.003286 -0.000241 0.033397
v 0.003286 -0.000241 0.028626
v 0.003286 -0.000241 0.023855
v 0.003286 -0.000241 0.019084
v 0.003286 -0.000241 0.014313
v 0.003286 -0.000241 0.009542
v 0.003286 -0.000241 0.004771
v 0.003260 -0.000480 0.038168
v 0.003260 -0.000480 0.033397
v 0.003260 -0.000480 0.028626
v 0.003260 -0.000480 0.023855
v 0.003260 -0.000480 0.019084
v 0.003260 -0.000480 0.014313
v 0.003260 -0.000480 0.009542
v 0.003260 -0.000480 0.004771
v 0.003216 -0.000716 0.038168
v 0.003216 -0.000716 0.033397
v 0.003216 -0.000716 0.028626
v 0.003216 -0.000716 0.023855
v 0.003216 -0.000716 0.019084
v 0.003216 -0.000716 0.014313
v 0.003216 -0.000716 0.009542
v 0.003216 -0.000716 0.004771
v 0.003155 -0.000949 0.038168
v 0.003155 -0.000949 0.033397
v 0.003155 -0.000949 0.028626
v 0.003155 -0.000949 0.023855
v 0.003155 -0.000949 0.019084
v 0.003155 -0.000949 0.014313
v 0.003155 -0.000949 0.009542
v 0.003155 -0.000949 0.004771
v 0.003078 -0.001177 0.038168
v 0.003078 -0.001177 0.033397
v 0.003078 -0.001177 0.028626
v 0.003078 -0.001177 0.023855
v 0.003078 -0.001177 0.019084
v 0.003078 -0.001177 0.014313
v 0.003078 -0.001177 0.009542
v 0.003078 -0.001177 0.004771
v 0.002983 -0.001399 0.038168
v 0.002983 -0.001399 0.033397
v 0.002983 -0.001399 0.028626
v 0.002983 -0.001399 0.023855
v 0.002983 -0.001399 0.019084
v 0.002983 -0.001399 0.014313
v 0.002983 -0.001399 0.009542
v 0.002983 -0.001399 0.004771
v 0.002873 -0.001613 0.038168
v 0.002873 -0.001613 0.033397
v 0.002873 -0.001613 0.028626
v 0.002873 -0.001613 0.023855
v 0.002873 -0.001613 0.019084
v 0.002873 -0.001613 0.014313
v 0.002873 -0.001613 0.009542
v 0.002873 -0.001613 0.004771
v 0.002748 -0.001818 0.038168
v 0.002748 -0.001818 0.033397
v 0.002748 -0.001818 0.028626
v 0.002748 -0.001818 0.023855
v 0.002748 -0.001818 0.019084
v 0.002748 -0.001818 0.014313
v 0.002748 -0.001818 0.009542
v 0.002748 -0.001818 0.004771
v 0.002608 -0.002014 0.038168
v 0.002608 -0.002014 0.033397
v 0.002608 -0.002014 0.028626
v 0.002608 -0.002014 0.023855
v 0.002608 -0.002014 0.019084
v 0.002608 -0.002014 0.014313
v 0.002608 -0.002014 0.009542
v 0.002608 -0.002014 0.004771
v 0.002454 -0.002199 0.038168
v 0.002454 -0.002199 0.033397
v 0.002454 -0.002199 0.028626
v 0.002454 -0.002199 0.023855
v 0.002454 -0.002199 0.019084
v 0.002454 -0.002199 0.014313
v 0.002454 -0.002199 0.009542
v 0.002454 -0.002199 0.004771
v 0.002287 -0.002372 0.038168
v 0.002287 -0.002372 0.033397
v 0.002287 -0.002372 0.028626
v 0.002287 -0.002372 0.023855
v 0.002287 -0.002372 0.019084
v 0.002287 -0.002372 0.014313
v 0.002287 -0.002372 0.009542
v 0.002287 -0.002372 0.004771
v 0.002108 -0.002533 0.038168
v 0.002108 -0.002533 0.033397
v 0.002108 -0.002533 0.028626
v 0.002108 -0.002533 0.023855
v 0.002108 -0.002533 0.019084
v 0.002108 -0.002533 0.014313
v 0.002108 -0.002533 0.009542
v 0.002108 -0.002533 0.004771
v 0.001917 -0.002680 0.038168
v 0.001917 -0.002680 0.033397
v 0.001917 -0.002680 0.028626
v 0.001917 -0.002680 0.023855
v 0.001917 -0.002680 0.019084
v 0.001917 -0.002680 0.014313
v 0.001917 -0.002680 0.009542
v 0.001917 -0.002680 0.004771
v 0.001716 -0.002813 0.038168
v 0.001716 -0.002813 0.033397
v 0.001716 -0.002813 0.028626
v 0.001716 -0.002813 0.023855
v 0.001716 -0.002813 0.019084
v 0.001716 -0.002813 0.014313
v 0.001716 -0.002813 0.009542
v 0.001716 -0.002813 0.004771
v 0.001507 -0.002930 0.038168
v 0.001507 -0.002930 0.033397
v 0.001507 -0.002930 0.028626
v 0.001507 -0.002930 0.023855
v 0.001507 -0.002930 0.019084
v 0.001507 -0.002930 0.014313
v 0.001507 -0.002930 0.009542
v 0.001507 -0.002930 0.004771
v 0.001289 -0.003033 0.038168
v 0.001289 -0.003033 0.033397
v 0.001289 -0.003033 0.028626
v 0.001289 -0.003033 0.023855
v 0.001289 -0.003033 0.019084
v 0.001289 -0.003033 0.014313
v 0.001289 -0.003033 0.009542
v 0.001289 -0.003033 0.004771
v 0.001064 -0.003119 0.038168
v 0.001064 -0.003119 0.033397
v 0.001064 -0.003119 0.028626
v 0.001064 -0.003119 0.023855
v 0.001064 -0.003119 0.019084
v 0.001064 -0.003119 0.014313
v 0.001064 -0.003119 0.009542
v 0.001064 -0.003119 0.004771
v 0.000833 -0.003188 0.038168
v 0.000833 -0.003188 0.033397
v 0.000833 -0.003188 0.028626
v 0.000833 -0.003188 0.023855
v 0.000833 -0.003188 0.019084
v 0.000833 -0.003188 0.014313
v 0.000833 -0.003188 0.009542
v 0.000833 -0.003188 0.004771
v 0.000598 -0.003240 0.038168
v 0.000598 -0.003240 0.033397
v 0.000598 -0.003240 0.028626
v 0.000598 -0.003240 0.023855
v 0.000598 -0.003240 0.019084
v 0.000598 -0.003240 0.014313
v 0.000598 -0.003240 0.009542
v 0.000598 -0.003240 0.004771
v 0.000360 -0.003275 0.038168
v 0.000360 -0.003275 0.033397
v 0.000360 -0.003275 0.028626
v 0.000360 -0.003275 0.023855
v 0.000360 -0.003275 0.019084
v 0.000360 -0.003275 0.014313
v 0.000360 -0.003275 0.009542
v 0.000360 -0.003275 0.004771
v 0.000120 -0.003293 0.038168
v 0.000120 -0.003293 0.033397
v 0.000120 -0.003293 0.028626
v 0.000120 -0.003293 0.023855
v 0.000120 -0.003293 0.019084
v 0.000120 -0.003293 0.014313
v 0.000120 -0.003293 0.009542
v 0.000120 -0.003293 0.004771
v -0.000120 -0.003293 0.038168
v -0.000120 -0.003293 0.033397
v -0.000120 -0.003293 0.028626
v -0.000120 -0.003293 0.023855
v -0.000120 -0.003293 0.019084
v -0.000120 -0.003293 0.014313
v -0.000120 -0.003293 0.009542
v -0.000120 -0.003293 0.004771
v -0.000360 -0.003275 0.038168
v -0.000360 -0.003275 0.033397
v -0.000360 -0.003275 0.028626
v -0.000360 -0.003275 0.023855
v -0.000360 -0.003275 0.019084
v -0.000360 -0.003275 0.014313
v -0.000360 -0.003275 0.009542
v -0.000360 -0.003275 0.004771
v -0.000598 -0.003240 0.038168
v -0.000598 -0.003240 0.033397
v -0.000598 -0.003240 0.028626
v -0.000598 -0.003240 0.023855
v -0.000598 -0.003240 0.019084
v -0.000598 -0.003240 0.014313
v -0.000598 -0.003240 0.009542
v -0.000598 -0.003240 0.004771
v -0.000833 -0.003188 0.038168
v -0.000833 -0.003188 0.033397
v -0.000833 -0.003188 0.028626
v -0.000833 -0.003188 0.023855
v -0.000833 -0.003188 0.019084
v -0.000833 -0.003188 0.014313
v -0.000833 -0.003188 0.009542
v -0.000833 -0.003188 0.004771
v -0.001064 -0.003119 0.038168
v -0.001064 -0.003119 0.033397
v -0.001064 -0.003119 0.028626
v -0.001064 -0.003119 0.023855
v -0.001064 -0.003119 0.019084
v -0.001064 -0.003119 0.014313
v -0.001064 -0.003119 0.009542
v -0.001064 -0.003119 0.004771
v -0.001289 -0.003033 0.038168
v -0.001289 -0.003033 0.033397
v -0.001289 -0.003033 0.028626
v -0.001289 -0.003033 0.023855
v -0.001289 -0.003033 0.019084
v -0.001289 -0.003033 0.014313
v -0.001289 -0.003033 0.009542
v -0.001289 -0.003033 0.004771
v -0.001507 -0.002930 0.038168
v -0.001507 -0.002930 0.033397
v -0.001507 -0.002930 0.028626
v -0.001507 -0.002930 0.023855
v -0.001507 -0.002930 0.019084
v -0.001507 -0.002930 0.014313
v -0.001507 -0.002930 0.009542
v -0.001507 -0.002930 0.004771
v -0.001716 -0.002813 0.038168
v -0.001716 -0.002813 0.033397
v -0.001716 -0.002813 0.028626
v -0.001716 -0.002813 0.023855
v -0.001716 -0.002813 0.019084
v -0.001716 -0.002813 0.014313
v -0.001716 -0.002813 0.009542
v -0.001716 -0.002813 0.004771
v -0.001917 -0.002680 0.038168
v -0.001917 -0.002680 0.033397
v -0.001917 -0.002680 0.028626
v -0.001917 -0.002680 0.023855
v -0.001917 -0.002680 0.019084
v -0.001917 -0.002680 0.014313
v -0.001917 -0.002680 0.009542
v -0.001917 -0.002680 0.004771
v -0.002108 -0.002533 0.038168
v -0.002108 -0.002533 0.033397
v -0.002108 -0.002533 0.028626
v -0.002108 -0.002533 0.023855
v -0.002108 -0.002533 0.019084
v -0.002108 -0.002533 0.014313
v -0.002108 -0.002533 0.009542
v -0.002108 -0.002533 0.004771
v -0.002287 -0.002372 0.038168
v -0.002287 -0.002372 0.033397
v -0.002287 -0.002372 0.028626
v -0.002287 -0.002372 0.023855
v -0.002287 -0.002372 0.019084
v -0.002287 -0.002372 0.014313
v -0.002287 -0.002372 0.009542
v -0.002287 -0.002372 0.004771
v -0.002454 -0.002199 0.038168
v -0.002454 -0.002199 0.033397
v -0.002454 -0.002199 0.028626
v -0.002454 -0.002199 0.023855
v -0.002454 -0.002199 0.019084
v -0.002454 -0.002199 0.014313
v -0.002454 -0.002199 0.009542
v -0.002454 -0.002199 0.004771
v -0.002608 -0.002014 0.038168
v -0.002608 -0.002014 0.033397
v -0.002608 -0.002014 0.028626
v -0.002608 -0.002014 0.023855
v -0.002608 -0.002014 0.019084
v -0.002608 -0.002014 0.014313
v -0.002608 -0.002014 0.009542
v -0.002608 -0.002014 0.004771
v -0.002748 -0.001818 0.038168
v -0.002748 -0.001818 0.033397
v -0.002748 -0.001818 0.028626
v -0.002748 -0.001818 0.023855
v -0.002748 -0.001818 0.019084
v -0.002748 -0.001818 0.014313
v -0.002748 -0.001818 0.009542
v -0.002748 -0.001818 0.004771
v -0.002873 -0.001613 0.038168
v -0.002873 -0.001613 0.033397
v -0.002873 -0.001613 0.028626
v -0.002873 -0.001613 0.023855
v -0.002873 -0.001613 0.019084
v -0.002873 -0.001613 0.014313
v -0.002873 -0.001613 0.009542
v -0.002873 -0.001613 0.004771
v -0.002983 -0.001399 0.038168
v -0.002983 -0.001399 0.033397
v -0.002983 -0.001399 0.028626
v -0.002983 -0.001399 0.023855
v -0.002983 -0.001399 0.019084
v -0.002983 -0.001399 0.014313
v -0.002983 -0.001399 0.009542
v -0.002983 -0.001399 0.004771
v -0.003078 -0.001177 0.038168
v -0.003078 -0.001177 0.033397
v -0.003078 -0.001177 0.028626
v -0.003078 -0.001177 0.023855
v -0.003078 -0.001177 0.019084
v -0.003078 -0.001177 0.014313
v -0.003078 -0.001177 0.009542
v -0.003078 -0.001177 0.004771
v -0.003155 -0.000949 0.038168
v -0.003155 -0.000949 0.033397
v -0.003155 -0.000949 0.028626
v -0.003155 -0.000949 0.023855
v -0.003155 -0.000949 0.019084
v -0.003155 -0.000949 0.014313
v -0.003155 -0.000949 0.009542
v -0.003155 -0.000949 0.004771
v -0.003216 -0.000716 0.038168
v -0.003216 -0.000716 0.033397
v -0.003216 -0.000716 0.028626
v -0.003216 -0.000716 0.023855
v -0.003216 -0.000716 0.019084
v -0.003216 -0.000716 0.014313
v -0.003216 -0.000716 0.009542
v -0.003216 -0.000716 0.004771
v -0.003260 -0.000480 0.038168
v -0.003260 -0.000480 0.033397
v -0.003260 -0.000480 0.028626
v -0.003260 -0.000480 0.023855
v -0.003260 -0.000480 0.019084
v -0.003260 -0.000480 0.014313
v -0.003260 -0.000480 0.009542
v -0.003260 -0.000480 0.004771
v -0.003286 -0.000241 0.038168
v -0.003286 -0.000241 0.033397
v -0.003286 -0.000241 0.028626
v -0.003286 -0.000241 0.023855
v -0.003286 -0.000241 0.019084
v -0.003286 -0.000241 0.014313
v -0.003286 -0.000241 0.009542
v -0.003286 -0.000241 0.004771
vt -4.293900 1.011081 0.000000
vt -3.816800 1.011081 0.000000
vt -4.293900 1.035155 0.000000
vt -3.816800 1.035155 0.000000
vt -4.293900 -1.035155 0.000000
vt -3.816800 -1.035155 0.000000
vt -4.293900 -1.011081 0.000000
vt -3.816800 -1.011081 0.000000
vt -4.293900 -0.987008 0.000000
vt -3.816800 -0.987008 0.000000
vt -4.293900 -0.962935 0.000000
vt -3.816800 -0.962935 0.000000
vt -4.293900 -0.938861 0.000000
vt -3.816800 -0.938861 0.000000
vt -4.293900 -0.914788 0.000000
vt -3.816800 -0.914788 0.000000
vt -4.293900 -0.890715 0.000000
vt -3.816800 -0.890715 0.000000
vt -4.293900 -0.866641 0.000000
vt -3.816800 -0.866641 0.000000
vt -4.293900 -0.842568 0.000000
vt -3.816800 -0.842568 0.000000
vt -4.293900 -0.818494 0.000000
vt -3.816800 -0.818494 0.000000
vt -4.293900 -0.794421 0.000000
vt -3.816800 -0.794421 0.000000
vt -4.293900 -0.770348 0.000000
vt -3.816800 -0.770348 0.000000
vt -4.293900 -0.746274 0.000000
vt -3.816800 -0.746274 0.000000
vt -4.293900 -0.722201 0.000000
vt -3.816800 -0.722201 0.000000
vt -4.293900 -0.698128 0.000000
vt -3.816800 -0.698128 0.000000
vt -4.293900 -0.674054 0.000000
vt -3.816800 -0.674054 0.000000
vt -4.293900 -0.649981 0.000000
vt -3.816800 -0.649981 0.000000
vt -4.293900 -0.625908 0.000000
vt -3.816800 -0.625908 0.000000
vt -4.293900 -0.601834 0.000000
vt -3.816800 -0.601834 0.000000
vt -4.293900 -0.577761 0.000000
vt -3.816800 -0.577761 0.000000
vt -4.293900 -0.553687 0.000000
vt -3.816800 -0.553687 0.000000
vt -4.293900 -0.529614 0.000000
vt -3.816800 -0.529614 0.000000
vt -4.293900 -0.505541 0.000000
vt -3.816800 -0.505541 0.000000
vt -4.293900 -0.481467 0.000000
vt -3.816800 -0.481467 0.000000
vt -4.293900 -0.457394 0.000000
vt -3.816800 -0.457394 0.000000
vt -4.293900 -0.433321 0.000000
vt -3.816800 -0.433321 0.000000
vt -4.293900 -0.409247 0.000000
vt -3.816800 -0.409247 0.000000
vt -4.293900 -0.385174 0.000000
vt -3.816800 -0.385174 0.000000
vt -4.293900 -0.361101 0.000000
vt -3.816800 -0.361101 0.000000
vt -4.293900 -0.337027 0.000000
vt -3.816800 -0.337027 0.000000
vt -4.293900 -0.312954 0.000000
vt -3.816800 -0.312954 0.000000
vt -4.293900 -0.288880 0.000000
vt -3.816800 -0.288880 0.000000
vt -4.293900 -0.264807 0.000000
vt -3.816800 -0.264807 0.000000
vt -4.293900 -0.240734 0.000000
vt -3.816800 -0.240734 0.000000
vt -4.293900 -0.216660 0.000000
vt -3.816800 -0.216660 0.000000
vt -4.293900 -0.192587 0.000000
vt -3.816800 -0.192587 0.000000
vt -4.293900 -0.168514 0.000000
vt -3.816800 -0.168514 0.000000
vt -4.293900 -0.144440 0.000000
vt -3.816800 -0.144440 0.000000
vt -4.293900 -0.120367 0.000000
vt -3.816800 -0.120367 0.000000
vt -4.293900 -0.096293 0.000000
vt -3.816800 -0.096293 0.000000
vt -4.293900 -0.072220 0.000000
vt -3.816800 -0.072220 0.000000
vt -4.293900 -0.048147 0.000000
vt -3.816800 -0.048147 0.000000
vt -4.293900 -0.024073 0.000000
vt -3.816800 -0.024073 0.000000
vt -4.293900 0.000000 0.000000
vt -3.816800 0.000000 0.000000
vt -4.293900 0.024073 0.000000
vt -3.816800 0.024073 0.000000
vt -4.293900 0.048147 0.000000
vt -3.816800 0.048147 0.000000
vt -4.293900 0.072220 0.000000
vt -3.816800 0.072220 0.000000
vt -4.293900 0.096293 0.000000
vt -3.816800 0.096293 0.000000
vt -4.293900 0.120367 0.000000
vt -3.816800 0.120367 0.000000
vt -4.293900 0.144440 0.000000
vt -3.816800 0.144440 0.000000
vt -4.293900 0.168514 0.000000
vt -3.816800 0.168514 0.000000
vt -4.293900 0.192587 0.000000
vt -3.816800 0.192587 0.000000
vt -4.293900 0.216660 0.000000
vt -3.816800 0.216660 0.000000
vt -4.293900 0.240734 0.000000
vt -3.816800 0.240734 0.000000
vt -4.293900 0.264807 0.000000
vt -3.816800 0.264807 0.000000
vt -4.293900 0.288880 0.000000
vt -3.816800 0.288880 0.000000
vt -4.293900 0.312954 0.000000
vt -3.816800 0.312954 0.000000
vt -4.293900 0.337027 0.000000
vt -3.816800 0.337027 0.000000
vt -4.293900 0.361101 0.000000
vt -3.816800 0.361101 0.000000
vt -4.293900 0.385174 0.000000
vt -3.816800 0.385174 0.000000
vt -4.293900 0.409247 0.000000
vt -3.816800 0.409247 0.000000
vt -4.293900 0.433321 0.000000
vt -3.816800 0.433321 0.000000
vt -4.293900 0.457394 0.000000
vt -3.816800 0.457394 0.000000
vt -4.293900 0.481467 0.000000
vt -3.816800 0.481467 0.000000
vt -4.293900 0.505541 0.000000
vt -3.816800 0.505541 0.000000
vt -4.293900 0.529614 0.000000
vt -3.816800 0.529614 0.000000
vt -4.293900 0.553687 0.000000
vt -3.816800 0.553687 0.000000
vt -4.293900 0.577761 0.000000
vt -3.816800 0.577761 0.000000
vt -4.293900 0.601834 0.000000
vt -3.816800 0.601834 0.000000
vt -4.293900 0.625908 0.000000
vt -3.816800 0.625908 0.000000
vt -4.293900 0.649981 0.000000
vt -3.816800 0.649981 0.000000
vt -4.293900 0.674054 0.000000
vt -3.816800 0.674054 0.000000
vt -4.293900 0.698128 0.000000
vt -3.816800 0.698128 0.000000
vt -4.293900 0.722201 0.000000
vt -3.816800 0.722201 0.000000
vt -4.293900 0.746274 0.000000
vt -3.816800 0.746274 0.000000
vt -4.293900 0.770348 0.000000
vt -3.816800 0.770348 0.000000
vt -4.293900 0.794421 0.000000
vt -3.816800 0.794421 0.000000
vt -4.293900 0.818494 0.000000
vt -3.816800 0.818494 0.000000
vt -4.293900 0.842568 0.000000
vt -3.816800 0.842568 0.000000
vt -4.293900 0.866641 0.000000
vt -3.816800 0.866641 0.000000
vt -4.293900 0.890715 0.000000
vt -3.816800 0.890715 0.000000
vt -4.293900 0.914788 0.000000
vt -3.816800 0.914788 0.000000
vt -4.293900 0.938861 0.000000
vt -3.816800 0.938861 0.000000
vt -4.293900 0.962935 0.000000
vt -3.816800 0.962935 0.000000
vt -4.293900 0.987008 0.000000
vt -3.816800 0.987008 0.000000
vt -0.000000 -1.011081 0.000000
vt -0.477100 -1.011081 0.000000
vt -0.000000 -1.035155 0.000000
vt -0.477100 -1.035155 0.000000
vt -0.000000 1.035155 0.000000
vt -0.477100 1.035155 0.000000
vt -0.000000 1.011081 0.000000
vt -0.477100 1.011081 0.000000
vt -0.000000 0.987008 0.000000
vt -0.477100 0.987008 0.000000
vt -0.000000 0.962935 0.000000
vt -0.477100 0.962935 0.000000
vt -0.000000 0.938861 0.000000
vt -0.477100 0.938861 0.000000
vt -0.000000 0.914788 0.000000
vt -0.477100 0.914788 0.000000
vt -0.000000 0.890715 0.000000
vt -0.477100 0.890715 0.000000
vt -0.000000 0.866641 0.000000
vt -0.477100 0.866641 0.000000
vt -0.000000 0.842568 0.000000
vt -0.477100 0.842568 0.000000
vt -0.000000 0.818494 0.000000
vt -0.477100 0.818494 0.000000
vt -0.000000 0.794421 0.000000
vt -0.477100 0.794421 0.000000
vt -0.000000 0.770348 0.000000
vt -0.477100 0.770348 0.000000
vt -0.000000 0.746274 0.000000
vt -0.477100 0.746274 0.000000
vt -0.000000 0.722201 0.000000
vt -0.477100 0.722201 0.000000
vt -0.000000 0.698128 0.000000
vt -0.477100 0.698128 0.000000
vt -0.000000 0.674054 0.000000
vt -0.477100 0.674054 0.000000
vt -0.000000 0.649981 0.000000
vt -0.477100 0.649981 0.000000
vt -0.000000 0.625908 0.000000
vt -0.477100 0.625908 0.000000
vt -0.000000 0.601834 0.000000
vt -0.477100 0.601834 0.000000
vt -0.000000 0.577761 0.000000
vt -0.477100 0.577761 0.000000
vt -0.000000 0.553687 0.000000
vt -0.477100 0.553687 0.000000
vt -0.000000 0.529614 0.000000
vt -0.477100 0.529614 0.000000
vt -0.000000 0.505541 0.000000
vt -0.477100 0.505541 0.000000
vt -0.000000 0.481467 0.000000
vt -0.477100 0.481467 0.000000
vt -0.000000 0.457394 0.000000
vt -0.477100 0.457394 0.000000
vt -0.000000 0.433321 0.000000
vt -0.477100 0.433321 0.000000
vt -0.000000 0.409247 0.000000
vt -0.477100 0.409247 0.000000
vt -0.000000 0.385174 0.000000
vt -0.477100 0.385174 0.000000
vt -0.000000 0.361101 0.000000
vt -0.477100 0.361101 0.000000
vt -0.000000 0.337027 0.000000
vt -0.477100 0.337027 0.000000
vt -0.000000 0.312954 0.000000
vt -0.477100 0.312954 0.000000
vt -0.000000 0.288880 0.000000
vt -0.477100 0.288880 0.000000
vt -0.000000 0.264807 0.000000
vt -0.477100 0.264807 0.000000
vt -0.000000 0.240734 0.000000
vt -0.477100 0.240734 0.000000
vt -0.000000 0.216660 0.000000
vt -0.477100 0.216660 0.000000
vt -0.000000 0.192587 0.000000
vt -0.477100 0.192587 0.000000
vt -0.000000 0.168514 0.000000
vt -0.477100 0.168514 0.000000
vt -0.000000 0.144440 0.000000
vt -0.477100 0.144440 0.000000
vt -0.000000 0.120367 0.000000
vt -0.477100 0.120367 0.000000
vt -0.000000 0.096293 0.000000
vt -0.477100 0.096293 0.000000
vt -0.000000 0.072220 0.000000
vt -0.477100 0.072220 0.000000
vt -0.000000 0.048147 0.000000
vt -0.477100 0.048147 0.000000
vt -0.000000 0.024073 0.000000
vt -0.477100 0.024073 0.000000
vt -0.000000 0.000000 0.000000
vt -0.477100 0.000000 0.000000
vt -0.000000 -0.024073 0.000000
vt -0.477100 -0.024073 0.000000
vt -0.000000 -0.048147 0.000000
vt -0.477100 -0.048147 0.000000
vt -0.000000 -0.072220 0.000000
vt -0.477100 -0.072220 0.000000
vt -0.000000 -0.096293 0.000000
vt -0.477100 -0.096293 0.000000
vt -0.000000 -0.120367 0.000000
vt -0.477100 -0.120367 0.000000
vt -0.000000 -0.144440 0.000000
vt -0.477100 -0.144440 0.000000
vt -0.000000 -0.168514 0.000000
vt -0.477100 -0.168514 0.000000
vt -0.000000 -0.192587 0.000000
vt -0.477100 -0.192587 0.000000
vt -0.000000 -0.216660 0.000000
vt -0.477100 -0.216660 0.000000
vt -0.000000 -0.240734 0.000000
vt -0.477100 -0.240734 0.000000
vt -0.000000 -0.264807 0.000000
vt -0.477100 -0.264807 0.000000
vt -0.000000 -0.288880 0.000000
vt -0.477100 -0.288880 0.000000
vt -0.000000 -0.312954 0.000000
vt -0.477100 -0.312954 0.000000
vt -0.000000 -0.337027 0.000000
vt -0.477100 -0.337027 0.000000
vt -0.000000 -0.361101 0.000000
vt -0.477100 -0.361101 0.000000
vt -0.000000 -0.385174 0.000000
vt -0.477100 -0.385174 0.000000
vt -0.000000 -0.409247 0.000000
vt -0.477100 -0.409247 0.000000
vt -0.000000 -0.433321 0.000000
vt -0.477100 -0.433321 0.000000
vt -0.000000 -0.457394 0.000000
vt -0.477100 -0.457394 0.000000
vt -0.000000 -0.481467 0.000000
vt -0.477100 -0.481467 0.000000
vt -0.000000 -0.505541 0.000000
vt -0.477100 -0.505541 0.000000
vt -0.000000 -0.529614 0.000000
vt -0.477100 -0.529614 0.000000
vt -0.000000 -0.553687 0.000000
vt -0.477100 -0.553687 0.000000
vt -0.000000 -0.577761 0.000000
vt -0.477100 -0.577761 0.000000
vt -0.000000 -0.601834 0.000000
vt -0.477100 -0.601834 0.000000
vt -0.000000 -0.625908 0.000000
vt -0.477100 -0.625908 0.000000
vt -0.000000 -0.649981 0.000000
vt -0.477100 -0.649981 0.000000
vt -0.000000 -0.674054 0.000000
vt -0.477100 -0.674054 0.000000
vt -0.000000 -0.698128 0.000000
vt -0.477100 -0.698128 0.000000
vt -0.000000 -0.722201 0.000000
vt -0.477100 -0.722201 0.000000
vt -0.000000 -0.746274 0.000000
vt -0.477100 -0.746274 0.000000
vt -0.000000 -0.770348 0.000000
vt -0.477100 -0.770348 0.000000
vt -0.000000 -0.794421 0.000000
vt -0.477100 -0.794421 0.000000
vt -0.000000 -0.818494 0.000000
vt -0.477100 -0.818494 0.000000
vt -0.000000 -0.842568 0.000000
vt -0.477100 -0.842568 0.000000
vt -0.000000 -0.866641 0.000000
vt -0.477100 -0.866641 0.000000
vt -0.000000 -0.890715 0.000000
vt -0.477100 -0.890715 0.000000
vt -0.000000 -0.914788 0.000000
vt -0.477100 -0.914788 0.000000
vt -0.000000 -0.938861 0.000000
vt -0.477100 -0.938861 0.000000
vt -0.000000 -0.962935 0.000000
vt -0.477100 -0.962935 0.000000
vt -0.000000 -0.987008 0.000000
vt -0.477100 -0.987008 0.000000
vt -3.339700 -1.035155 0.000000
vt -3.339700 -1.011081 0.000000
vt -3.339700 -0.987008 0.000000
vt -3.339700 -0.962935 0.000000
vt -3.339700 -0.938861 0.000000
vt -3.339700 -0.914788 0.000000
vt -3.339700 -0.890715 0.000000
vt -3.339700 -0.866641 0.000000
vt -3.339700 -0.842568 0.000000
vt -3.339700 -0.818494 0.000000
vt -3.339700 -0.794421 0.000000
vt -3.339700 -0.770348 0.000000
vt -3.339700 -0.746274 0.000000
vt -3.339700 -0.722201 0.000000
vt -3.339700 -0.698128 0.000000
vt -3.339700 -0.674054 0.000000
vt -3.339700 -0.649981 0.000000
vt -3.339700 -0.625908 0.000000
vt -3.339700 -0.601834 0.000000
vt -3.339700 -0.577761 0.000000
vt -3.339700 -0.553687 0.000000
vt -3.339700 -0.529614 0.000000
vt -3.339700 -0.505541 0.000000
vt -3.339700 -0.481467 0.000000
vt -3.339700 -0.457394 0.000000
vt -3.339700 -0.433321 0.000000
vt -3.339700 -0.409247 0.000000
vt -3.339700 -0.385174 0.000000
vt -3.339700 -0.361101 0.000000
vt -3.339700 -0.337027 0.000000
vt -3.339700 -0.312954 0.000000
vt -3.339700 -0.288880 0.000000
vt -3.339700 -0.264807 0.000000
vt -3.339700 -0.240734 0.000000
vt -3.339700 -0.216660 0.000000
vt -3.339700 -0.192587 0.000000
vt -3.339700 -0.168514 0.000000
vt -3.339700 -0.144440 0.000000
vt -3.339700 -0.120367 0.000000
vt -3.339700 -0.096293 0.000000
vt -3.339700 -0.072220 0.000000
vt -3.339700 -0.048147 0.000000
vt -3.339700 -0.024073 0.000000
vt -3.339700 0.000000 0.000000
vt -3.339700 0.024073 0.000000
vt -3.339700 0.048147 0.000000
vt -3.339700 0.072220 0.000000
vt -3.339700 0.096293 0.000000
vt -3.339700 0.120367 0.000000
vt -3.339700 0.144440 0.000000
vt -3.339700 0.168514 0.000000
vt -3.339700 0.192587 0.000000
vt -3.339700 0.216660 0.000000
vt -3.339700 0.240734 0.000000
vt -3.339700 0.264807 0.000000
vt -3.339700 0.288880 0.000000
vt -3.339700 0.312954 0.000000
vt -3.339700 0.337027 0.000000
vt -3.339700 0.361101 0.000000
vt -3.339700 0.385174 0.000000
vt -3.339700 0.409247 0.000000
vt -3.339700 0.433321 0.000000
vt -3.339700 0.457394 0.000000
vt -3.339700 0.481467 0.000000
vt -3.339700 0.505541 0.000000
vt -3.339700 0.529614 0.000000
vt -3.339700 0.553687 0.000000
vt -3.339700 0.577761 0.000000
vt -3.339700 0.601834 0.000000
vt -3.339700 0.625908 0.000000
vt -3.339700 0.649981 0.000000
vt -3.339700 0.674054 0.000000
vt -3.339700 0.698128 0.000000
vt -3.339700 0.722201 0.000000
vt -3.339700 0.746274 0.000000
vt -3.339700 0.770348 0.000000
vt -3.339700 0.794421 0.000000
vt -3.339700 0.818494 0.000000
vt -3.339700 0.842568 0.000000
vt -3.339700 0.866641 0.000000
vt -3.339700 0.890715 0.000000
vt -3.339700 0.914788 0.000000
vt -3.339700 0.938861 0.000000
vt -3.339700 0.962935 0.000000
vt -3.339700 0.987008 0.000000
vt -3.339700 1.011081 0.000000
vt -3.339700 1.035155 0.000000
vt -2.862600 -1.035155 0.000000
vt -2.862600 -1.011081 0.000000
vt -2.862600 -0.987008 0.000000
vt -2.862600 -0.962935 0.000000
vt -2.862600 -0.938861 0.000000
vt -2.862600 -0.914788 0.000000
vt -2.862600 -0.890715 0.000000
vt -2.862600 -0.866641 0.000000
vt -2.862600 -0.842568 0.000000
vt -2.862600 -0.818494 0.000000
vt -2.862600 -0.794421 0.000000
vt -2.862600 -0.770348 0.000000
vt -2.862600 -0.746274 0.000000
vt -2.862600 -0.722201 0.000000
vt -2.862600 -0.698128 0.000000
vt -2.862600 -0.674054 0.000000
vt -2.862600 -0.649981 0.000000
vt -2.862600 -0.625908 0.000000
vt -2.862600 -0.601834 0.000000
vt -2.862600 -0.577761 0.000000
vt -2.862600 -0.553687 0.000000
vt -2.862600 -0.529614 0.000000
vt -2.862600 -0.505541 0.000000
vt -2.862600 -0.481467 0.000000
vt -2.862600 -0.457394 0.000000
vt -2.862600 -0.433321 0.000000
vt -2.862600 -0.409247 0.000000
vt -2.862600 -0.385174 0.000000
vt -2.862600 -0.361101 0.000000
vt -2.862600 -0.337027 0.000000
vt -2.862600 -0.312954 0.000000
vt -2.862600 -0.288880 0.000000
vt -2.862600 -0.264807 0.000000
vt -2.862600 -0.240734 0.000000
vt -2.862600 -0.216660 0.000000
vt -2.862600 -0.192587 0.000000
vt -2.862600 -0.168514 0.000000
vt -2.862600 -0.144440 0.000000
vt -2.862600 -0.120367 0.000000
vt -2.862600 -0.096293 0.000000
vt -2.862600 -0.072220 0.000000
vt -2.862600 -0.048147 0.000000
vt -2.862600 -0.024073 0.000000
vt -2.862600 0.000000 0.000000
vt -2.862600 0.024073 0.000000
vt -2.862600 0.048147 0.000000
vt -2.862600 0.072220 0.000000
vt -2.862600 0.096293 0.000000
vt -2.862600 0.120367 0.000000
vt -2.862600 0.144440 0.000000
vt -2.862600 0.168514 0.000000
vt -2.862600 0.192587 0.000000
vt -2.862600 0.216660 0.000000
vt -2.862600 0.240734 0.000000
vt -2.862600 0.264807 0.000000
vt -2.862600 0.288880 0.000000
vt -2.862600 0.312954 0.000000
vt -2.862600 0.337027 0.000000
vt -2.862600 0.361101 0.000000
vt -2.862600 0.385174 0.000000
vt -2.862600 0.409247 0.000000
vt -2.862600 0.433321 0.000000
vt -2.862600 0.457394 0.000000
vt -2.862600 0.481467 0.000000
vt -2.862600 0.505541 0.000000
vt -2.862600 0.529614 0.000000
vt -2.862600 0.553687 0.000000
vt -2.862600 0.577761 0.000000
vt -2.862600 0.601834 0.000000
vt -2.862600 0.625908 0.000000
vt -2.862600 0.649981 0.000000
vt -2.862600 0.674054 0.000000
vt -2.862600 0.698128 0.000000
vt -2.862600 0.722201 0.000000
vt -2.862600 0.746274 0.000000
vt -2.862600 0.770348 0.000000
vt -2.862600 0.794421 0.000000
vt -2.862600 0.818494 0.000000
vt -2.862600 0.842568 0.000000
vt -2.862600 0.866641 0.000000
vt -2.862600 0.890715 0.000000
vt -2.862600 0.914788 0.000000
vt -2.862600 0.938861 0.000000
vt -2.862600 0.962935 0.000000
vt -2.862600 0.987008 0.000000
vt -2.862600 1.011081 0.000000
vt -2.862600 1.035155 0.000000
vt -2.385500 -1.035155 0.000000
vt -2.385500 -1.011081 0.000000
vt -2.385500 -0.987008 0.000000
vt -2.385500 -0.962935 0.000000
vt -2.385500 -0.938861 0.000000
vt -2.385500 -0.914788 0.000000
vt -2.385500 -0.890715 0.000000
vt -2.385500 -0.866641 0.000000
vt -2.385500 -0.842568 0.000000
vt -2.385500 -0.818494 0.000000
vt -2.385500 -0.794421 0.000000
vt -2.385500 -0.770348 0.000000
vt -2.385500 -0.746274 0.000000
vt -2.385500 -0.722201 0.000000
vt -2.385500 -0.698128 0.000000
vt -2.385500 -0.674054 0.000000
vt -2.385500 -0.649981 0.000000
vt -2.385500 -0.625908 0.000000
vt -2.385500 -0.601834 0.000000
vt -2.385500 -0.577761 0.000000
vt -2.385500 -0.553687 0.000000
vt -2.385500 -0.529614 0.000000
vt -2.385500 -0.505541 0.000000
vt -2.385500 -0.481467 0.000000
vt -2.385500 -0.457394 0.000000
vt -2.385500 -0.433321 0.000000
vt -2.385500 -0.409247 0.000000
vt -2.385500 -0.385174 0.000000
vt -2.385500 -0.361101 0.000000
vt -2.385500 -0.337027 0.000000
vt -2.385500 -0.312954 0.000000
vt -2.385500 -0.288880 0.000000
vt -2.385500 -0.264807 0.000000
vt -2.385500 -0.240734 0.000000
vt -2.385500 -0.216660 0.000000
vt -2.385500 -0.192587 0.000000
vt -2.385500 -0.168514 0.000000
vt -2.385500 -0.144440 0.000000
vt -2.385500 -0.120367 0.000000
vt -2.385500 -0.096293 0.000000
vt -2.385500 -0.072220 0.000000
vt -2.385500 -0.048147 0.000000
vt -2.385500 -0.024073 0.000000
vt -2.385500 0.000000 0.000000
vt -2.385500 0.024073 0.000000
vt -2.385500 0.048147 0.000000
vt -2.385500 0.072220 0.000000
vt -2.385500 0.096293 0.000000
vt -2.385500 0.120367 0.000000
vt -2.385500 0.144440 0.000000
vt -2.385500 0.168514 0.000000
vt -2.385500 0.192587 0.000000
vt -2.385500 0.216660 0.000000
vt -2.385500 0.240734 0.000000
vt -2.385500 0.264807 0.000000
vt -2.385500 0.288880 0.000000
vt -2.385500 0.312954 0.000000
vt -2.385500 0.337027 0.000000
vt -2.385500 0.361101 0.000000
vt -2.385500 0.385174 0.000000
vt -2.385500 0.409247 0.000000
vt -2.385500 0.433321 0.000000
vt -2.385500 0.457394 0.000000
vt -2.385500 0.481467 0.000000
vt -2.385500 0.505541 0.000000
vt -2.385500 0.529614 0.000000
vt -2.385500 0.553687 0.000000
vt -2.385500 0.577761 0.000000
vt -2.385500 0.601834 0.000000
vt -2.385500 0.625908 0.000000
vt -2.385500 0.649981 0.000000
vt -2.385500 0.674054 0.000000
vt -2.385500 0.698128 0.000000
vt -2.385500 0.722201 0.000000
vt -2.385500 0.746274 0.000000
vt -2.385500 0.770348 0.000000
vt -2.385500 0.794421 0.000000
vt -2.385500 0.818494 0.000000
vt -2.385500 0.842568 0.000000
vt -2.385500 0.866641 0.000000
vt -2.385500 0.890715 0.000000
vt -2.385500 0.914788 0.000000
vt -2.385500 0.938861 0.000000
vt -2.385500 0.962935 0.000000
vt -2.385500 0.987008 0.000000
vt -2.385500 1.011081 0.000000
vt -2.385500 1.035155 0.000000
vt -1.908400 -1.035155 0.000000
vt -1.908400 -1.011081 0.000000
vt -1.908400 -0.987008 0.000000
vt -1.908400 -0.962935 0.000000
vt -1.908400 -0.938861 0.000000
vt -1.908400 -0.914788 0.000000
vt -1.908400 -0.890715 0.000000
vt -1.908400 -0.866641 0.000000
vt -1.908400 -0.842568 0.000000
vt -1.908400 -0.818494 0.000000
vt -1.908400 -0.794421 0.000000
vt -1.908400 -0.770348 0.000000
vt -1.908400 -0.746274 0.000000
vt -1.908400 -0.722201 0.000000
vt -1.908400 -0.698128 0.000000
vt -1.908400 -0.674054 0.000000
vt -1.908400 -0.649981 0.000000
vt -1.908400 -0.625908 0.000000
vt -1.908400 -0.601834 0.000000
vt -1.908400 -0.577761 0.000000
vt -1.908400 -0.553687 0.000000
vt -1.908400 -0.529614 0.000000
vt -1.908400 -0.505541 0.000000
vt -1.908400 -0.481467 0.000000
vt -1.908400 -0.457394 0.000000
vt -1.908400 -0.433321 0.000000
vt -1.908400 -0.409247 0.000000
vt -1.908400 -0.385174 0.000000
vt -1.908400 -0.361101 0.000000
vt -1.908400 -0.337027 0.000000
vt -1.908400 -0.312954 0.000000
vt -1.908400 -0.288880 0.000000
vt -1.908400 -0.264807 0.000000
vt -1.908400 -0.240734 0.000000
vt -1.908400 -0.216660 0.000000
vt -1.908400 -0.192587 0.000000
vt -1.908400 -0.168514 0.000000
vt -1.908400 -0.144440 0.000000
vt -1.908400 -0.120367 0.000000
vt -1.908400 -0.096293 0.000000
vt -1.908400 -0.072220 0.000000
vt -1.908400 -0.048147 0.000000
vt -1.908400 -0.024073 0.000000
vt -1.908400 0.000000 0.000000
vt -1.908400 0.024073 0.000000
vt -1.908400 0.048147 0.000000
vt -1.908400 0.072220 0.000000
vt -1.908400 0.096293 0.000000
vt -1.908400 0.120367 0.000000
vt -1.908400 0.144440 0.000000
vt -1.908400 0.168514 0.000000
vt -1.908400 0.192587 0.000000
vt -1.908400 0.216660 0.000000
vt -1.908400 0.240734 0.000000
vt -1.908400 0.264807 0.000000
vt -1.908400 0.288880 0.000000
vt -1.908400 0.312954 0.000000
vt -1.908400 0.337027 0.000000
vt -1.908400 0.361101 0.000000
vt -1.908400 0.385174 0.000000
vt -1.908400 0.409247 0.000000
vt -1.908400 0.433321 0.000000
vt -1.908400 0.457394 0.000000
vt -1.908400 0.481467 0.000000
vt -1.908400 0.505541 0.000000
vt -1.908400 0.529614 0.000000
vt -1.908400 0.553687 0.000000
vt -1.908400 0.577761 0.000000
vt -1.908400 0.601834 0.000000
vt -1.908400 0.625908 0.000000
vt -1.908400 0.649981 0.000000
vt -1.908400 0.674054 0.000000
vt -1.908400 0.698128 0.000000
vt -1.908400 0.722201 0.000000
vt -1.908400 0.746274 0.000000
vt -1.908400 0.770348 0.000000
vt -1.908400 0.794421 0.000000
vt -1.908400 0.818494 0.000000
vt -1.908400 0.842568 0.000000
vt -1.908400 0.866641 0.000000
vt -1.908400 0.890715 0.000000
vt -1.908400 0.914788 0.000000
vt -1.908400 0.938861 0.000000
vt -1.908400 0.962935 0.000000
vt -1.908400 0.987008 0.000000
vt -1.908400 1.011081 0.000000
vt -1.908400 1.035155 0.000000
vt -1.431300 -1.035155 0.000000
vt -1.431300 -1.011081 0.000000
vt -1.431300 -0.987008 0.000000
vt -1.431300 -0.962935 0.000000
vt -1.431300 -0.938861 0.000000
vt -1.431300 -0.914788 0.000000
vt -1.431300 -0.890715 0.000000
vt -1.431300 -0.866641 0.000000
vt -1.431300 -0.842568 0.000000
vt -1.431300 -0.818494 0.000000
vt -1.431300 -0.794421 0.000000
vt -1.431300 -0.770348 0.000000
vt -1.431300 -0.746274 0.000000
vt -1.431300 -0.722201 0.000000
vt -1.431300 -0.698128 0.000000
vt -1.431300 -0.674054 0.000000
vt -1.431300 -0.649981 0.000000
vt -1.431300 -0.625908 0.000000
vt -1.431300 -0.601834 0.000000
vt -1.431300 -0.577761 0.000000
vt -1.431300 -0.553687 0.000000
vt -1.431300 -0.529614 0.000000
vt -1.431300 -0.505541 0.000000
vt -1.431300 -0.481467 0.000000
vt -1.431300 -0.457394 0.000000
vt -1.431300 -0.433321 0.000000
vt -1.431300 -0.409247 0.000000
vt -1.431300 -0.385174 0.000000
vt -1.431300 -0.361101 0.000000
vt -1.431300 -0.337027 0.000000
vt -1.431300 -0.312954 0.000000
vt -1.431300 -0.288880 0.000000
vt -1.431300 -0.264807 0.000000
vt -1.431300 -0.240734 0.000000
vt -1.431300 -0.216660 0.000000
vt -1.431300 -0.192587 0.000000
vt -1.431300 -0.168514 0.000000
vt -1.431300 -0.144440 0.000000
vt -1.431300 -0.120367 0.000000
vt -1.431300 -0.096293 0.000000
vt -1.431300 -0.072220 0.000000
vt -1.431300 -0.048147 0.000000
vt -1.431300 -0.024073 0.000000
vt -1.431300 0.000000 0.000000
vt -1.431300 0.024073 0.000000
vt -1.431300 0.048147 0.000000
vt -1.431300 0.072220 0.000000
vt -1.431300 0.096293 0.000000
vt -1.431300 0.120367 0.000000
vt -1.431300 0.144440 0.000000
vt -1.431300 0.168514 0.000000
vt -1.431300 0.192587 0.000000
vt -1.431300 0.216660 0.000000
vt -1.431300 0.240734 0.000000
vt -1.431300 0.264807 0.000000
vt -1.431300 0.288880 0.000000
vt -1.431300 0.312954 0.000000
vt -1.431300 0.337027 0.000000
vt -1.431300 0.361101 0.000000
vt -1.431300 0.385174 0.000000
vt -1.431300 0.409247 0.000000
vt -1.431300 0.433321 0.000000
vt -1.431300 0.457394 0.000000
vt -1.431300 0.481467 0.000000
vt -1.431300 0.505541 0.000000
vt -1.431300 0.529614 0.000000
vt -1.431300 0.553687 0.000000
vt -1.431300 0.577761 0.000000
vt -1.431300 0.601834 0.000000
vt -1.431300 0.625908 0.000000
vt -1.431300 0.649981 0.000000
vt -1.431300 0.674054 0.000000
vt -1.431300 0.698128 0.000000
vt -1.431300 0.722201 0.000000
vt -1.431300 0.746274 0.000000
vt -1.431300 0.770348 0.000000
vt -1.431300 0.794421 0.000000
vt -1.431300 0.818494 0.000000
vt -1.431300 0.842568 0.000000
vt -1.431300 0.866641 0.000000
vt -1.431300 0.890715 0.000000
vt -1.431300 0.914788 0.000000
vt -1.431300 0.938861 0.000000
vt -1.431300 0.962935 0.000000
vt -1.431300 0.987008 0.000000
vt -1.431300 1.011081 0.000000
vt -1.431300 1.035155 0.000000
vt -0.954200 -1.035155 0.000000
vt -0.954200 -1.011081 0.000000
vt -0.954200 -0.987008 0.000000
vt -0.954200 -0.962935 0.000000
vt -0.954200 -0.938861 0.000000
vt -0.954200 -0.914788 0.000000
vt -0.954200 -0.890715 0.000000
vt -0.954200 -0.866641 0.000000
vt -0.954200 -0.842568 0.000000
vt -0.954200 -0.818494 0.000000
vt -0.954200 -0.794421 0.000000
vt -0.954200 -0.770348 0.000000
vt -0.954200 -0.746274 0.000000
vt -0.954200 -0.722201 0.000000
vt -0.954200 -0.698128 0.000000
vt -0.954200 -0.674054 0.000000
vt -0.954200 -0.649981 0.000000
vt -0.954200 -0.625908 0.000000
vt -0.954200 -0.601834 0.000000
vt -0.954200 -0.577761 0.000000
vt -0.954200 -0.553687 0.000000
vt -0.954200 -0.529614 0.000000
vt -0.954200 -0.505541 0.000000
vt -0.954200 -0.481467 0.000000
vt -0.954200 -0.457394 0.000000
vt -0.954200 -0.433321 0.000000
vt -0.954200 -0.409247 0.000000
vt -0.954200 -0.385174 0.000000
vt -0.954200 -0.361101 0.000000
vt -0.954200 -0.337027 0.000000
vt -0.954200 -0.312954 0.000000
vt -0.954200 -0.288880 0.000000
vt -0.954200 -0.264807 0.000000
vt -0.954200 -0.240734 0.000000
vt -0.954200 -0.216660 0.000000
vt -0.954200 -0.192587 0.000000
vt -0.954200 -0.168514 0.000000
vt -0.954200 -0.144440 0.000000
vt -0.954200 -0.120367 0.000000
vt -0.954200 -0.096293 0.000000
vt -0.954200 -0.072220 0.000000
vt -0.954200 -0.048147 0.000000
vt -0.954200 -0.024073 0.000000
vt -0.954200 0.000000 0.000000
vt -0.954200 0.024073 0.000000
vt -0.954200 0.048147 0.000000
vt -0.954200 0.072220 0.000000
vt -0.954200 0.096293 0.000000
vt -0.954200 0.120367 0.000000
vt -0.954200 0.144440 0.000000
vt -0.954200 0.168514 0.000000
vt -0.954200 0.192587 0.000000
vt -0.954200 0.216660 0.000000
vt -0.954200 0.240734 0.000000
vt -0.954200 0.264807 0.000000
vt -0.954200 0.288880 0.000000
vt -0.954200 0.312954 0.000000
vt -0.954200 0.337027 0.000000
vt -0.954200 0.361101 0.000000
vt -0.954200 0.385174 0.000000
vt -0.954200 0.409247 0.000000
vt -0.954200 0.433321 0.000000
vt -0.954200 0.457394 0.000000
vt -0.954200 0.481467 0.000000
vt -0.954200 0.505541 0.000000
vt -0.954200 0.529614 0.000000
vt -0.954200 0.553687 0.000000
vt -0.954200 0.577761 0.000000
vt -0.954200 0.601834 0.000000
vt -0.954200 0.625908 0.000000
vt -0.954200 0.649981 0.000000
vt -0.954200 0.674054 0.000000
vt -0.954200 0.698128 0.000000
vt -0.954200 0.722201 0.000000
vt -0.954200 0.746274 0.000000
vt -0.954200 0.770348 0.000000
vt -0.954200 0.794421 0.000000
vt -0.954200 0.818494 0.000000
vt -0.954200 0.842568 0.000000
vt -0.954200 0.866641 0.000000
vt -0.954200 0.890715 0.000000
vt -0.954200 0.914788 0.000000
vt -0.954200 0.938861 0.000000
vt -0.954200 0.962935 0.000000
vt -0.954200 0.987008 0.000000
vt -0.954200 1.011081 0.000000
vt -0.954200 1.035155 0.000000
vt -0.328621 -0.024052 0.000000
vt 0.328621 -0.024052 0.000000
vt -0.329500 -0.000000 0.000000
vt 0.329500 0.000000 0.000000
vt -0.328621 0.024052 0.000000
vt 0.328621 0.024052 0.000000
vt -0.325989 0.047976 0.000000
vt 0.325989 0.047976 0.000000
vt -0.321617 0.071643 0.000000
vt 0.321617 0.071643 0.000000
vt -0.315529 0.094929 0.000000
vt 0.315529 0.094929 0.000000
vt -0.307758 0.117708 0.000000
vt 0.307758 0.117708 0.000000
vt -0.298345 0.139858 0.000000
vt 0.298345 0.139858 0.000000
vt -0.287340 0.161263 0.000000
vt 0.287340 0.161263 0.000000
vt -0.274802 0.181807 0.000000
vt 0.274802 0.181807 0.000000
vt -0.260798 0.201382 0.000000
vt 0.260798 0.201382 0.000000
vt -0.245402 0.219882 0.000000
vt 0.245402 0.219882 0.000000
vt -0.228697 0.237208 0.000000
vt 0.228697 0.237208 0.000000
vt -0.210772 0.253269 0.000000
vt 0.210772 0.253269 0.000000
vt -0.191723 0.267979 0.000000
vt 0.191723 0.267979 0.000000
vt -0.171650 0.281259 0.000000
vt 0.171650 0.281259 0.000000
vt -0.150661 0.293038 0.000000
vt 0.150661 0.293038 0.000000
vt -0.128869 0.303254 0.000000
vt 0.128869 0.303254 0.000000
vt -0.106389 0.311852 0.000000
vt 0.106389 0.311852 0.000000
vt -0.083342 0.318786 0.000000
vt 0.083342 0.318786 0.000000
vt -0.059849 0.324019 0.000000
vt 0.059849 0.324019 0.000000
vt -0.036038 0.327523 0.000000
vt 0.036038 0.327523 0.000000
vt -0.012034 0.329280 0.000000
vt 0.012034 0.329280 0.000000
vt 0.325989 -0.047976 0.000000
vt -0.325989 -0.047976 0.000000
vt 0.321617 -0.071643 0.000000
vt -0.321617 -0.071643 0.000000
vt 0.315529 -0.094929 0.000000
vt -0.315529 -0.094929 0.000000
vt 0.307758 -0.117708 0.000000
vt -0.307758 -0.117708 0.000000
vt 0.298345 -0.139858 0.000000
vt -0.298345 -0.139858 0.000000
vt 0.287340 -0.161263 0.000000
vt -0.287340 -0.161263 0.000000
vt 0.274802 -0.181807 0.000000
vt -0.274802 -0.181807 0.000000
vt 0.260798 -0.201382 0.000000
vt -0.260798 -0.201382 0.000000
vt 0.245402 -0.219882 0.000000
vt -0.245402 -0.219882 0.000000
vt 0.228697 -0.237208 0.000000
vt -0.228697 -0.237208 0.000000
vt 0.210772 -0.253269 0.000000
vt -0.210772 -0.253269 0.000000
vt 0.191723 -0.267979 0.000000
vt -0.191723 -0.267979 0.000000
vt 0.171650 -0.281259 0.000000
vt -0.171650 -0.281259 0.000000
vt 0.150661 -0.293038 0.000000
vt -0.150661 -0.293038 0.000000
vt 0.128869 -0.303254 0.000000
vt -0.128869 -0.303254 0.000000
vt 0.106389 -0.311852 0.000000
vt -0.106389 -0.311852 0.000000
vt 0.083342 -0.318786 0.000000
vt -0.083342 -0.318786 0.000000
vt 0.059849 -0.324019 0.000000
vt -0.059849 -0.324019 0.000000
vt 0.036038 -0.327523 0.000000
vt -0.036038 -0.327523 0.000000
vt 0.012034 -0.329280 0.000000
vt -0.012034 -0.329280 0.000000
vt 0.328621 0.024052 0.000000
vt -0.328621 0.024052 0.000000
vt 0.329500 -0.000000 0.000000
vt -0.329500 0.000000 0.000000
vt 0.328621 -0.024052 0.000000
vt -0.328621 -0.024052 0.000000
vt 0.325989 -0.047976 0.000000
vt -0.325989 -0.047976 0.000000
vt 0.321617 -0.071643 0.000000
vt -0.321617 -0.071643 0.000000
vt 0.315529 -0.094929 0.000000
vt -0.315529 -0.094929 0.000000
vt 0.307758 -0.117708 0.000000
vt -0.307758 -0.117708 0.000000
vt 0.298345 -0.139858 0.000000
vt -0.298345 -0.139858 0.000000
vt 0.287340 -0.161263 0.000000
vt -0.287340 -0.161263 0.000000
vt 0.274802 -0.181807 0.000000
vt -0.274802 -0.181807 0.000000
vt 0.260798 -0.201382 0.000000
vt -0.260798 -0.201382 0.000000
vt 0.245402 -0.219882 0.000000
vt -0.245402 -0.219882 0.000000
vt 0.228697 -0.237208 0.000000
vt -0.228697 -0.237208 0.000000
vt 0.210772 -0.253269 0.000000
vt -0.210772 -0.253269 0.000000
vt 0.191723 -0.267979 0.000000
vt -0.191723 -0.267979 0.000000
vt 0.171650 -0.281259 0.000000
vt -0.171650 -0.281259 0.000000
vt 0.150661 -0.293038 0.000000
vt -0.150661 -0.293038 0.000000
vt 0.128869 -0.303254 0.000000
vt -0.128869 -0.303254 0.000000
vt 0.106389 -0.311852 0.000000
vt -0.106389 -0.311852 0.000000
vt 0.083342 -0.318786 0.000000
vt -0.083342 -0.318786 0.000000
vt 0.059849 -0.324019 0.000000
vt -0.059849 -0.324019 0.000000
vt 0.036038 -0.327523 0.000000
vt -0.036038 -0.327523 0.000000
vt 0.012034 -0.329280 0.000000
vt -0.012034 -0.329280 0.000000
vt -0.325989 0.047976 0.000000
vt 0.325989 0.047976 0.000000
vt -0.321617 0.071643 0.000000
vt 0.321617 0.071643 0.000000
vt -0.315529 0.094929 0.000000
vt 0.315529 0.094929 0.000000
vt -0.307758 0.117708 0.000000
vt 0.307758 0.117708 0.000000
vt -0.298345 0.139858 0.000000
vt 0.298345 0.139858 0.000000
vt -0.287340 0.161263 0.000000
vt 0.287340 0.161263 0.000000
vt -0.274802 0.181807 0.000000
vt 0.274802 0.181807 0.000000
vt -0.260798 0.201382 0.000000
vt 0.260798 0.201382 0.000000
vt -0.245402 0.219882 0.000000
vt 0.245402 0.219882 0.000000
vt -0.228697 0.237208 0.000000
vt 0.228697 0.237208 0.000000
vt -0.210772 0.253269 0.000000
vt 0.210772 0.253269 0.000000
vt -0.191723 0.267979 0.000000
vt 0.191723 0.267979 0.000000
vt -0.171650 0.281259 0.000000
vt 0.171650 0.281259 0.000000
vt -0.150661 0.293038 0.000000
vt 0.150661 0.293038 0.000000
vt -0.128869 0.303254 0.000000
vt 0.128869 0.303254 0.000000
vt -0.106389 0.311852 0.000000
vt 0.106389 0.311852 0.000000
vt -0.083342 0.318786 0.000000
vt 0.083342 0.318786 0.000000
vt -0.059849 0.324019 0.000000
vt 0.059849 0.324019 0.000000
vt -0.036038 0.327523 0.000000
vt 0.036038 0.327523 0.000000
vt -0.012034 0.329280 0.000000
vt 0.012034 0.329280 0.000000
vn -99.733228 7.299531 -0.000000
vn -99.733228 7.299531 -0.000000
vn -100.000000 0.000000 -0.000000
vn -100.000000 0.000000 -0.000000
vn -99.733228 -7.299531 0.000000
vn -99.733228 -7.299531 0.000000
vn -98.934337 -14.560117 0.000000
vn -98.934337 -14.560117 0.000000
vn -97.607588 -21.743018 0.000000
vn -97.607588 -21.743018 0.000000
vn -95.760060 -28.809910 0.000000
vn -95.760060 -28.809910 0.000000
vn -93.401611 -35.723089 0.000000
vn -93.401611 -35.723089 0.000000
vn -90.544824 -42.445670 0.000000
vn -90.544824 -42.445670 0.000000
vn -87.204941 -48.941785 0.000000
vn -87.204941 -48.941785 0.000000
vn -83.399782 -55.176774 0.000000
vn -83.399782 -55.176774 0.000000
vn -79.149649 -61.117371 0.000000
vn -79.149649 -61.117371 0.000000
vn -74.477218 -66.731881 0.000000
vn -74.477218 -66.731881 0.000000
vn -69.407420 -71.990347 0.000000
vn -69.407420 -71.990347 0.000000
vn -63.967302 -76.864714 0.000000
vn -63.967302 -76.864714 0.000000
vn -58.185892 -81.328974 0.000000
vn -58.185892 -81.328974 0.000000
vn -52.094034 -85.359309 0.000000
vn -52.094034 -85.359309 0.000000
vn -45.724232 -88.934215 0.000000
vn -45.724232 -88.934215 0.000000
vn -39.110472 -92.034618 0.000000
vn -39.110472 -92.034618 0.000000
vn -32.288040 -94.643977 0.000000
vn -32.288040 -94.643977 0.000000
vn -25.293338 -96.748370 0.000000
vn -25.293338 -96.748370 0.000000
vn -18.163685 -98.336568 0.000000
vn -18.163685 -98.336568 0.000000
vn -10.937121 -99.400098 0.000000
vn -10.937121 -99.400098 0.000000
vn -3.652202 -99.933285 0.000000
vn -3.652202 -99.933285 0.000000
vn 3.652202 -99.933285 0.000000
vn 3.652202 -99.933285 0.000000
vn 10.937121 -99.400098 0.000000
vn 10.937121 -99.400098 0.000000
vn 18.163685 -98.336568 0.000000
vn 18.163685 -98.336568 0.000000
vn 25.293338 -96.748370 0.000000
vn 25.293338 -96.748370 0.000000
vn 32.288040 -94.643977 0.000000
vn 32.288040 -94.643977 0.000000
vn 39.110472 -92.034618 0.000000
vn 39.110472 -92.034618 0.000000
vn 45.724232 -88.934215 0.000000
vn 45.724232 -88.934215 0.000000
vn 52.094034 -85.359309 0.000000
vn 52.094034 -85.359309 0.000000
vn 58.185892 -81.328974 0.000000
vn 58.185892 -81.328974 0.000000
vn 63.967302 -76.864714 0.000000
vn 63.967302 -76.864714 0.000000
vn 69.407420 -71.990347 0.000000
vn 69.407420 -71.990347 0.000000
vn 74.477218 -66.731881 0.000000
vn 74.477218 -66.731881 0.000000
vn 79.149649 -61.117371 0.000000
vn 79.149649 -61.117371 0.000000
vn 83.399782 -55.176774 0.000000
vn 83.399782 -55.176774 0.000000
vn 87.204941 -48.941785 0.000000
vn 87.204941 -48.941785 0.000000
vn 90.544824 -42.445670 0.000000
vn 90.544824 -42.445670 0.000000
vn 93.401611 -35.723089 0.000000
vn 93.401611 -35.723089 0.000000
vn 95.760060 -28.809910 0.000000
vn 95.760060 -28.809910 0.000000
vn 97.607588 -21.743018 0.000000
vn 97.607588 -21.743018 0.000000
vn 98.934337 -14.560117 0.000000
vn 98.934337 -14.560117 0.000000
vn 99.733228 -7.299531 0.000000
vn 99.733228 -7.299531 0.000000
vn 100.000000 0.000000 0.000000
vn 100.000000 0.000000 0.000000
vn 99.733228 7.299531 0.000000
vn 99.733228 7.299531 0.000000
vn 98.934337 14.560117 0.000000
vn 98.934337 14.560117 0.000000
vn 97.607588 21.743018 0.000000
vn 97.607588 21.743018 0.000000
vn 95.760060 28.809910 0.000000
vn 95.760060 28.809910 0.000000
vn 93.401611 35.723089 0.000000
vn 93.401611 35.723089 0.000000
vn 90.544824 42.445670 0.000000
vn 90.544824 42.445670 0.000000
vn 87.204941 48.941785 0.000000
vn 87.204941 48.941785 0.000000
vn 83.399782 55.176774 0.000000
vn 83.399782 55.176774 0.000000
vn 79.149649 61.117371 0.000000
vn 79.149649 61.117371 0.000000
vn 74.477218 66.731881 0.000000
vn 74.477218 66.731881 0.000000
vn 69.407420 71.990347 0.000000
vn 69.407420 71.990347 0.000000
vn 63.967302 76.864714 0.000000
vn 63.967302 76.864714 0.000000
vn 58.185892 81.328974 0.000000
vn 58.185892 81.328974 0.000000
vn 52.094034 85.359309 0.000000
vn 52.094034 85.359309 0.000000
vn 45.724232 88.934215 0.000000
vn 45.724232 88.934215 0.000000
vn 39.110472 92.034618 0.000000
vn 39.110472 92.034618 0.000000
vn 32.288040 94.643977 0.000000
vn 32.288040 94.643977 0.000000
vn 25.293338 96.748370 0.000000
vn 25.293338 96.748370 0.000000
vn 18.163685 98.336568 0.000000
vn 18.163685 98.336568 0.000000
vn 10.937121 99.400098 0.000000
vn 10.937121 99.400098 0.000000
vn 3.652202 99.933285 0.000000
vn 3.652202 99.933285 0.000000
vn -3.652202 99.933285 -0.000000
vn -3.652202 99.933285 -0.000000
vn -10.937121 99.400098 -0.000000
vn -10.937121 99.400098 -0.000000
vn -18.163685 98.336568 -0.000000
vn -18.163685 98.336568 -0.000000
vn -25.293338 96.748370 -0.000000
vn -25.293338 96.748370 -0.000000
vn -32.288040 94.643977 -0.000000
vn -32.288040 94.643977 -0.000000
vn -39.110472 92.034618 -0.000000
vn -39.110472 92.034618 -0.000000
vn -45.724232 88.934215 -0.000000
vn -45.724232 88.934215 -0.000000
vn -52.094034 85.359309 -0.000000
vn -52.094034 85.359309 -0.000000
vn -58.185892 81.328974 -0.000000
vn -58.185892 81.328974 -0.000000
vn -63.967302 76.864714 -0.000000
vn -63.967302 76.864714 -0.000000
vn -69.407420 71.990347 -0.000000
vn -69.407420 71.990347 -0.000000
vn -74.477218 66.731881 -0.000000
vn -74.477218 66.731881 -0.000000
vn -79.149649 61.117371 -0.000000
vn -79.149649 61.117371 -0.000000
vn -83.399782 55.176774 -0.000000
vn -83.399782 55.176774 -0.000000
vn -87.204941 48.941785 -0.000000
vn -87.204941 48.941785 -0.000000
vn -90.544824 42.445670 -0.000000
vn -90.544824 42.445670 -0.000000
vn -93.401611 35.723089 -0.000000
vn -93.401611 35.723089 -0.000000
vn -95.760060 28.809910 -0.000000
vn -95.760060 28.809910 -0.000000
vn -97.607588 21.743018 -0.000000
vn -97.607588 21.743018 -0.000000
vn -98.934337 14.560117 -0.000000
vn -98.934337 14.560117 -0.000000
vn -99.733228 -7.299531 0.000000
vn -99.733228 -7.299531 0.000000
vn -100.000000 -0.000000 0.000000
vn -100.000000 -0.000000 0.000000
vn -99.733228 7.299531 -0.000000
vn -99.733228 7.299531 -0.000000
vn -98.934337 14.560117 -0.000000
vn -98.934337 14.560117 -0.000000
vn -97.607588 21.743018 -0.000000
vn -97.607588 21.743018 -0.000000
vn -95.760060 28.809910 -0.000000
vn -95.760060 28.809910 -0.000000
vn -93.401611 35.723089 -0.000000
vn -93.401611 35.723089 -0.000000
vn -90.544824 42.445670 -0.000000
vn -90.544824 42.445670 -0.000000
vn -87.204941 48.941785 -0.000000
vn -87.204941 48.941785 -0.000000
vn -83.399782 55.176774 -0.000000
vn -83.399782 55.176774 -0.000000
vn -79.149649 61.117371 -0.000000
vn -79.149649 61.117371 -0.000000
vn -74.477218 66.731881 -0.000000
vn -74.477218 66.731881 -0.000000
vn -69.407420 71.990347 -0.000000
vn -69.407420 71.990347 -0.000000
vn -63.967302 76.864714 -0.000000
vn -63.967302 76.864714 -0.000000
vn -58.185892 81.328974 -0.000000
vn -58.185892 81.328974 -0.000000
vn -52.094034 85.359309 -0.000000
vn -52.094034 85.359309 -0.000000
vn -45.724232 88.934215 -0.000000
vn -45.724232 88.934215 -0.000000
vn -39.110472 92.034618 -0.000000
vn -39.110472 92.034618 -0.000000
vn -32.288040 94.643977 -0.000000
vn -32.288040 94.643977 -0.000000
vn -25.293338 96.748370 -0.000000
vn -25.293338 96.748370 -0.000000
vn -18.163685 98.336568 -0.000000
vn -18.163685 98.336568 -0.000000
vn -10.937121 99.400098 -0.000000
vn -10.937121 99.400098 -0.000000
vn -3.652202 99.933285 -0.000000
vn -3.652202 99.933285 -0.000000
vn 3.652202 99.933285 0.000000
vn 3.652202 99.933285 0.000000
vn 10.937121 99.400098 0.000000
vn 10.937121 99.400098 0.000000
vn 18.163685 98.336568 0.000000
vn 18.163685 98.336568 0.000000
vn 25.293338 96.748370 0.000000
vn 25.293338 96.748370 0.000000
vn 32.288040 94.643977 0.000000
vn 32.288040 94.643977 0.000000
vn 39.110472 92.034618 0.000000
vn 39.110472 92.034618 0.000000
vn 45.724232 88.934215 0.000000
vn 45.724232 88.934215 0.000000
vn 52.094034 85.359309 0.000000
vn 52.094034 85.359309 0.000000
vn 58.185892 81.328974 0.000000
vn 58.185892 81.328974 0.000000
vn 63.967302 76.864714 0.000000
vn 63.967302 76.864714 0.000000
vn 69.407420 71.990347 0.000000
vn 69.407420 71.990347 0.000000
vn 74.477218 66.731881 0.000000
vn 74.477218 66.731881 0.000000
vn 79.149649 61.117371 0.000000
vn 79.149649 61.117371 0.000000
vn 83.399782 55.176774 0.000000
vn 83.399782 55.176774 0.000000
vn 87.204941 48.941785 0.000000
vn 87.204941 48.941785 0.000000
vn 90.544824 42.445670 0.000000
vn 90.544824 42.445670 0.000000
vn 93.401611 35.723089 0.000000
vn 93.401611 35.723089 0.000000
vn 95.760060 28.809910 0.000000
vn 95.760060 28.809910 0.000000
vn 97.607588 21.743018 0.000000
vn 97.607588 21.743018 0.000000
vn 98.934337 14.560117 0.000000
vn 98.934337 14.560117 0.000000
vn 99.733228 7.299531 0.000000
vn 99.733228 7.299531 0.000000
vn 100.000000 0.000000 0.000000
vn 100.000000 0.000000 0.000000
vn 99.733228 -7.299531 0.000000
vn 99.733228 -7.299531 0.000000
vn 98.934337 -14.560117 0.000000
vn 98.934337 -14.560117 0.000000
vn 97.607588 -21.743018 0.000000
vn 97.607588 -21.743018 0.000000
vn 95.760060 -28.809910 0.000000
vn 95.760060 -28.809910 0.000000
vn 93.401611 -35.723089 0.000000
vn 93.401611 -35.723089 0.000000
vn 90.544824 -42.445670 0.000000
vn 90.544824 -42.445670 0.000000
vn 87.204941 -48.941785 0.000000
vn 87.204941 -48.941785 0.000000
vn 83.399782 -55.176774 0.000000
vn 83.399782 -55.176774 0.000000
vn 79.149649 -61.117371 0.000000
vn 79.149649 -61.117371 0.000000
vn 74.477218 -66.731881 0.000000
vn 74.477218 -66.731881 0.000000
vn 69.407420 -71.990347 0.000000
vn 69.407420 -71.990347 0.000000
vn 63.967302 -76.864714 0.000000
vn 63.967302 -76.864714 0.000000
vn 58.185892 -81.328974 0.000000
vn 58.185892 -81.328974 0.000000
vn 52.094034 -85.359309 0.000000
vn 52.094034 -85.359309 0.000000
vn 45.724232 -88.934215 0.000000
vn 45.724232 -88.934215 0.000000
vn 39.110472 -92.034618 0.000000
vn 39.110472 -92.034618 0.000000
vn 32.288040 -94.643977 0.000000
vn 32.288040 -94.643977 0.000000
vn 25.293338 -96.748370 0.000000
vn 25.293338 -96.748370 0.000000
vn 18.163685 -98.336568 0.000000
vn 18.163685 -98.336568 0.000000
vn 10.937121 -99.400098 0.000000
vn 10.937121 -99.400098 0.000000
vn 3.652202 -99.933285 0.000000
vn 3.652202 -99.933285 0.000000
vn -3.652202 -99.933285 0.000000
vn -3.652202 -99.933285 0.000000
vn -10.937121 -99.400098 0.000000
vn -10.937121 -99.400098 0.000000
vn -18.163685 -98.336568 0.000000
vn -18.163685 -98.336568 0.000000
vn -25.293338 -96.748370 0.000000
vn -25.293338 -96.748370 0.000000
vn -32.288040 -94.643977 0.000000
vn -32.288040 -94.643977 0.000000
vn -39.110472 -92.034618 0.000000
vn -39.110472 -92.034618 0.000000
vn -45.724232 -88.934215 0.000000
vn -45.724232 -88.934215 0.000000
vn -52.094034 -85.359309 0.000000
vn -52.094034 -85.359309 0.000000
vn -58.185892 -81.328974 0.000000
vn -58.185892 -81.328974 0.000000
vn -63.967302 -76.864714 0.000000
vn -63.967302 -76.864714 0.000000
vn -69.407420 -71.990347 0.000000
vn -69.407420 -71.990347 0.000000
vn -74.477218 -66.731881 0.000000
vn -74.477218 -66.731881 0.000000
vn -79.149649 -61.117371 0.000000
vn -79.149649 -61.117371 0.000000
vn -83.399782 -55.176774 0.000000
vn -83.399782 -55.176774 0.000000
vn -87.204941 -48.941785 0.000000
vn -87.204941 -48.941785 0.000000
vn -90.544824 -42.445670 0.000000
vn -90.544824 -42.445670 0.000000
vn -93.401611 -35.723089 0.000000
vn -93.401611 -35.723089 0.000000
vn -95.760060 -28.809910 0.000000
vn -95.760060 -28.809910 0.000000
vn -97.607588 -21.743018 0.000000
vn -97.607588 -21.743018 0.000000
vn -98.934337 -14.560117 0.000000
vn -98.934337 -14.560117 0.000000
vn -100.000000 -0.000000 0.000000
vn -99.733228 -7.299531 0.000000
vn -98.934337 -14.560117 0.000000
vn -97.607588 -21.743018 0.000000
vn -95.760060 -28.809910 0.000000
vn -93.401611 -35.723089 0.000000
vn -90.544824 -42.445670 0.000000
vn -87.204941 -48.941785 0.000000
vn -83.399782 -55.176774 0.000000
vn -79.149649 -61.117371 0.000000
vn -74.477218 -66.731881 0.000000
vn -69.407420 -71.990347 0.000000
vn -63.967302 -76.864714 0.000000
vn -58.185892 -81.328974 0.000000
vn -52.094034 -85.359309 0.000000
vn -45.724232 -88.934215 0.000000
vn -39.110472 -92.034618 0.000000
vn -32.288040 -94.643977 0.000000
vn -25.293338 -96.748370 0.000000
vn -18.163685 -98.336568 0.000000
vn -10.937121 -99.400098 0.000000
vn -3.652202 -99.933285 0.000000
vn 3.652202 -99.933285 0.000000
vn 10.937121 -99.400098 0.000000
vn 18.163685 -98.336568 0.000000
vn 25.293338 -96.748370 0.000000
vn 32.288040 -94.643977 0.000000
vn 39.110472 -92.034618 0.000000
vn 45.724232 -88.934215 0.000000
vn 52.094034 -85.359309 0.000000
vn 58.185892 -81.328974 0.000000
vn 63.967302 -76.864714 0.000000
vn 69.407420 -71.990347 0.000000
vn 74.477218 -66.731881 0.000000
vn 79.149649 -61.117371 0.000000
vn 83.399782 -55.176774 0.000000
vn 87.204941 -48.941785 0.000000
vn 90.544824 -42.445670 0.000000
vn 93.401611 -35.723089 0.000000
vn 95.760060 -28.809910 0.000000
vn 97.607588 -21.743018 0.000000
vn 98.934337 -14.560117 0.000000
vn 99.733228 -7.299531 0.000000
vn 100.000000 0.000000 0.000000
vn 99.733228 7.299531 0.000000
vn 98.934337 14.560117 0.000000
vn 97.607588 21.743018 0.000000
vn 95.760060 28.809910 0.000000
vn 93.401611 35.723089 0.000000
vn 90.544824 42.445670 0.000000
vn 87.204941 48.941785 0.000000
vn 83.399782 55.176774 0.000000
vn 79.149649 61.117371 0.000000
vn 74.477218 66.731881 0.000000
vn 69.407420 71.990347 0.000000
vn 63.967302 76.864714 0.000000
vn 58.185892 81.328974 0.000000
vn 52.094034 85.359309 0.000000
vn 45.724232 88.934215 0.000000
vn 39.110472 92.034618 0.000000
vn 32.288040 94.643977 0.000000
vn 25.293338 96.748370 0.000000
vn 18.163685 98.336568 0.000000
vn 10.937121 99.400098 0.000000
vn 3.652202 99.933285 0.000000
vn -3.652202 99.933285 -0.000000
vn -10.937121 99.400098 -0.000000
vn -18.163685 98.336568 -0.000000
vn -25.293338 96.748370 -0.000000
vn -32.288040 94.643977 -0.000000
vn -39.110472 92.034618 -0.000000
vn -45.724232 88.934215 -0.000000
vn -52.094034 85.359309 -0.000000
vn -58.185892 81.328974 -0.000000
vn -63.967302 76.864714 -0.000000
vn -69.407420 71.990347 -0.000000
vn -74.477218 66.731881 -0.000000
vn -79.149649 61.117371 -0.000000
vn -83.399782 55.176774 -0.000000
vn -87.204941 48.941785 -0.000000
vn -90.544824 42.445670 -0.000000
vn -93.401611 35.723089 -0.000000
vn -95.760060 28.809910 -0.000000
vn -97.607588 21.743018 -0.000000
vn -98.934337 14.560117 -0.000000
vn -99.733228 7.299531 -0.000000
vn -100.000000 -0.000000 0.000000
vn -99.733228 -7.299531 0.000000
vn -98.934337 -14.560117 0.000000
vn -97.607588 -21.743018 0.000000
vn -95.760060 -28.809910 0.000000
vn -93.401611 -35.723089 0.000000
vn -90.544824 -42.445670 0.000000
vn -87.204941 -48.941785 0.000000
vn -83.399782 -55.176774 0.000000
vn -79.149649 -61.117371 0.000000
vn -74.477218 -66.731881 0.000000
vn -69.407420 -71.990347 0.000000
vn -63.967302 -76.864714 0.000000
vn -58.185892 -81.328974 0.000000
vn -52.094034 -85.359309 0.000000
vn -45.724232 -88.934215 0.000000
vn -39.110472 -92.034618 0.000000
vn -32.288040 -94.643977 0.000000
vn -25.293338 -96.748370 0.000000
vn -18.163685 -98.336568 0.000000
vn -10.937121 -99.400098 0.000000
vn -3.652202 -99.933285 0.000000
vn 3.652202 -99.933285 0.000000
vn 10.937121 -99.400098 0.000000
vn 18.163685 -98.336568 0.000000
vn 25.293338 -96.748370 0.000000
vn 32.288040 -94.643977 0.000000
vn 39.110472 -92.034618 0.000000
vn 45.724232 -88.934215 0.000000
vn 52.094034 -85.359309 0.000000
vn 58.185892 -81.328974 0.000000
vn 63.967302 -76.864714 0.000000
vn 69.407420 -71.990347 0.000000
vn 74.477218 -66.731881 0.000000
vn 79.149649 -61.117371 0.000000
vn 83.399782 -55.176774 0.000000
vn 87.204941 -48.941785 0.000000
vn 90.544824 -42.445670 0.000000
vn 93.401611 -35.723089 0.000000
vn 95.760060 -28.809910 0.000000
vn 97.607588 -21.743018 0.000000
vn 98.934337 -14.560117 0.000000
vn 99.733228 -7.299531 0.000000
vn 100.000000 0.000000 0.000000
vn 99.733228 7.299531 0.000000
vn 98.934337 14.560117 0.000000
vn 97.607588 21.743018 0.000000
vn 95.760060 28.809910 0.000000
vn 93.401611 35.723089 0.000000
vn 90.544824 42.445670 0.000000
vn 87.204941 48.941785 0.000000
vn 83.399782 55.176774 0.000000
vn 79.149649 61.117371 0.000000
vn 74.477218 66.731881 0.000000
vn 69.407420 71.990347 0.000000
vn 63.967302 76.864714 0.000000
vn 58.185892 81.328974 0.000000
vn 52.094034 85.359309 0.000000
vn 45.724232 88.934215 0.000000
vn 39.110472 92.034618 0.000000
vn 32.288040 94.643977 0.000000
vn 25.293338 96.748370 0.000000
vn 18.163685 98.336568 0.000000
vn 10.937121 99.400098 0.000000
vn 3.652202 99.933285 0.000000
vn -3.652202 99.933285 -0.000000
vn -10.937121 99.400098 -0.000000
vn -18.163685 98.336568 -0.000000
vn -25.293338 96.748370 -0.000000
vn -32.288040 94.643977 -0.000000
vn -39.110472 92.034618 -0.000000
vn -45.724232 88.934215 -0.000000
vn -52.094034 85.359309 -0.000000
vn -58.185892 81.328974 -0.000000
vn -63.967302 76.864714 -0.000000
vn -69.407420 71.990347 -0.000000
vn -74.477218 66.731881 -0.000000
vn -79.149649 61.117371 -0.000000
vn -83.399782 55.176774 -0.000000
vn -87.204941 48.941785 -0.000000
vn -90.544824 42.445670 -0.000000
vn -93.401611 35.723089 -0.000000
vn -95.760060 28.809910 -0.000000
vn -97.607588 21.743018 -0.000000
vn -98.934337 14.560117 -0.000000
vn -99.733228 7.299531 -0.000000
vn -100.000000 -0.000000 0.000000
vn -99.733228 -7.299531 0.000000
vn -98.934337 -14.560117 0.000000
vn -97.607588 -21.743018 0.000000
vn -95.760060 -28.809910 0.000000
vn -93.401611 -35.723089 0.000000
vn -90.544824 -42.445670 0.000000
vn -87.204941 -48.941785 0.000000
vn -83.399782 -55.176774 0.000000
vn -79.149649 -61.117371 0.000000
vn -74.477218 -66.731881 0.000000
vn -69.407420 -71.990347 0.000000
vn -63.967302 -76.864714 0.000000
vn -58.185892 -81.328974 0.000000
vn -52.094034 -85.359309 0.000000
vn -45.724232 -88.934215 0.000000
vn -39.110472 -92.034618 0.000000
vn -32.288040 -94.643977 0.000000
vn -25.293338 -96.748370 0.000000
vn -18.163685 -98.336568 0.000000
vn -10.937121 -99.400098 0.000000
vn -3.652202 -99.933285 0.000000
vn 3.652202 -99.933285 0.000000
vn 10.937121 -99.400098 0.000000
vn 18.163685 -98.336568 0.000000
vn 25.293338 -96.748370 0.000000
vn 32.288040 -94.643977 0.000000
vn 39.110472 -92.034618 0.000000
vn 45.724232 -88.934215 0.000000
vn 52.094034 -85.359309 0.000000
vn 58.185892 -81.328974 0.000000
vn 63.967302 -76.864714 0.000000
vn 69.407420 -71.990347 0.000000
vn 74.477218 -66.731881 0.000000
vn 79.149649 -61.117371 0.000000
vn 83.399782 -55.176774 0.000000
vn 87.204941 -48.941785 0.000000
vn 90.544824 -42.445670 0.000000
vn 93.401611 -35.723089 0.000000
vn 95.760060 -28.809910 0.000000
vn 97.607588 -21.743018 0.000000
vn 98.934337 -14.560117 0.000000
vn 99.733228 -7.299531 0.000000
vn 100.000000 0.000000 0.000000
vn 99.733228 7.299531 0.000000
vn 98.934337 14.560117 0.000000
vn 97.607588 21.743018 0.000000
vn 95.760060 28.809910 0.000000
vn 93.401611 35.723089 0.000000
vn 90.544824 42.445670 0.000000
vn 87.204941 48.941785 0.000000
vn 83.399782 55.176774 0.000000
vn 79.149649 61.117371 0.000000
vn 74.477218 66.731881 0.000000
vn 69.407420 71.990347 0.000000
vn 63.967302 76.864714 0.000000
vn 58.185892 81.328974 0.000000
vn 52.094034 85.359309 0.000000
vn 45.724232 88.934215 0.000000
vn 39.110472 92.034618 0.000000
vn 32.288040 94.643977 0.000000
vn 25.293338 96.748370 0.000000
vn 18.163685 98.336568 0.000000
vn 10.937121 99.400098 0.000000
vn 3.652202 99.933285 0.000000
vn -3.652202 99.933285 -0.000000
vn -10.937121 99.400098 -0.000000
vn -18.163685 98.336568 -0.000000
vn -25.293338 96.748370 -0.000000
vn -32.288040 94.643977 -0.000000
vn -39.110472 92.034618 -0.000000
vn -45.724232 88.934215 -0.000000
vn -52.094034 85.359309 -0.000000
vn -58.185892 81.328974 -0.000000
vn -63.967302 76.864714 -0.000000
vn -69.407420 71.990347 -0.000000
vn -74.477218 66.731881 -0.000000
vn -79.149649 61.117371 -0.000000
vn -83.399782 55.176774 -0.000000
vn -87.204941 48.941785 -0.000000
vn -90.544824 42.445670 -0.000000
vn -93.401611 35.723089 -0.000000
vn -95.760060 28.809910 -0.000000
vn -97.607588 21.743018 -0.000000
vn -98.934337 14.560117 -0.000000
vn -99.733228 7.299531 -0.000000
vn -100.000000 -0.000000 0.000000
vn -99.733228 -7.299531 0.000000
vn -98.934337 -14.560117 0.000000
vn -97.607588 -21.743018 0.000000
vn -95.760060 -28.809910 0.000000
vn -93.401611 -35.723089 0.000000
vn -90.544824 -42.445670 0.000000
vn -87.204941 -48.941785 0.000000
vn -83.399782 -55.176774 0.000000
vn -79.149649 -61.117371 0.000000
vn -74.477218 -66.731881 0.000000
vn -69.407420 -71.990347 0.000000
vn -63.967302 -76.864714 0.000000
vn -58.185892 -81.328974 0.000000
vn -52.094034 -85.359309 0.000000
vn -45.724232 -88.934215 0.000000
vn -39.110472 -92.034618 0.000000
vn -32.288040 -94.643977 0.000000
vn -25.293338 -96.748370 0.000000
vn -18.163685 -98.336568 0.000000
vn -10.937121 -99.400098 0.000000
vn -3.652202 -99.933285 0.000000
vn 3.652202 -99.933285 0.000000
vn 10.937121 -99.400098 0.000000
vn 18.163685 -98.336568 0.000000
vn 25.293338 -96.748370 0.000000
vn 32.288040 -94.643977 0.000000
vn 39.110472 -92.034618 0.000000
vn 45.724232 -88.934215 0.000000
vn 52.094034 -85.359309 0.000000
vn 58.185892 -81.328974 0.000000
vn 63.967302 -76.864714 0.000000
vn 69.407420 -71.990347 0.000000
vn 74.477218 -66.731881 0.000000
vn 79.149649 -61.117371 0.000000
vn 83.399782 -55.176774 0.000000
vn 87.204941 -48.941785 0.000000
vn 90.544824 -42.445670 0.000000
vn 93.401611 -35.723089 0.000000
vn 95.760060 -28.809910 0.000000
vn 97.607588 -21.743018 0.000000
vn 98.934337 -14.560117 0.000000
vn 99.733228 -7.299531 0.000000
vn 100.000000 0.000000 0.000000
vn 99.733228 7.299531 0.000000
vn 98.934337 14.560117 0.000000
vn 97.607588 21.743018 0.000000
vn 95.760060 28.809910 0.000000
vn 93.401611 35.723089 0.000000
vn 90.544824 42.445670 0.000000
vn 87.204941 48.941785 0.000000
vn 83.399782 55.176774 0.000000
vn 79.149649 61.117371 0.000000
vn 74.477218 66.731881 0.000000
vn 69.407420 71.990347 0.000000
vn 63.967302 76.864714 0.000000
vn 58.185892 81.328974 0.000000
vn 52.094034 85.359309 0.000000
vn 45.724232 88.934215 0.000000
vn 39.110472 92.034618 0.000000
vn 32.288040 94.643977 0.000000
vn 25.293338 96.748370 0.000000
vn 18.163685 98.336568 0.000000
vn 10.937121 99.400098 0.000000
vn 3.652202 99.933285 0.000000
vn -3.652202 99.933285 -0.000000
vn -10.937121 99.400098 -0.000000
vn -18.163685 98.336568 -0.000000
vn -25.293338 96.748370 -0.000000
vn -32.288040 94.643977 -0.000000
vn -39.110472 92.034618 -0.000000
vn -45.724232 88.934215 -0.000000
vn -52.094034 85.359309 -0.000000
vn -58.185892 81.328974 -0.000000
vn -63.967302 76.864714 -0.000000
vn -69.407420 71.990347 -0.000000
vn -74.477218 66.731881 -0.000000
vn -79.149649 61.117371 -0.000000
vn -83.399782 55.176774 -0.000000
vn -87.204941 48.941785 -0.000000
vn -90.544824 42.445670 -0.000000
vn -93.401611 35.723089 -0.000000
vn -95.760060 28.809910 -0.000000
vn -97.607588 21.743018 -0.000000
vn -98.934337 14.560117 -0.000000
vn -99.733228 7.299531 -0.000000
vn -100.000000 -0.000000 0.000000
vn -99.733228 -7.299531 0.000000
vn -98.934337 -14.560117 0.000000
vn -97.607588 -21.743018 0.000000
vn -95.760060 -28.809910 0.000000
vn -93.401611 -35.723089 0.000000
vn -90.544824 -42.445670 0.000000
vn -87.204941 -48.941785 0.000000
vn -83.399782 -55.176774 0.000000
vn -79.149649 -61.117371 0.000000
vn -74.477218 -66.731881 0.000000
vn -69.407420 -71.990347 0.000000
vn -63.967302 -76.864714 0.000000
vn -58.185892 -81.328974 0.000000
vn -52.094034 -85.359309 0.000000
vn -45.724232 -88.934215 0.000000
vn -39.110472 -92.034618 0.000000
vn -32.288040 -94.643977 0.000000
vn -25.293338 -96.748370 0.000000
vn -18.163685 -98.336568 0.000000
vn -10.937121 -99.400098 0.000000
vn -3.652202 -99.933285 0.000000
vn 3.652202 -99.933285 0.000000
vn 10.937121 -99.400098 0.000000
vn 18.163685 -98.336568 0.000000
vn 25.293338 -96.748370 0.000000
vn 32.288040 -94.643977 0.000000
vn 39.110472 -92.034618 0.000000
vn 45.724232 -88.934215 0.000000
vn 52.094034 -85.359309 0.000000
vn 58.185892 -81.328974 0.000000
vn 63.967302 -76.864714 0.000000
vn 69.407420 -71.990347 0.000000
vn 74.477218 -66.731881 0.000000
vn 79.149649 -61.117371 0.000000
vn 83.399782 -55.176774 0.000000
vn 87.204941 -48.941785 0.000000
vn 90.544824 -42.445670 0.000000
vn 93.401611 -35.723089 0.000000
vn 95.760060 -28.809910 0.000000
vn 97.607588 -21.743018 0.000000
vn 98.934337 -14.560117 0.000000
vn 99.733228 -7.299531 0.000000
vn 100.000000 0.000000 0.000000
vn 99.733228 7.299531 0.000000
vn 98.934337 14.560117 0.000000
vn 97.607588 21.743018 0.000000
vn 95.760060 28.809910 0.000000
vn 93.401611 35.723089 0.000000
vn 90.544824 42.445670 0.000000
vn 87.204941 48.941785 0.000000
vn 83.399782 55.176774 0.000000
vn 79.149649 61.117371 0.000000
vn 74.477218 66.731881 0.000000
vn 69.407420 71.990347 0.000000
vn 63.967302 76.864714 0.000000
vn 58.185892 81.328974 0.000000
vn 52.094034 85.359309 0.000000
vn 45.724232 88.934215 0.000000
vn 39.110472 92.034618 0.000000
vn 32.288040 94.643977 0.000000
vn 25.293338 96.748370 0.000000
vn 18.163685 98.336568 0.000000
vn 10.937121 99.400098 0.000000
vn 3.652202 99.933285 0.000000
vn -3.652202 99.933285 -0.000000
vn -10.937121 99.400098 -0.000000
vn -18.163685 98.336568 -0.000000
vn -25.293338 96.748370 -0.000000
vn -32.288040 94.643977 -0.000000
vn -39.110472 92.034618 -0.000000
vn -45.724232 88.934215 -0.000000
vn -52.094034 85.359309 -0.000000
vn -58.185892 81.328974 -0.000000
vn -63.967302 76.864714 -0.000000
vn -69.407420 71.990347 -0.000000
vn -74.477218 66.731881 -0.000000
vn -79.149649 61.117371 -0.000000
vn -83.399782 55.176774 -0.000000
vn -87.204941 48.941785 -0.000000
vn -90.544824 42.445670 -0.000000
vn -93.401611 35.723089 -0.000000
vn -95.760060 28.809910 -0.000000
vn -97.607588 21.743018 -0.000000
vn -98.934337 14.560117 -0.000000
vn -99.733228 7.299531 -0.000000
vn -100.000000 -0.000000 0.000000
vn -99.733228 -7.299531 0.000000
vn -98.934337 -14.560117 0.000000
vn -97.607588 -21.743018 0.000000
vn -95.760060 -28.809910 0.000000
vn -93.401611 -35.723089 0.000000
vn -90.544824 -42.445670 0.000000
vn -87.204941 -48.941785 0.000000
vn -83.399782 -55.176774 0.000000
vn -79.149649 -61.117371 0.000000
vn -74.477218 -66.731881 0.000000
vn -69.407420 -71.990347 0.000000
vn -63.967302 -76.864714 0.000000
vn -58.185892 -81.328974 0.000000
vn -52.094034 -85.359309 0.000000
vn -45.724232 -88.934215 0.000000
vn -39.110472 -92.034618 0.000000
vn -32.288040 -94.643977 0.000000
vn -25.293338 -96.748370 0.000000
vn -18.163685 -98.336568 0.000000
vn -10.937121 -99.400098 0.000000
vn -3.652202 -99.933285 0.000000
vn 3.652202 -99.933285 0.000000
vn 10.937121 -99.400098 0.000000
vn 18.163685 -98.336568 0.000000
vn 25.293338 -96.748370 0.000000
vn 32.288040 -94.643977 0.000000
vn 39.110472 -92.034618 0.000000
vn 45.724232 -88.934215 0.000000
vn 52.094034 -85.359309 0.000000
vn 58.185892 -81.328974 0.000000
vn 63.967302 -76.864714 0.000000
vn 69.407420 -71.990347 0.000000
vn 74.477218 -66.731881 0.000000
vn 79.149649 -61.117371 0.000000
vn 83.399782 -55.176774 0.000000
vn 87.204941 -48.941785 0.000000
vn 90.544824 -42.445670 0.000000
vn 93.401611 -35.723089 0.000000
vn 95.760060 -28.809910 0.000000
vn 97.607588 -21.743018 0.000000
vn 98.934337 -14.560117 0.000000
vn 99.733228 -7.299531 0.000000
vn 100.000000 0.000000 0.000000
vn 99.733228 7.299531 0.000000
vn 98.934337 14.560117 0.000000
vn 97.607588 21.743018 0.000000
vn 95.760060 28.809910 0.000000
vn 93.401611 35.723089 0.000000
vn 90.544824 42.445670 0.000000
vn 87.204941 48.941785 0.000000
vn 83.399782 55.176774 0.000000
vn 79.149649 61.117371 0.000000
vn 74.477218 66.731881 0.000000
vn 69.407420 71.990347 0.000000
vn 63.967302 76.864714 0.000000
vn 58.185892 81.328974 0.000000
vn 52.094034 85.359309 0.000000
vn 45.724232 88.934215 0.000000
vn 39.110472 92.034618 0.000000
vn 32.288040 94.643977 0.000000
vn 25.293338 96.748370 0.000000
vn 18.163685 98.336568 0.000000
vn 10.937121 99.400098 0.000000
vn 3.652202 99.933285 0.000000
vn -3.652202 99.933285 -0.000000
vn -10.937121 99.400098 -0.000000
vn -18.163685 98.336568 -0.000000
vn -25.293338 96.748370 -0.000000
vn -32.288040 94.643977 -0.000000
vn -39.110472 92.034618 -0.000000
vn -45.724232 88.934215 -0.000000
vn -52.094034 85.359309 -0.000000
vn -58.185892 81.328974 -0.000000
vn -63.967302 76.864714 -0.000000
vn -69.407420 71.990347 -0.000000
vn -74.477218 66.731881 -0.000000
vn -79.149649 61.117371 -0.000000
vn -83.399782 55.176774 -0.000000
vn -87.204941 48.941785 -0.000000
vn -90.544824 42.445670 -0.000000
vn -93.401611 35.723089 -0.000000
vn -95.760060 28.809910 -0.000000
vn -97.607588 21.743018 -0.000000
vn -98.934337 14.560117 -0.000000
vn -99.733228 7.299531 -0.000000
vn 0.000000 0.000000 100.000000
vn 0.000000 0.000000 100.000000
vn 0.000000 0.000000 100.000000
vn 0.000000 0.000000 100.000000
vn 0.000000 0.000000 100.000000
vn 0.000000 0.000000 100.000000
vn 0.000000 0.000000 100.000000
vn 0.000000 0.000000 100.000000
vn 0.000000 0.000000 100.000000
vn 0.000000 0.000000 100.000000
vn 0.000000 0.000000 100.000000
vn 0.000000 0.000000 100.000000
vn 0.000000 0.000000 100.000000
vn 0.000000 0.000000 100.000000
vn 0.000000 0.000000 100.000000
vn 0.000000 0.000000 100.000000
vn 0.000000 0.000000 100.000000
vn 0.000000 0.000000 100.000000
vn 0.000000 0.000000 100.000000
vn 0.000000 0.000000 100.000000
vn 0.000000 0.000000 100.000000
vn 0.000000 0.000000 100.000000
vn 0.000000 0.000000 100.000000
vn 0.000000 0.000000 100.000000
vn 0.000000 0.000000 100.000000
vn 0.000000 0.000000 100.000000
vn 0.000000 0.000000 100.000000
vn 0.000000 0.000000 100.000000
vn 0.000000 0.000000 100.000000
vn 0.000000 0.000000 100.000000
vn 0.000000 0.000000 100.000000
vn 0.000000 0.000000 100.000000
vn 0.000000 0.000000 100.000000
vn 0.000000 0.000000 100.000000
vn 0.000000 0.000000 100.000000
vn 0.000000 0.000000 100.000000
vn 0.000000 0.000000 100.000000
vn 0.000000 0.000000 100.000000
vn 0.000000 0.000000 100.000000
vn 0.000000 0.000000 100.000000
vn 0.000000 0.000000 100.000000
vn 0.000000 0.000000 100.000000
vn 0.000000 0.000000 100.000000
vn 0.000000 0.000000 100.000000
vn 0.000000 0.000000 100.000000
vn 0.000000 0.000000 100.000000
vn 0.000000 0.000000 100.000000
vn 0.000000 0.000000 100.000000
vn 0.000000 0.000000 100.000000
vn 0.000000 0.000000 100.000000
vn 0.000000 0.000000 100.000000
vn 0.000000 0.000000 100.000000
vn 0.000000 0.000000 100.000000
vn 0.000000 0.000000 100.000000
vn 0.000000 0.000000 100.000000
vn 0.000000 0.000000 100.000000
vn 0.000000 0.000000 100.000000
vn 0.000000 0.000000 100.000000
vn 0.000000 0.000000 100.000000
vn 0.000000 0.000000 100.000000
vn 0.000000 0.000000 100.000000
vn 0.000000 0.000000 100.000000
vn 0.000000 0.000000 100.000000
vn 0.000000 0.000000 100.000000
vn 0.000000 0.000000 100.000000
vn 0.000000 0.000000 100.000000
vn 0.000000 0.000000 100.000000
vn 0.000000 0.000000 100.000000
vn 0.000000 0.000000 100.000000
vn 0.000000 0.000000 100.000000
vn 0.000000 0.000000 100.000000
vn 0.000000 0.000000 100.000000
vn 0.000000 0.000000 100.000000
vn 0.000000 0.000000 100.000000
vn 0.000000 0.000000 100.000000
vn 0.000000 0.000000 100.000000
vn 0.000000 0.000000 100.000000
vn 0.000000 0.000000 100.000000
vn 0.000000 0.000000 100.000000
vn 0.000000 0.000000 100.000000
vn 0.000000 0.000000 100.000000
vn 0.000000 0.000000 100.000000
vn 0.000000 0.000000 100.000000
vn 0.000000 0.000000 100.000000
vn 0.000000 0.000000 100.000000
vn 0.000000 0.000000 100.000000
vn 0.000000 0.000000 -100.000000
vn 0.000000 0.000000 -100.000000
vn 0.000000 0.000000 -100.000000
vn 0.000000 0.000000 -100.000000
vn 0.000000 0.000000 -100.000000
vn 0.000000 0.000000 -100.000000
vn 0.000000 0.000000 -100.000000
vn 0.000000 0.000000 -100.000000
vn 0.000000 0.000000 -100.000000
vn 0.000000 0.000000 -100.000000
vn 0.000000 0.000000 -100.000000
vn 0.000000 0.000000 -100.000000
vn 0.000000 0.000000 -100.000000
vn 0.000000 0.000000 -100.000000
vn 0.000000 0.000000 -100.000000
vn 0.000000 0.000000 -100.000000
vn 0.000000 0.000000 -100.000000
vn 0.000000 0.000000 -100.000000
vn 0.000000 0.000000 -100.000000
vn 0.000000 0.000000 -100.000000
vn 0.000000 0.000000 -100.000000
vn 0.000000 0.000000 -100.000000
vn 0.000000 0.000000 -100.000000
vn 0.000000 0.000000 -100.000000
vn 0.000000 0.000000 -100.000000
vn 0.000000 0.000000 -100.000000
vn 0.000000 0.000000 -100.000000
vn 0.000000 0.000000 -100.000000
vn 0.000000 0.000000 -100.000000
vn 0.000000 0.000000 -100.000000
vn 0.000000 0.000000 -100.000000
vn 0.000000 0.000000 -100.000000
vn 0.000000 0.000000 -100.000000
vn 0.000000 0.000000 -100.000000
vn 0.000000 0.000000 -100.000000
vn 0.000000 0.000000 -100.000000
vn 0.000000 0.000000 -100.000000
vn 0.000000 0.000000 -100.000000
vn 0.000000 0.000000 -100.000000
vn 0.000000 0.000000 -100.000000
vn 0.000000 0.000000 -100.000000
vn 0.000000 0.000000 -100.000000
vn 0.000000 0.000000 -100.000000
vn 0.000000 0.000000 -100.000000
vn 0.000000 0.000000 -100.000000
vn 0.000000 0.000000 -100.000000
vn 0.000000 0.000000 -100.000000
vn 0.000000 0.000000 -100.000000
vn 0.000000 0.000000 -100.000000
vn 0.000000 0.000000 -100.000000
vn 0.000000 0.000000 -100.000000
vn 0.000000 0.000000 -100.000000
vn 0.000000 0.000000 -100.000000
vn 0.000000 0.000000 -100.000000
vn 0.000000 0.000000 -100.000000
vn 0.000000 0.000000 -100.000000
vn 0.000000 0.000000 -100.000000
vn 0.000000 0.000000 -100.000000
vn 0.000000 0.000000 -100.000000
vn 0.000000 0.000000 -100.000000
vn 0.000000 0.000000 -100.000000
vn 0.000000 0.000000 -100.000000
vn 0.000000 0.000000 -100.000000
vn 0.000000 0.000000 -100.000000
vn 0.000000 0.000000 -100.000000
vn 0.000000 0.000000 -100.000000
vn 0.000000 0.000000 -100.000000
vn 0.000000 0.000000 -100.000000
vn 0.000000 0.000000 -100.000000
vn 0.000000 0.000000 -100.000000
vn 0.000000 0.000000 -100.000000
vn 0.000000 0.000000 -100.000000
vn 0.000000 0.000000 -100.000000
vn 0.000000 0.000000 -100.000000
vn 0.000000 0.000000 -100.000000
vn 0.000000 0.000000 -100.000000
vn 0.000000 0.000000 -100.000000
vn 0.000000 0.000000 -100.000000
vn 0.000000 0.000000 -100.000000
vn 0.000000 0.000000 -100.000000
vn 0.000000 0.000000 -100.000000
vn 0.000000 0.000000 -100.000000
vn 0.000000 0.000000 -100.000000
vn 0.000000 0.000000 -100.000000
vn 0.000000 0.000000 -100.000000
vn 0.000000 0.000000 -100.000000
usemtl Steel_-_Satin
f 2/1/1 181/2/2 1/3/3
f 1/3/3 181/2/2 173/4/4
f 1/5/3 173/6/4 86/7/5
f 86/7/5 173/6/4 853/8/6
f 86/7/5 853/8/6 85/9/7
f 85/9/7 853/8/6 845/10/8
f 85/9/7 845/10/8 84/11/9
f 84/11/9 845/10/8 837/12/10
f 84/11/9 837/12/10 83/13/11
f 83/13/11 837/12/10 829/14/12
f 83/13/11 829/14/12 82/15/13
f 82/15/13 829/14/12 821/16/14
f 82/15/13 821/16/14 81/17/15
f 81/17/15 821/16/14 813/18/16
f 81/17/15 813/18/16 80/19/17
f 80/19/17 813/18/16 805/20/18
f 80/19/17 805/20/18 79/21/19
f 79/21/19 805/20/18 797/22/20
f 79/21/19 797/22/20 78/23/21
f 78/23/21 797/22/20 789/24/22
f 78/23/21 789/24/22 77/25/23
f 77/25/23 789/24/22 781/26/24
f 77/25/23 781/26/24 76/27/25
f 76/27/25 781/26/24 773/28/26
f 76/27/25 773/28/26 75/29/27
f 75/29/27 773/28/26 765/30/28
f 75/29/27 765/30/28 74/31/29
f 74/31/29 765/30/28 757/32/30
f 74/31/29 757/32/30 73/33/31
f 73/33/31 757/32/30 749/34/32
f 73/33/31 749/34/32 72/35/33
f 72/35/33 749/34/32 741/36/34
f 72/35/33 741/36/34 71/37/35
f 71/37/35 741/36/34 733/38/36
f 71/37/35 733/38/36 70/39/37
f 70/39/37 733/38/36 725/40/38
f 70/39/37 725/40/38 69/41/39
f 69/41/39 725/40/38 717/42/40
f 69/41/39 717/42/40 68/43/41
f 68/43/41 717/42/40 709/44/42
f 68/43/41 709/44/42 67/45/43
f 67/45/43 709/44/42 701/46/44
f 67/45/43 701/46/44 66/47/45
f 66/47/45 701/46/44 693/48/46
f 66/47/45 693/48/46 65/49/47
f 65/49/47 693/48/46 685/50/48
f 65/49/47 685/50/48 64/51/49
f 64/51/49 685/50/48 677/52/50
f 64/51/49 677/52/50 63/53/51
f 63/53/51 677/52/50 669/54/52
f 63/53/51 669/54/52 62/55/53
f 62/55/53 669/54/52 661/56/54
f 62/55/53 661/56/54 61/57/55
f 61/57/55 661/56/54 653/58/56
f 61/57/55 653/58/56 60/59/57
f 60/59/57 653/58/56 645/60/58
f 60/59/57 645/60/58 59/61/59
f 59/61/59 645/60/58 637/62/60
f 59/61/59 637/62/60 58/63/61
f 58/63/61 637/62/60 629/64/62
f 58/63/61 629/64/62 57/65/63
f 57/65/63 629/64/62 621/66/64
f 57/65/63 621/66/64 56/67/65
f 56/67/65 621/66/64 613/68/66
f 56/67/65 613/68/66 55/69/67
f 55/69/67 613/68/66 605/70/68
f 55/69/67 605/70/68 54/71/69
f 54/71/69 605/70/68 597/72/70
f 54/71/69 597/72/70 53/73/71
f 53/73/71 597/72/70 589/74/72
f 53/73/71 589/74/72 52/75/73
f 52/75/73 589/74/72 581/76/74
f 52/75/73 581/76/74 51/77/75
f 51/77/75 581/76/74 573/78/76
f 51/77/75 573/78/76 50/79/77
f 50/79/77 573/78/76 565/80/78
f 50/79/77 565/80/78 49/81/79
f 49/81/79 565/80/78 557/82/80
f 49/81/79 557/82/80 48/83/81
f 48/83/81 557/82/80 549/84/82
f 48/83/81 549/84/82 47/85/83
f 47/85/83 549/84/82 541/86/84
f 47/85/83 541/86/84 46/87/85
f 46/87/85 541/86/84 533/88/86
f 46/87/85 533/88/86 45/89/87
f 45/89/87 533/88/86 525/90/88
f 45/89/87 525/90/88 44/91/89
f 44/91/89 525/90/88 517/92/90
f 44/91/89 517/92/90 43/93/91
f 43/93/91 517/92/90 509/94/92
f 43/93/91 509/94/92 42/95/93
f 42/95/93 509/94/92 501/96/94
f 42/95/93 501/96/94 41/97/95
f 41/97/95 501/96/94 493/98/96
f 41/97/95 493/98/96 40/99/97
f 40/99/97 493/98/96 485/100/98
f 40/99/97 485/100/98 39/101/99
f 39/101/99 485/100/98 477/102/100
f 39/101/99 477/102/100 38/103/101
f 38/103/101 477/102/100 469/104/102
f 38/103/101 469/104/102 37/105/103
f 37/105/103 469/104/102 461/106/104
f 37/105/103 461/106/104 36/107/105
f 36/107/105 461/106/104 453/108/106
f 36/107/105 453/108/106 35/109/107
f 35/109/107 453/108/106 445/110/108
f 35/109/107 445/110/108 34/111/109
f 34/111/109 445/110/108 437/112/110
f 34/111/109 437/112/110 33/113/111
f 33/113/111 437/112/110 429/114/112
f 33/113/111 429/114/112 32/115/113
f 32/115/113 429/114/112 421/116/114
f 32/115/113 421/116/114 31/117/115
f 31/117/115 421/116/114 413/118/116
f 31/117/115 413/118/116 30/119/117
f 30/119/117 413/118/116 405/120/118
f 30/119/117 405/120/118 29/121/119
f 29/121/119 405/120/118 397/122/120
f 29/121/119 397/122/120 28/123/121
f 28/123/121 397/122/120 389/124/122
f 28/123/121 389/124/122 27/125/123
f 27/125/123 389/124/122 381/126/124
f 27/125/123 381/126/124 26/127/125
f 26/127/125 381/126/124 373/128/126
f 26/127/125 373/128/126 25/129/127
f 25/129/127 373/128/126 365/130/128
f 25/129/127 365/130/128 24/131/129
f 24/131/129 365/130/128 357/132/130
f 24/131/129 357/132/130 23/133/131
f 23/133/131 357/132/130 349/134/132
f 23/133/131 349/134/132 22/135/133
f 22/135/133 349/134/132 341/136/134
f 22/135/133 341/136/134 21/137/135
f 21/137/135 341/136/134 333/138/136
f 21/137/135 333/138/136 20/139/137
f 20/139/137 333/138/136 325/140/138
f 20/139/137 325/140/138 19/141/139
f 19/141/139 325/140/138 317/142/140
f 19/141/139 317/142/140 18/143/141
f 18/143/141 317/142/140 309/144/142
f 18/143/141 309/144/142 17/145/143
f 17/145/143 309/144/142 301/146/144
f 17/145/143 301/146/144 16/147/145
f 16/147/145 301/146/144 293/148/146
f 16/147/145 293/148/146 15/149/147
f 15/149/147 293/148/146 285/150/148
f 15/149/147 285/150/148 14/151/149
f 14/151/149 285/150/148 277/152/150
f 14/151/149 277/152/150 13/153/151
f 13/153/151 277/152/150 269/154/152
f 13/153/151 269/154/152 12/155/153
f 12/155/153 269/154/152 261/156/154
f 12/155/153 261/156/154 11/157/155
f 11/157/155 261/156/154 253/158/156
f 11/157/155 253/158/156 10/159/157
f 10/159/157 253/158/156 245/160/158
f 10/159/157 245/160/158 9/161/159
f 9/161/159 245/160/158 237/162/160
f 9/161/159 237/162/160 8/163/161
f 8/163/161 237/162/160 229/164/162
f 8/163/161 229/164/162 7/165/163
f 7/165/163 229/164/162 221/166/164
f 7/165/163 221/166/164 6/167/165
f 6/167/165 221/166/164 213/168/166
f 6/167/165 213/168/166 5/169/167
f 5/169/167 213/168/166 205/170/168
f 5/169/167 205/170/168 4/171/169
f 4/171/169 205/170/168 197/172/170
f 4/171/169 197/172/170 3/173/171
f 3/173/171 197/172/170 189/174/172
f 3/173/171 189/174/172 2/1/1
f 2/1/1 189/174/172 181/2/2
f 88/175/173 860/176/174 87/177/175
f 87/177/175 860/176/174 180/178/176
f 87/179/175 180/180/176 172/181/177
f 172/181/177 180/180/176 188/182/178
f 172/181/177 188/182/178 171/183/179
f 171/183/179 188/182/178 196/184/180
f 171/183/179 196/184/180 170/185/181
f 170/185/181 196/184/180 204/186/182
f 170/185/181 204/186/182 169/187/183
f 169/187/183 204/186/182 212/188/184
f 169/187/183 212/188/184 168/189/185
f 168/189/185 212/188/184 220/190/186
f 168/189/185 220/190/186 167/191/187
f 167/191/187 220/190/186 228/192/188
f 167/191/187 228/192/188 166/193/189
f 166/193/189 228/192/188 236/194/190
f 166/193/189 236/194/190 165/195/191
f 165/195/191 236/194/190 244/196/192
f 165/195/191 244/196/192 164/197/193
f 164/197/193 244/196/192 252/198/194
f 164/197/193 252/198/194 163/199/195
f 163/199/195 252/198/194 260/200/196
f 163/199/195 260/200/196 162/201/197
f 162/201/197 260/200/196 268/202/198
f 162/201/197 268/202/198 161/203/199
f 161/203/199 268/202/198 276/204/200
f 161/203/199 276/204/200 160/205/201
f 160/205/201 276/204/200 284/206/202
f 160/205/201 284/206/202 159/207/203
f 159/207/203 284/206/202 292/208/204
f 159/207/203 292/208/204 158/209/205
f 158/209/205 292/208/204 300/210/206
f 158/209/205 300/210/206 157/211/207
f 157/211/207 300/210/206 308/212/208
f 157/211/207 308/212/208 156/213/209
f 156/213/209 308/212/208 316/214/210
f 156/213/209 316/214/210 155/215/211
f 155/215/211 316/214/210 324/216/212
f 155/215/211 324/216/212 154/217/213
f 154/217/213 324/216/212 332/218/214
f 154/217/213 332/218/214 153/219/215
f 153/219/215 332/218/214 340/220/216
f 153/219/215 340/220/216 152/221/217
f 152/221/217 340/220/216 348/222/218
f 152/221/217 348/222/218 151/223/219
f 151/223/219 348/222/218 356/224/220
f 151/223/219 356/224/220 150/225/221
f 150/225/221 356/224/220 364/226/222
f 150/225/221 364/226/222 149/227/223
f 149/227/223 364/226/222 372/228/224
f 149/227/223 372/228/224 148/229/225
f 148/229/225 372/228/224 380/230/226
f 148/229/225 380/230/226 147/231/227
f 147/231/227 380/230/226 388/232/228
f 147/231/227 388/232/228 146/233/229
f 146/233/229 388/232/228 396/234/230
f 146/233/229 396/234/230 145/235/231
f 145/235/231 396/234/230 404/236/232
f 145/235/231 404/236/232 144/237/233
f 144/237/233 404/236/232 412/238/234
f 144/237/233 412/238/234 143/239/235
f 143/239/235 412/238/234 420/240/236
f 143/239/235 420/240/236 142/241/237
f 142/241/237 420/240/236 428/242/238
f 142/241/237 428/242/238 141/243/239
f 141/243/239 428/242/238 436/244/240
f 141/243/239 436/244/240 140/245/241
f 140/245/241 436/244/240 444/246/242
f 140/245/241 444/246/242 139/247/243
f 139/247/243 444/246/242 452/248/244
f 139/247/243 452/248/244 138/249/245
f 138/249/245 452/248/244 460/250/246
f 138/249/245 460/250/246 137/251/247
f 137/251/247 460/250/246 468/252/248
f 137/251/247 468/252/248 136/253/249
f 136/253/249 468/252/248 476/254/250
f 136/253/249 476/254/250 135/255/251
f 135/255/251 476/254/250 484/256/252
f 135/255/251 484/256/252 134/257/253
f 134/257/253 484/256/252 492/258/254
f 134/257/253 492/258/254 133/259/255
f 133/259/255 492/258/254 500/260/256
f 133/259/255 500/260/256 132/261/257
f 132/261/257 500/260/256 508/262/258
f 132/261/257 508/262/258 131/263/259
f 131/263/259 508/262/258 516/264/260
f 131/263/259 516/264/260 130/265/261
f 130/265/261 516/264/260 524/266/262
f 130/265/261 524/266/262 129/267/263
f 129/267/263 524/266/262 532/268/264
f 129/267/263 532/268/264 128/269/265
f 128/269/265 532/268/264 540/270/266
f 128/269/265 540/270/266 127/271/267
f 127/271/267 540/270/266 548/272/268
f 127/271/267 548/272/268 126/273/269
f 126/273/269 548/272/268 556/274/270
f 126/273/269 556/274/270 125/275/271
f 125/275/271 556/274/270 564/276/272
f 125/275/271 564/276/272 124/277/273
f 124/277/273 564/276/272 572/278/274
f 124/277/273 572/278/274 123/279/275
f 123/279/275 572/278/274 580/280/276
f 123/279/275 580/280/276 122/281/277
f 122/281/277 580/280/276 588/282/278
f 122/281/277 588/282/278 121/283/279
f 121/283/279 588/282/278 596/284/280
f 121/283/279 596/284/280 120/285/281
f 120/285/281 596/284/280 604/286/282
f 120/285/281 604/286/282 119/287/283
f 119/287/283 604/286/282 612/288/284
f 119/287/283 612/288/284 118/289/285
f 118/289/285 612/288/284 620/290/286
f 118/289/285 620/290/286 117/291/287
f 117/291/287 620/290/286 628/292/288
f 117/291/287 628/292/288 116/293/289
f 116/293/289 628/292/288 636/294/290
f 116/293/289 636/294/290 115/295/291
f 115/295/291 636/294/290 644/296/292
f 115/295/291 644/296/292 114/297/293
f 114/297/293 644/296/292 652/298/294
f 114/297/293 652/298/294 113/299/295
f 113/299/295 652/298/294 660/300/296
f 113/299/295 660/300/296 112/301/297
f 112/301/297 660/300/296 668/302/298
f 112/301/297 668/302/298 111/303/299
f 111/303/299 668/302/298 676/304/300
f 111/303/299 676/304/300 110/305/301
f 110/305/301 676/304/300 684/306/302
f 110/305/301 684/306/302 109/307/303
f 109/307/303 684/306/302 692/308/304
f 109/307/303 692/308/304 108/309/305
f 108/309/305 692/308/304 700/310/306
f 108/309/305 700/310/306 107/311/307
f 107/311/307 700/310/306 708/312/308
f 107/311/307 708/312/308 106/313/309
f 106/313/309 708/312/308 716/314/310
f 106/313/309 716/314/310 105/315/311
f 105/315/311 716/314/310 724/316/312
f 105/315/311 724/316/312 104/317/313
f 104/317/313 724/316/312 732/318/314
f 104/317/313 732/318/314 103/319/315
f 103/319/315 732/318/314 740/320/316
f 103/319/315 740/320/316 102/321/317
f 102/321/317 740/320/316 748/322/318
f 102/321/317 748/322/318 101/323/319
f 101/323/319 748/322/318 756/324/320
f 101/323/319 756/324/320 100/325/321
f 100/325/321 756/324/320 764/326/322
f 100/325/321 764/326/322 99/327/323
f 99/327/323 764/326/322 772/328/324
f 99/327/323 772/328/324 98/329/325
f 98/329/325 772/328/324 780/330/326
f 98/329/325 780/330/326 97/331/327
f 97/331/327 780/330/326 788/332/328
f 97/331/327 788/332/328 96/333/329
f 96/333/329 788/332/328 796/334/330
f 96/333/329 796/334/330 95/335/331
f 95/335/331 796/334/330 804/336/332
f 95/335/331 804/336/332 94/337/333
f 94/337/333 804/336/332 812/338/334
f 94/337/333 812/338/334 93/339/335
f 93/339/335 812/338/334 820/340/336
f 93/339/335 820/340/336 92/341/337
f 92/341/337 820/340/336 828/342/338
f 92/341/337 828/342/338 91/343/339
f 91/343/339 828/342/338 836/344/340
f 91/343/339 836/344/340 90/345/341
f 90/345/341 836/344/340 844/346/342
f 90/345/341 844/346/342 89/347/343
f 89/347/343 844/346/342 852/348/344
f 89/347/343 852/348/344 88/175/173
f 88/175/173 852/348/344 860/176/174
f 173/6/4 174/349/345 853/8/6
f 853/8/6 174/349/345 854/350/346
f 853/8/6 854/350/346 845/10/8
f 845/10/8 854/350/346 846/351/347
f 845/10/8 846/351/347 837/12/10
f 837/12/10 846/351/347 838/352/348
f 837/12/10 838/352/348 829/14/12
f 829/14/12 838/352/348 830/353/349
f 829/14/12 830/353/349 821/16/14
f 821/16/14 830/353/349 822/354/350
f 821/16/14 822/354/350 813/18/16
f 813/18/16 822/354/350 814/355/351
f 813/18/16 814/355/351 805/20/18
f 805/20/18 814/355/351 806/356/352
f 805/20/18 806/356/352 797/22/20
f 797/22/20 806/356/352 798/357/353
f 797/22/20 798/357/353 789/24/22
f 789/24/22 798/357/353 790/358/354
f 789/24/22 790/358/354 781/26/24
f 781/26/24 790/358/354 782/359/355
f 781/26/24 782/359/355 773/28/26
f 773/28/26 782/359/355 774/360/356
f 773/28/26 774/360/356 765/30/28
f 765/30/28 774/360/356 766/361/357
f 765/30/28 766/361/357 757/32/30
f 757/32/30 766/361/357 758/362/358
f 757/32/30 758/362/358 749/34/32
f 749/34/32 758/362/358 750/363/359
f 749/34/32 750/363/359 741/36/34
f 741/36/34 750/363/359 742/364/360
f 741/36/34 742/364/360 733/38/36
f 733/38/36 742/364/360 734/365/361
f 733/38/36 734/365/361 725/40/38
f 725/40/38 734/365/361 726/366/362
f 725/40/38 726/366/362 717/42/40
f 717/42/40 726/366/362 718/367/363
f 717/42/40 718/367/363 709/44/42
f 709/44/42 718/367/363 710/368/364
f 709/44/42 710/368/364 701/46/44
f 701/46/44 710/368/364 702/369/365
f 701/46/44 702/369/365 693/48/46
f 693/48/46 702/369/365 694/370/366
f 693/48/46 694/370/366 685/50/48
f 685/50/48 694/370/366 686/371/367
f 685/50/48 686/371/367 677/52/50
f 677/52/50 686/371/367 678/372/368
f 677/52/50 678/372/368 669/54/52
f 669/54/52 678/372/368 670/373/369
f 669/54/52 670/373/369 661/56/54
f 661/56/54 670/373/369 662/374/370
f 661/56/54 662/374/370 653/58/56
f 653/58/56 662/374/370 654/375/371
f 653/58/56 654/375/371 645/60/58
f 645/60/58 654/375/371 646/376/372
f 645/60/58 646/376/372 637/62/60
f 637/62/60 646/376/372 638/377/373
f 637/62/60 638/377/373 629/64/62
f 629/64/62 638/377/373 630/378/374
f 629/64/62 630/378/374 621/66/64
f 621/66/64 630/378/374 622/379/375
f 621/66/64 622/379/375 613/68/66
f 613/68/66 622/379/375 614/380/376
f 613/68/66 614/380/376 605/70/68
f 605/70/68 614/380/376 606/381/377
f 605/70/68 606/381/377 597/72/70
f 597/72/70 606/381/377 598/382/378
f 597/72/70 598/382/378 589/74/72
f 589/74/72 598/382/378 590/383/379
f 589/74/72 590/383/379 581/76/74
f 581/76/74 590/383/379 582/384/380
f 581/76/74 582/384/380 573/78/76
f 573/78/76 582/384/380 574/385/381
f 573/78/76 574/385/381 565/80/78
f 565/80/78 574/385/381 566/386/382
f 565/80/78 566/386/382 557/82/80
f 557/82/80 566/386/382 558/387/383
f 557/82/80 558/387/383 549/84/82
f 549/84/82 558/387/383 550/388/384
f 549/84/82 550/388/384 541/86/84
f 541/86/84 550/388/384 542/389/385
f 541/86/84 542/389/385 533/88/86
f 533/88/86 542/389/385 534/390/386
f 533/88/86 534/390/386 525/90/88
f 525/90/88 534/390/386 526/391/387
f 525/90/88 526/391/387 517/92/90
f 517/92/90 526/391/387 518/392/388
f 517/92/90 518/392/388 509/94/92
f 509/94/92 518/392/388 510/393/389
f 509/94/92 510/393/389 501/96/94
f 501/96/94 510/393/389 502/394/390
f 501/96/94 502/394/390 493/98/96
f 493/98/96 502/394/390 494/395/391
f 493/98/96 494/395/391 485/100/98
f 485/100/98 494/395/391 486/396/392
f 485/100/98 486/396/392 477/102/100
f 477/102/100 486/396/392 478/397/393
f 477/102/100 478/397/393 469/104/102
f 469/104/102 478/397/393 470/398/394
f 469/104/102 470/398/394 461/106/104
f 461/106/104 470/398/394 462/399/395
f 461/106/104 462/399/395 453/108/106
f 453/108/106 462/399/395 454/400/396
f 453/108/106 454/400/396 445/110/108
f 445/110/108 454/400/396 446/401/397
f 445/110/108 446/401/397 437/112/110
f 437/112/110 446/401/397 438/402/398
f 437/112/110 438/402/398 429/114/112
f 429/114/112 438/402/398 430/403/399
f 429/114/112 430/403/399 421/116/114
f 421/116/114 430/403/399 422/404/400
f 421/116/114 422/404/400 413/118/116
f 413/118/116 422/404/400 414/405/401
f 413/118/116 414/405/401 405/120/118
f 405/120/118 414/405/401 406/406/402
f 405/120/118 406/406/402 397/122/120
f 397/122/120 406/406/402 398/407/403
f 397/122/120 398/407/403 389/124/122
f 389/124/122 398/407/403 390/408/404
f 389/124/122 390/408/404 381/126/124
f 381/126/124 390/408/404 382/409/405
f 381/126/124 382/409/405 373/128/126
f 373/128/126 382/409/405 374/410/406
f 373/128/126 374/410/406 365/130/128
f 365/130/128 374/410/406 366/411/407
f 365/130/128 366/411/407 357/132/130
f 357/132/130 366/411/407 358/412/408
f 357/132/130 358/412/408 349/134/132
f 349/134/132 358/412/408 350/413/409
f 349/134/132 350/413/409 341/136/134
f 341/136/134 350/413/409 342/414/410
f 341/136/134 342/414/410 333/138/136
f 333/138/136 342/414/410 334/415/411
f 333/138/136 334/415/411 325/140/138
f 325/140/138 334/415/411 326/416/412
f 325/140/138 326/416/412 317/142/140
f 317/142/140 326/416/412 318/417/413
f 317/142/140 318/417/413 309/144/142
f 309/144/142 318/417/413 310/418/414
f 309/144/142 310/418/414 301/146/144
f 301/146/144 310/418/414 302/419/415
f 301/146/144 302/419/415 293/148/146
f 293/148/146 302/419/415 294/420/416
f 293/148/146 294/420/416 285/150/148
f 285/150/148 294/420/416 286/421/417
f 285/150/148 286/421/417 277/152/150
f 277/152/150 286/421/417 278/422/418
f 277/152/150 278/422/418 269/154/152
f 269/154/152 278/422/418 270/423/419
f 269/154/152 270/423/419 261/156/154
f 261/156/154 270/423/419 262/424/420
f 261/156/154 262/424/420 253/158/156
f 253/158/156 262/424/420 254/425/421
f 253/158/156 254/425/421 245/160/158
f 245/160/158 254/425/421 246/426/422
f 245/160/158 246/426/422 237/162/160
f 237/162/160 246/426/422 238/427/423
f 237/162/160 238/427/423 229/164/162
f 229/164/162 238/427/423 230/428/424
f 229/164/162 230/428/424 221/166/164
f 221/166/164 230/428/424 222/429/425
f 221/166/164 222/429/425 213/168/166
f 213/168/166 222/429/425 214/430/426
f 213/168/166 214/430/426 205/170/168
f 205/170/168 214/430/426 206/431/427
f 205/170/168 206/431/427 197/172/170
f 197/172/170 206/431/427 198/432/428
f 197/172/170 198/432/428 189/174/172
f 189/174/172 198/432/428 190/433/429
f 189/174/172 190/433/429 181/2/2
f 181/2/2 190/433/429 182/434/430
f 181/2/2 182/434/430 173/4/4
f 173/4/4 182/434/430 174/435/345
f 174/349/345 175/436/431 854/350/346
f 854/350/346 175/436/431 855/437/432
f 854/350/346 855/437/432 846/351/347
f 846/351/347 855/437/432 847/438/433
f 846/351/347 847/438/433 838/352/348
f 838/352/348 847/438/433 839/439/434
f 838/352/348 839/439/434 830/353/349
f 830/353/349 839/439/434 831/440/435
f 830/353/349 831/440/435 822/354/350
f 822/354/350 831/440/435 823/441/436
f 822/354/350 823/441/436 814/355/351
f 814/355/351 823/441/436 815/442/437
f 814/355/351 815/442/437 806/356/352
f 806/356/352 815/442/437 807/443/438
f 806/356/352 807/443/438 798/357/353
f 798/357/353 807/443/438 799/444/439
f 798/357/353 799/444/439 790/358/354
f 790/358/354 799/444/439 791/445/440
f 790/358/354 791/445/440 782/359/355
f 782/359/355 791/445/440 783/446/441
f 782/359/355 783/446/441 774/360/356
f 774/360/356 783/446/441 775/447/442
f 774/360/356 775/447/442 766/361/357
f 766/361/357 775/447/442 767/448/443
f 766/361/357 767/448/443 758/362/358
f 758/362/358 767/448/443 759/449/444
f 758/362/358 759/449/444 750/363/359
f 750/363/359 759/449/444 751/450/445
f 750/363/359 751/450/445 742/364/360
f 742/364/360 751/450/445 743/451/446
f 742/364/360 743/451/446 734/365/361
f 734/365/361 743/451/446 735/452/447
f 734/365/361 735/452/447 726/366/362
f 726/366/362 735/452/447 727/453/448
f 726/366/362 727/453/448 718/367/363
f 718/367/363 727/453/448 719/454/449
f 718/367/363 719/454/449 710/368/364
f 710/368/364 719/454/449 711/455/450
f 710/368/364 711/455/450 702/369/365
f 702/369/365 711/455/450 703/456/451
f 702/369/365 703/456/451 694/370/366
f 694/370/366 703/456/451 695/457/452
f 694/370/366 695/457/452 686/371/367
f 686/371/367 695/457/452 687/458/453
f 686/371/367 687/458/453 678/372/368
f 678/372/368 687/458/453 679/459/454
f 678/372/368 679/459/454 670/373/369
f 670/373/369 679/459/454 671/460/455
f 670/373/369 671/460/455 662/374/370
f 662/374/370 671/460/455 663/461/456
f 662/374/370 663/461/456 654/375/371
f 654/375/371 663/461/456 655/462/457
f 654/375/371 655/462/457 646/376/372
f 646/376/372 655/462/457 647/463/458
f 646/376/372 647/463/458 638/377/373
f 638/377/373 647/463/458 639/464/459
f 638/377/373 639/464/459 630/378/374
f 630/378/374 639/464/459 631/465/460
f 630/378/374 631/465/460 622/379/375
f 622/379/375 631/465/460 623/466/461
f 622/379/375 623/466/461 614/380/376
f 614/380/376 623/466/461 615/467/462
f 614/380/376 615/467/462 606/381/377
f 606/381/377 615/467/462 607/468/463
f 606/381/377 607/468/463 598/382/378
f 598/382/378 607/468/463 599/469/464
f 598/382/378 599/469/464 590/383/379
f 590/383/379 599/469/464 591/470/465
f 590/383/379 591/470/465 582/384/380
f 582/384/380 591/470/465 583/471/466
f 582/384/380 583/471/466 574/385/381
f 574/385/381 583/471/466 575/472/467
f 574/385/381 575/472/467 566/386/382
f 566/386/382 575/472/467 567/473/468
f 566/386/382 567/473/468 558/387/383
f 558/387/383 567/473/468 559/474/469
f 558/387/383 559/474/469 550/388/384
f 550/388/384 559/474/469 551/475/470
f 550/388/384 551/475/470 542/389/385
f 542/389/385 551/475/470 543/476/471
f 542/389/385 543/476/471 534/390/386
f 534/390/386 543/476/471 535/477/472
f 534/390/386 535/477/472 526/391/387
f 526/391/387 535/477/472 527/478/473
f 526/391/387 527/478/473 518/392/388
f 518/392/388 527/478/473 519/479/474
f 518/392/388 519/479/474 510/393/389
f 510/393/389 519/479/474 511/480/475
f 510/393/389 511/480/475 502/394/390
f 502/394/390 511/480/475 503/481/476
f 502/394/390 503/481/476 494/395/391
f 494/395/391 503/481/476 495/482/477
f 494/395/391 495/482/477 486/396/392
f 486/396/392 495/482/477 487/483/478
f 486/396/392 487/483/478 478/397/393
f 478/397/393 487/483/478 479/484/479
f 478/397/393 479/484/479 470/398/394
f 470/398/394 479/484/479 471/485/480
f 470/398/394 471/485/480 462/399/395
f 462/399/395 471/485/480 463/486/481
f 462/399/395 463/486/481 454/400/396
f 454/400/396 463/486/481 455/487/482
f 454/400/396 455/487/482 446/401/397
f 446/401/397 455/487/482 447/488/483
f 446/401/397 447/488/483 438/402/398
f 438/402/398 447/488/483 439/489/484
f 438/402/398 439/489/484 430/403/399
f 430/403/399 439/489/484 431/490/485
f 430/403/399 431/490/485 422/404/400
f 422/404/400 431/490/485 423/491/486
f 422/404/400 423/491/486 414/405/401
f 414/405/401 423/491/486 415/492/487
f 414/405/401 415/492/487 406/406/402
f 406/406/402 415/492/487 407/493/488
f 406/406/402 407/493/488 398/407/403
f 398/407/403 407/493/488 399/494/489
f 398/407/403 399/494/489 390/408/404
f 390/408/404 399/494/489 391/495/490
f 390/408/404 391/495/490 382/409/405
f 382/409/405 391/495/490 383/496/491
f 382/409/405 383/496/491 374/410/406
f 374/410/406 383/496/491 375/497/492
f 374/410/406 375/497/492 366/411/407
f 366/411/407 375/497/492 367/498/493
f 366/411/407 367/498/493 358/412/408
f 358/412/408 367/498/493 359/499/494
f 358/412/408 359/499/494 350/413/409
f 350/413/409 359/499/494 351/500/495
f 350/413/409 351/500/495 342/414/410
f 342/414/410 351/500/495 343/501/496
f 342/414/410 343/501/496 334/415/411
f 334/415/411 343/501/496 335/502/497
f 334/415/411 335/502/497 326/416/412
f 326/416/412 335/502/497 327/503/498
f 326/416/412 327/503/498 318/417/413
f 318/417/413 327/503/498 319/504/499
f 318/417/413 319/504/499 310/418/414
f 310/418/414 319/504/499 311/505/500
f 310/418/414 311/505/500 302/419/415
f 302/419/415 311/505/500 303/506/501
f 302/419/415 303/506/501 294/420/416
f 294/420/416 303/506/501 295/507/502
f 294/420/416 295/507/502 286/421/417
f 286/421/417 295/507/502 287/508/503
f 286/421/417 287/508/503 278/422/418
f 278/422/418 287/508/503 279/509/504
f 278/422/418 279/509/504 270/423/419
f 270/423/419 279/509/504 271/510/505
f 270/423/419 271/510/505 262/424/420
f 262/424/420 271/510/505 263/511/506
f 262/424/420 263/511/506 254/425/421
f 254/425/421 263/511/506 255/512/507
f 254/425/421 255/512/507 246/426/422
f 246/426/422 255/512/507 247/513/508
f 246/426/422 247/513/508 238/427/423
f 238/427/423 247/513/508 239/514/509
f 238/427/423 239/514/509 230/428/424
f 230/428/424 239/514/509 231/515/510
f 230/428/424 231/515/510 222/429/425
f 222/429/425 231/515/510 223/516/511
f 222/429/425 223/516/511 214/430/426
f 214/430/426 223/516/511 215/517/512
f 214/430/426 215/517/512 206/431/427
f 206/431/427 215/517/512 207/518/513
f 206/431/427 207/518/513 198/432/428
f 198/432/428 207/518/513 199/519/514
f 198/432/428 199/519/514 190/433/429
f 190/433/429 199/519/514 191/520/515
f 190/433/429 191/520/515 182/434/430
f 182/434/430 191/520/515 183/521/516
f 182/434/430 183/521/516 174/435/345
f 174/435/345 183/521/516 175/522/431
f 175/436/431 176/523/517 855/437/432
f 855/437/432 176/523/517 856/524/518
f 855/437/432 856/524/518 847/438/433
f 847/438/433 856/524/518 848/525/519
f 847/438/433 848/525/519 839/439/434
f 839/439/434 848/525/519 840/526/520
f 839/439/434 840/526/520 831/440/435
f 831/440/435 840/526/520 832/527/521
f 831/440/435 832/527/521 823/441/436
f 823/441/436 832/527/521 824/528/522
f 823/441/436 824/528/522 815/442/437
f 815/442/437 824/528/522 816/529/523
f 815/442/437 816/529/523 807/443/438
f 807/443/438 816/529/523 808/530/524
f 807/443/438 808/530/524 799/444/439
f 799/444/439 808/530/524 800/531/525
f 799/444/439 800/531/525 791/445/440
f 791/445/440 800/531/525 792/532/526
f 791/445/440 792/532/526 783/446/441
f 783/446/441 792/532/526 784/533/527
f 783/446/441 784/533/527 775/447/442
f 775/447/442 784/533/527 776/534/528
f 775/447/442 776/534/528 767/448/443
f 767/448/443 776/534/528 768/535/529
f 767/448/443 768/535/529 759/449/444
f 759/449/444 768/535/529 760/536/530
f 759/449/444 760/536/530 751/450/445
f 751/450/445 760/536/530 752/537/531
f 751/450/445 752/537/531 743/451/446
f 743/451/446 752/537/531 744/538/532
f 743/451/446 744/538/532 735/452/447
f 735/452/447 744/538/532 736/539/533
f 735/452/447 736/539/533 727/453/448
f 727/453/448 736/539/533 728/540/534
f 727/453/448 728/540/534 719/454/449
f 719/454/449 728/540/534 720/541/535
f 719/454/449 720/541/535 711/455/450
f 711/455/450 720/541/535 712/542/536
f 711/455/450 712/542/536 703/456/451
f 703/456/451 712/542/536 704/543/537
f 703/456/451 704/543/537 695/457/452
f 695/457/452 704/543/537 696/544/538
f 695/457/452 696/544/538 687/458/453
f 687/458/453 696/544/538 688/545/539
f 687/458/453 688/545/539 679/459/454
f 679/459/454 688/545/539 680/546/540
f 679/459/454 680/546/540 671/460/455
f 671/460/455 680/546/540 672/547/541
f 671/460/455 672/547/541 663/461/456
f 663/461/456 672/547/541 664/548/542
f 663/461/456 664/548/542 655/462/457
f 655/462/457 664/548/542 656/549/543
f 655/462/457 656/549/543 647/463/458
f 647/463/458 656/549/543 648/550/544
f 647/463/458 648/550/544 639/464/459
f 639/464/459 648/550/544 640/551/545
f 639/464/459 640/551/545 631/465/460
f 631/465/460 640/551/545 632/552/546
f 631/465/460 632/552/546 623/466/461
f 623/466/461 632/552/546 624/553/547
f 623/466/461 624/553/547 615/467/462
f 615/467/462 624/553/547 616/554/548
f 615/467/462 616/554/548 607/468/463
f 607/468/463 616/554/548 608/555/549
f 607/468/463 608/555/549 599/469/464
f 599/469/464 608/555/549 600/556/550
f 599/469/464 600/556/550 591/470/465
f 591/470/465 600/556/550 592/557/551
f 591/470/465 592/557/551 583/471/466
f 583/471/466 592/557/551 584/558/552
f 583/471/466 584/558/552 575/472/467
f 575/472/467 584/558/552 576/559/553
f 575/472/467 576/559/553 567/473/468
f 567/473/468 576/559/553 568/560/554
f 567/473/468 568/560/554 559/474/469
f 559/474/469 568/560/554 560/561/555
f 559/474/469 560/561/555 551/475/470
f 551/475/470 560/561/555 552/562/556
f 551/475/470 552/562/556 543/476/471
f 543/476/471 552/562/556 544/563/557
f 543/476/471 544/563/557 535/477/472
f 535/477/472 544/563/557 536/564/558
f 535/477/472 536/564/558 527/478/473
f 527/478/473 536/564/558 528/565/559
f 527/478/473 528/565/559 519/479/474
f 519/479/474 528/565/559 520/566/560
f 519/479/474 520/566/560 511/480/475
f 511/480/475 520/566/560 512/567/561
f 511/480/475 512/567/561 503/481/476
f 503/481/476 512/567/561 504/568/562
f 503/481/476 504/568/562 495/482/477
f 495/482/477 504/568/562 496/569/563
f 495/482/477 496/569/563 487/483/478
f 487/483/478 496/569/563 488/570/564
f 487/483/478 488/570/564 479/484/479
f 479/484/479 488/570/564 480/571/565
f 479/484/479 480/571/565 471/485/480
f 471/485/480 480/571/565 472/572/566
f 471/485/480 472/572/566 463/486/481
f 463/486/481 472/572/566 464/573/567
f 463/486/481 464/573/567 455/487/482
f 455/487/482 464/573/567 456/574/568
f 455/487/482 456/574/568 447/488/483
f 447/488/483 456/574/568 448/575/569
f 447/488/483 448/575/569 439/489/484
f 439/489/484 448/575/569 440/576/570
f 439/489/484 440/576/570 431/490/485
f 431/490/485 440/576/570 432/577/571
f 431/490/485 432/577/571 423/491/486
f 423/491/486 432/577/571 424/578/572
f 423/491/486 424/578/572 415/492/487
f 415/492/487 424/578/572 416/579/573
f 415/492/487 416/579/573 407/493/488
f 407/493/488 416/579/573 408/580/574
f 407/493/488 408/580/574 399/494/489
f 399/494/489 408/580/574 400/581/575
f 399/494/489 400/581/575 391/495/490
f 391/495/490 400/581/575 392/582/576
f 391/495/490 392/582/576 383/496/491
f 383/496/491 392/582/576 384/583/577
f 383/496/491 384/583/577 375/497/492
f 375/497/492 384/583/577 376/584/578
f 375/497/492 376/584/578 367/498/493
f 367/498/493 376/584/578 368/585/579
f 367/498/493 368/585/579 359/499/494
f 359/499/494 368/585/579 360/586/580
f 359/499/494 360/586/580 351/500/495
f 351/500/495 360/586/580 352/587/581
f 351/500/495 352/587/581 343/501/496
f 343/501/496 352/587/581 344/588/582
f 343/501/496 344/588/582 335/502/497
f 335/502/497 344/588/582 336/589/583
f 335/502/497 336/589/583 327/503/498
f 327/503/498 336/589/583 328/590/584
f 327/503/498 328/590/584 319/504/499
f 319/504/499 328/590/584 320/591/585
f 319/504/499 320/591/585 311/505/500
f 311/505/500 320/591/585 312/592/586
f 311/505/500 312/592/586 303/506/501
f 303/506/501 312/592/586 304/593/587
f 303/506/501 304/593/587 295/507/502
f 295/507/502 304/593/587 296/594/588
f 295/507/502 296/594/588 287/508/503
f 287/508/503 296/594/588 288/595/589
f 287/508/503 288/595/589 279/509/504
f 279/509/504 288/595/589 280/596/590
f 279/509/504 280/596/590 271/510/505
f 271/510/505 280/596/590 272/597/591
f 271/510/505 272/597/591 263/511/506
f 263/511/506 272/597/591 264/598/592
f 263/511/506 264/598/592 255/512/507
f 255/512/507 264/598/592 256/599/593
f 255/512/507 256/599/593 247/513/508
f 247/513/508 256/599/593 248/600/594
f 247/513/508 248/600/594 239/514/509
f 239/514/509 248/600/594 240/601/595
f 239/514/509 240/601/595 231/515/510
f 231/515/510 240/601/595 232/602/596
f 231/515/510 232/602/596 223/516/511
f 223/516/511 232/602/596 224/603/597
f 223/516/511 224/603/597 215/517/512
f 215/517/512 224/603/597 216/604/598
f 215/517/512 216/604/598 207/518/513
f 207/518/513 216/604/598 208/605/599
f 207/518/513 208/605/599 199/519/514
f 199/519/514 208/605/599 200/606/600
f 199/519/514 200/606/600 191/520/515
f 191/520/515 200/606/600 192/607/601
f 191/520/515 192/607/601 183/521/516
f 183/521/516 192/607/601 184/608/602
f 183/521/516 184/608/602 175/522/431
f 175/522/431 184/608/602 176/609/517
f 176/523/517 177/610/603 856/524/518
f 856/524/518 177/610/603 857/611/604
f 856/524/518 857/611/604 848/525/519
f 848/525/519 857/611/604 849/612/605
f 848/525/519 849/612/605 840/526/520
f 840/526/520 849/612/605 841/613/606
f 840/526/520 841/613/606 832/527/521
f 832/527/521 841/613/606 833/614/607
f 832/527/521 833/614/607 824/528/522
f 824/528/522 833/614/607 825/615/608
f 824/528/522 825/615/608 816/529/523
f 816/529/523 825/615/608 817/616/609
f 816/529/523 817/616/609 808/530/524
f 808/530/524 817/616/609 809/617/610
f 808/530/524 809/617/610 800/531/525
f 800/531/525 809/617/610 801/618/611
f 800/531/525 801/618/611 792/532/526
f 792/532/526 801/618/611 793/619/612
f 792/532/526 793/619/612 784/533/527
f 784/533/527 793/619/612 785/620/613
f 784/533/527 785/620/613 776/534/528
f 776/534/528 785/620/613 777/621/614
f 776/534/528 777/621/614 768/535/529
f 768/535/529 777/621/614 769/622/615
f 768/535/529 769/622/615 760/536/530
f 760/536/530 769/622/615 761/623/616
f 760/536/530 761/623/616 752/537/531
f 752/537/531 761/623/616 753/624/617
f 752/537/531 753/624/617 744/538/532
f 744/538/532 753/624/617 745/625/618
f 744/538/532 745/625/618 736/539/533
f 736/539/533 745/625/618 737/626/619
f 736/539/533 737/626/619 728/540/534
f 728/540/534 737/626/619 729/627/620
f 728/540/534 729/627/620 720/541/535
f 720/541/535 729/627/620 721/628/621
f 720/541/535 721/628/621 712/542/536
f 712/542/536 721/628/621 713/629/622
f 712/542/536 713/629/622 704/543/537
f 704/543/537 713/629/622 705/630/623
f 704/543/537 705/630/623 696/544/538
f 696/544/538 705/630/623 697/631/624
f 696/544/538 697/631/624 688/545/539
f 688/545/539 697/631/624 689/632/625
f 688/545/539 689/632/625 680/546/540
f 680/546/540 689/632/625 681/633/626
f 680/546/540 681/633/626 672/547/541
f 672/547/541 681/633/626 673/634/627
f 672/547/541 673/634/627 664/548/542
f 664/548/542 673/634/627 665/635/628
f 664/548/542 665/635/628 656/549/543
f 656/549/543 665/635/628 657/636/629
f 656/549/543 657/636/629 648/550/544
f 648/550/544 657/636/629 649/637/630
f 648/550/544 649/637/630 640/551/545
f 640/551/545 649/637/630 641/638/631
f 640/551/545 641/638/631 632/552/546
f 632/552/546 641/638/631 633/639/632
f 632/552/546 633/639/632 624/553/547
f 624/553/547 633/639/632 625/640/633
f 624/553/547 625/640/633 616/554/548
f 616/554/548 625/640/633 617/641/634
f 616/554/548 617/641/634 608/555/549
f 608/555/549 617/641/634 609/642/635
f 608/555/549 609/642/635 600/556/550
f 600/556/550 609/642/635 601/643/636
f 600/556/550 601/643/636 592/557/551
f 592/557/551 601/643/636 593/644/637
f 592/557/551 593/644/637 584/558/552
f 584/558/552 593/644/637 585/645/638
f 584/558/552 585/645/638 576/559/553
f 576/559/553 585/645/638 577/646/639
f 576/559/553 577/646/639 568/560/554
f 568/560/554 577/646/639 569/647/640
f 568/560/554 569/647/640 560/561/555
f 560/561/555 569/647/640 561/648/641
f 560/561/555 561/648/641 552/562/556
f 552/562/556 561/648/641 553/649/642
f 552/562/556 553/649/642 544/563/557
f 544/563/557 553/649/642 545/650/643
f 544/563/557 545/650/643 536/564/558
f 536/564/558 545/650/643 537/651/644
f 536/564/558 537/651/644 528/565/559
f 528/565/559 537/651/644 529/652/645
f 528/565/559 529/652/645 520/566/560
f 520/566/560 529/652/645 521/653/646
f 520/566/560 521/653/646 512/567/561
f 512/567/561 521/653/646 513/654/647
f 512/567/561 513/654/647 504/568/562
f 504/568/562 513/654/647 505/655/648
f 504/568/562 505/655/648 496/569/563
f 496/569/563 505/655/648 497/656/649
f 496/569/563 497/656/649 488/570/564
f 488/570/564 497/656/649 489/657/650
f 488/570/564 489/657/650 480/571/565
f 480/571/565 489/657/650 481/658/651
f 480/571/565 481/658/651 472/572/566
f 472/572/566 481/658/651 473/659/652
f 472/572/566 473/659/652 464/573/567
f 464/573/567 473/659/652 465/660/653
f 464/573/567 465/660/653 456/574/568
f 456/574/568 465/660/653 457/661/654
f 456/574/568 457/661/654 448/575/569
f 448/575/569 457/661/654 449/662/655
f 448/575/569 449/662/655 440/576/570
f 440/576/570 449/662/655 441/663/656
f 440/576/570 441/663/656 432/577/571
f 432/577/571 441/663/656 433/664/657
f 432/577/571 433/664/657 424/578/572
f 424/578/572 433/664/657 425/665/658
f 424/578/572 425/665/658 416/579/573
f 416/579/573 425/665/658 417/666/659
f 416/579/573 417/666/659 408/580/574
f 408/580/574 417/666/659 409/667/660
f 408/580/574 409/667/660 400/581/575
f 400/581/575 409/667/660 401/668/661
f 400/581/575 401/668/661 392/582/576
f 392/582/576 401/668/661 393/669/662
f 392/582/576 393/669/662 384/583/577
f 384/583/577 393/669/662 385/670/663
f 384/583/577 385/670/663 376/584/578
f 376/584/578 385/670/663 377/671/664
f 376/584/578 377/671/664 368/585/579
f 368/585/579 377/671/664 369/672/665
f 368/585/579 369/672/665 360/586/580
f 360/586/580 369/672/665 361/673/666
f 360/586/580 361/673/666 352/587/581
f 352/587/581 361/673/666 353/674/667
f 352/587/581 353/674/667 344/588/582
f 344/588/582 353/674/667 345/675/668
f 344/588/582 345/675/668 336/589/583
f 336/589/583 345/675/668 337/676/669
f 336/589/583 337/676/669 328/590/584
f 328/590/584 337/676/669 329/677/670
f 328/590/584 329/677/670 320/591/585
f 320/591/585 329/677/670 321/678/671
f 320/591/585 321/678/671 312/592/586
f 312/592/586 321/678/671 313/679/672
f 312/592/586 313/679/672 304/593/587
f 304/593/587 313/679/672 305/680/673
f 304/593/587 305/680/673 296/594/588
f 296/594/588 305/680/673 297/681/674
f 296/594/588 297/681/674 288/595/589
f 288/595/589 297/681/674 289/682/675
f 288/595/589 289/682/675 280/596/590
f 280/596/590 289/682/675 281/683/676
f 280/596/590 281/683/676 272/597/591
f 272/597/591 281/683/676 273/684/677
f 272/597/591 273/684/677 264/598/592
f 264/598/592 273/684/677 265/685/678
f 264/598/592 265/685/678 256/599/593
f 256/599/593 265/685/678 257/686/679
f 256/599/593 257/686/679 248/600/594
f 248/600/594 257/686/679 249/687/680
f 248/600/594 249/687/680 240/601/595
f 240/601/595 249/687/680 241/688/681
f 240/601/595 241/688/681 232/602/596
f 232/602/596 241/688/681 233/689/682
f 232/602/596 233/689/682 224/603/597
f 224/603/597 233/689/682 225/690/683
f 224/603/597 225/690/683 216/604/598
f 216/604/598 225/690/683 217/691/684
f 216/604/598 217/691/684 208/605/599
f 208/605/599 217/691/684 209/692/685
f 208/605/599 209/692/685 200/606/600
f 200/606/600 209/692/685 201/693/686
f 200/606/600 201/693/686 192/607/601
f 192/607/601 201/693/686 193/694/687
f 192/607/601 193/694/687 184/608/602
f 184/608/602 193/694/687 185/695/688
f 184/608/602 185/695/688 176/609/517
f 176/609/517 185/695/688 177/696/603
f 177/610/603 178/697/689 857/611/604
f 857/611/604 178/697/689 858/698/690
f 857/611/604 858/698/690 849/612/605
f 849/612/605 858/698/690 850/699/691
f 849/612/605 850/699/691 841/613/606
f 841/613/606 850/699/691 842/700/692
f 841/613/606 842/700/692 833/614/607
f 833/614/607 842/700/692 834/701/693
f 833/614/607 834/701/693 825/615/608
f 825/615/608 834/701/693 826/702/694
f 825/615/608 826/702/694 817/616/609
f 817/616/609 826/702/694 818/703/695
f 817/616/609 818/703/695 809/617/610
f 809/617/610 818/703/695 810/704/696
f 809/617/610 810/704/696 801/618/611
f 801/618/611 810/704/696 802/705/697
f 801/618/611 802/705/697 793/619/612
f 793/619/612 802/705/697 794/706/698
f 793/619/612 794/706/698 785/620/613
f 785/620/613 794/706/698 786/707/699
f 785/620/613 786/707/699 777/621/614
f 777/621/614 786/707/699 778/708/700
f 777/621/614 778/708/700 769/622/615
f 769/622/615 778/708/700 770/709/701
f 769/622/615 770/709/701 761/623/616
f 761/623/616 770/709/701 762/710/702
f 761/623/616 762/710/702 753/624/617
f 753/624/617 762/710/702 754/711/703
f 753/624/617 754/711/703 745/625/618
f 745/625/618 754/711/703 746/712/704
f 745/625/618 746/712/704 737/626/619
f 737/626/619 746/712/704 738/713/705
f 737/626/619 738/713/705 729/627/620
f 729/627/620 738/713/705 730/714/706
f 729/627/620 730/714/706 721/628/621
f 721/628/621 730/714/706 722/715/707
f 721/628/621 722/715/707 713/629/622
f 713/629/622 722/715/707 714/716/708
f 713/629/622 714/716/708 705/630/623
f 705/630/623 714/716/708 706/717/709
f 705/630/623 706/717/709 697/631/624
f 697/631/624 706/717/709 698/718/710
f 697/631/624 698/718/710 689/632/625
f 689/632/625 698/718/710 690/719/711
f 689/632/625 690/719/711 681/633/626
f 681/633/626 690/719/711 682/720/712
f 681/633/626 682/720/712 673/634/627
f 673/634/627 682/720/712 674/721/713
f 673/634/627 674/721/713 665/635/628
f 665/635/628 674/721/713 666/722/714
f 665/635/628 666/722/714 657/636/629
f 657/636/629 666/722/714 658/723/715
f 657/636/629 658/723/715 649/637/630
f 649/637/630 658/723/715 650/724/716
f 649/637/630 650/724/716 641/638/631
f 641/638/631 650/724/716 642/725/717
f 641/638/631 642/725/717 633/639/632
f 633/639/632 642/725/717 634/726/718
f 633/639/632 634/726/718 625/640/633
f 625/640/633 634/726/718 626/727/719
f 625/640/633 626/727/719 617/641/634
f 617/641/634 626/727/719 618/728/720
f 617/641/634 618/728/720 609/642/635
f 609/642/635 618/728/720 610/729/721
f 609/642/635 610/729/721 601/643/636
f 601/643/636 610/729/721 602/730/722
f 601/643/636 602/730/722 593/644/637
f 593/644/637 602/730/722 594/731/723
f 593/644/637 594/731/723 585/645/638
f 585/645/638 594/731/723 586/732/724
f 585/645/638 586/732/724 577/646/639
f 577/646/639 586/732/724 578/733/725
f 577/646/639 578/733/725 569/647/640
f 569/647/640 578/733/725 570/734/726
f 569/647/640 570/734/726 561/648/641
f 561/648/641 570/734/726 562/735/727
f 561/648/641 562/735/727 553/649/642
f 553/649/642 562/735/727 554/736/728
f 553/649/642 554/736/728 545/650/643
f 545/650/643 554/736/728 546/737/729
f 545/650/643 546/737/729 537/651/644
f 537/651/644 546/737/729 538/738/730
f 537/651/644 538/738/730 529/652/645
f 529/652/645 538/738/730 530/739/731
f 529/652/645 530/739/731 521/653/646
f 521/653/646 530/739/731 522/740/732
f 521/653/646 522/740/732 513/654/647
f 513/654/647 522/740/732 514/741/733
f 513/654/647 514/741/733 505/655/648
f 505/655/648 514/741/733 506/742/734
f 505/655/648 506/742/734 497/656/649
f 497/656/649 506/742/734 498/743/735
f 497/656/649 498/743/735 489/657/650
f 489/657/650 498/743/735 490/744/736
f 489/657/650 490/744/736 481/658/651
f 481/658/651 490/744/736 482/745/737
f 481/658/651 482/745/737 473/659/652
f 473/659/652 482/745/737 474/746/738
f 473/659/652 474/746/738 465/660/653
f 465/660/653 474/746/738 466/747/739
f 465/660/653 466/747/739 457/661/654
f 457/661/654 466/747/739 458/748/740
f 457/661/654 458/748/740 449/662/655
f 449/662/655 458/748/740 450/749/741
f 449/662/655 450/749/741 441/663/656
f 441/663/656 450/749/741 442/750/742
f 441/663/656 442/750/742 433/664/657
f 433/664/657 442/750/742 434/751/743
f 433/664/657 434/751/743 425/665/658
f 425/665/658 434/751/743 426/752/744
f 425/665/658 426/752/744 417/666/659
f 417/666/659 426/752/744 418/753/745
f 417/666/659 418/753/745 409/667/660
f 409/667/660 418/753/745 410/754/746
f 409/667/660 410/754/746 401/668/661
f 401/668/661 410/754/746 402/755/747
f 401/668/661 402/755/747 393/669/662
f 393/669/662 402/755/747 394/756/748
f 393/669/662 394/756/748 385/670/663
f 385/670/663 394/756/748 386/757/749
f 385/670/663 386/757/749 377/671/664
f 377/671/664 386/757/749 378/758/750
f 377/671/664 378/758/750 369/672/665
f 369/672/665 378/758/750 370/759/751
f 369/672/665 370/759/751 361/673/666
f 361/673/666 370/759/751 362/760/752
f 361/673/666 362/760/752 353/674/667
f 353/674/667 362/760/752 354/761/753
f 353/674/667 354/761/753 345/675/668
f 345/675/668 354/761/753 346/762/754
f 345/675/668 346/762/754 337/676/669
f 337/676/669 346/762/754 338/763/755
f 337/676/669 338/763/755 329/677/670
f 329/677/670 338/763/755 330/764/756
f 329/677/670 330/764/756 321/678/671
f 321/678/671 330/764/756 322/765/757
f 321/678/671 322/765/757 313/679/672
f 313/679/672 322/765/757 314/766/758
f 313/679/672 314/766/758 305/680/673
f 305/680/673 314/766/758 306/767/759
f 305/680/673 306/767/759 297/681/674
f 297/681/674 306/767/759 298/768/760
f 297/681/674 298/768/760 289/682/675
f 289/682/675 298/768/760 290/769/761
f 289/682/675 290/769/761 281/683/676
f 281/683/676 290/769/761 282/770/762
f 281/683/676 282/770/762 273/684/677
f 273/684/677 282/770/762 274/771/763
f 273/684/677 274/771/763 265/685/678
f 265/685/678 274/771/763 266/772/764
f 265/685/678 266/772/764 257/686/679
f 257/686/679 266/772/764 258/773/765
f 257/686/679 258/773/765 249/687/680
f 249/687/680 258/773/765 250/774/766
f 249/687/680 250/774/766 241/688/681
f 241/688/681 250/774/766 242/775/767
f 241/688/681 242/775/767 233/689/682
f 233/689/682 242/775/767 234/776/768
f 233/689/682 234/776/768 225/690/683
f 225/690/683 234/776/768 226/777/769
f 225/690/683 226/777/769 217/691/684
f 217/691/684 226/777/769 218/778/770
f 217/691/684 218/778/770 209/692/685
f 209/692/685 218/778/770 210/779/771
f 209/692/685 210/779/771 201/693/686
f 201/693/686 210/779/771 202/780/772
f 201/693/686 202/780/772 193/694/687
f 193/694/687 202/780/772 194/781/773
f 193/694/687 194/781/773 185/695/688
f 185/695/688 194/781/773 186/782/774
f 185/695/688 186/782/774 177/696/603
f 177/696/603 186/782/774 178/783/689
f 178/697/689 179/784/775 858/698/690
f 858/698/690 179/784/775 859/785/776
f 858/698/690 859/785/776 850/699/691
f 850/699/691 859/785/776 851/786/777
f 850/699/691 851/786/777 842/700/692
f 842/700/692 851/786/777 843/787/778
f 842/700/692 843/787/778 834/701/693
f 834/701/693 843/787/778 835/788/779
f 834/701/693 835/788/779 826/702/694
f 826/702/694 835/788/779 827/789/780
f 826/702/694 827/789/780 818/703/695
f 818/703/695 827/789/780 819/790/781
f 818/703/695 819/790/781 810/704/696
f 810/704/696 819/790/781 811/791/782
f 810/704/696 811/791/782 802/705/697
f 802/705/697 811/791/782 803/792/783
f 802/705/697 803/792/783 794/706/698
f 794/706/698 803/792/783 795/793/784
f 794/706/698 795/793/784 786/707/699
f 786/707/699 795/793/784 787/794/785
f 786/707/699 787/794/785 778/708/700
f 778/708/700 787/794/785 779/795/786
f 778/708/700 779/795/786 770/709/701
f 770/709/701 779/795/786 771/796/787
f 770/709/701 771/796/787 762/710/702
f 762/710/702 771/796/787 763/797/788
f 762/710/702 763/797/788 754/711/703
f 754/711/703 763/797/788 755/798/789
f 754/711/703 755/798/789 746/712/704
f 746/712/704 755/798/789 747/799/790
f 746/712/704 747/799/790 738/713/705
f 738/713/705 747/799/790 739/800/791
f 738/713/705 739/800/791 730/714/706
f 730/714/706 739/800/791 731/801/792
f 730/714/706 731/801/792 722/715/707
f 722/715/707 731/801/792 723/802/793
f 722/715/707 723/802/793 714/716/708
f 714/716/708 723/802/793 715/803/794
f 714/716/708 715/803/794 706/717/709
f 706/717/709 715/803/794 707/804/795
f 706/717/709 707/804/795 698/718/710
f 698/718/710 707/804/795 699/805/796
f 698/718/710 699/805/796 690/719/711
f 690/719/711 699/805/796 691/806/797
f 690/719/711 691/806/797 682/720/712
f 682/720/712 691/806/797 683/807/798
f 682/720/712 683/807/798 674/721/713
f 674/721/713 683/807/798 675/808/799
f 674/721/713 675/808/799 666/722/714
f 666/722/714 675/808/799 667/809/800
f 666/722/714 667/809/800 658/723/715
f 658/723/715 667/809/800 659/810/801
f 658/723/715 659/810/801 650/724/716
f 650/724/716 659/810/801 651/811/802
f 650/724/716 651/811/802 642/725/717
f 642/725/717 651/811/802 643/812/803
f 642/725/717 643/812/803 634/726/718
f 634/726/718 643/812/803 635/813/804
f 634/726/718 635/813/804 626/727/719
f 626/727/719 635/813/804 627/814/805
f 626/727/719 627/814/805 618/728/720
f 618/728/720 627/814/805 619/815/806
f 618/728/720 619/815/806 610/729/721
f 610/729/721 619/815/806 611/816/807
f 610/729/721 611/816/807 602/730/722
f 602/730/722 611/816/807 603/817/808
f 602/730/722 603/817/808 594/731/723
f 594/731/723 603/817/808 595/818/809
f 594/731/723 595/818/809 586/732/724
f 586/732/724 595/818/809 587/819/810
f 586/732/724 587/819/810 578/733/725
f 578/733/725 587/819/810 579/820/811
f 578/733/725 579/820/811 570/734/726
f 570/734/726 579/820/811 571/821/812
f 570/734/726 571/821/812 562/735/727
f 562/735/727 571/821/812 563/822/813
f 562/735/727 563/822/813 554/736/728
f 554/736/728 563/822/813 555/823/814
f 554/736/728 555/823/814 546/737/729
f 546/737/729 555/823/814 547/824/815
f 546/737/729 547/824/815 538/738/730
f 538/738/730 547/824/815 539/825/816
f 538/738/730 539/825/816 530/739/731
f 530/739/731 539/825/816 531/826/817
f 530/739/731 531/826/817 522/740/732
f 522/740/732 531/826/817 523/827/818
f 522/740/732 523/827/818 514/741/733
f 514/741/733 523/827/818 515/828/819
f 514/741/733 515/828/819 506/742/734
f 506/742/734 515/828/819 507/829/820
f 506/742/734 507/829/820 498/743/735
f 498/743/735 507/829/820 499/830/821
f 498/743/735 499/830/821 490/744/736
f 490/744/736 499/830/821 491/831/822
f 490/744/736 491/831/822 482/745/737
f 482/745/737 491/831/822 483/832/823
f 482/745/737 483/832/823 474/746/738
f 474/746/738 483/832/823 475/833/824
f 474/746/738 475/833/824 466/747/739
f 466/747/739 475/833/824 467/834/825
f 466/747/739 467/834/825 458/748/740
f 458/748/740 467/834/825 459/835/826
f 458/748/740 459/835/826 450/749/741
f 450/749/741 459/835/826 451/836/827
f 450/749/741 451/836/827 442/750/742
f 442/750/742 451/836/827 443/837/828
f 442/750/742 443/837/828 434/751/743
f 434/751/743 443/837/828 435/838/829
f 434/751/743 435/838/829 426/752/744
f 426/752/744 435/838/829 427/839/830
f 426/752/744 427/839/830 418/753/745
f 418/753/745 427/839/830 419/840/831
f 418/753/745 419/840/831 410/754/746
f 410/754/746 419/840/831 411/841/832
f 410/754/746 411/841/832 402/755/747
f 402/755/747 411/841/832 403/842/833
f 402/755/747 403/842/833 394/756/748
f 394/756/748 403/842/833 395/843/834
f 394/756/748 395/843/834 386/757/749
f 386/757/749 395/843/834 387/844/835
f 386/757/749 387/844/835 378/758/750
f 378/758/750 387/844/835 379/845/836
f 378/758/750 379/845/836 370/759/751
f 370/759/751 379/845/836 371/846/837
f 370/759/751 371/846/837 362/760/752
f 362/760/752 371/846/837 363/847/838
f 362/760/752 363/847/838 354/761/753
f 354/761/753 363/847/838 355/848/839
f 354/761/753 355/848/839 346/762/754
f 346/762/754 355/848/839 347/849/840
f 346/762/754 347/849/840 338/763/755
f 338/763/755 347/849/840 339/850/841
f 338/763/755 339/850/841 330/764/756
f 330/764/756 339/850/841 331/851/842
f 330/764/756 331/851/842 322/765/757
f 322/765/757 331/851/842 323/852/843
f 322/765/757 323/852/843 314/766/758
f 314/766/758 323/852/843 315/853/844
f 314/766/758 315/853/844 306/767/759
f 306/767/759 315/853/844 307/854/845
f 306/767/759 307/854/845 298/768/760
f 298/768/760 307/854/845 299/855/846
f 298/768/760 299/855/846 290/769/761
f 290/769/761 299/855/846 291/856/847
f 290/769/761 291/856/847 282/770/762
f 282/770/762 291/856/847 283/857/848
f 282/770/762 283/857/848 274/771/763
f 274/771/763 283/857/848 275/858/849
f 274/771/763 275/858/849 266/772/764
f 266/772/764 275/858/849 267/859/850
f 266/772/764 267/859/850 258/773/765
f 258/773/765 267/859/850 259/860/851
f 258/773/765 259/860/851 250/774/766
f 250/774/766 259/860/851 251/861/852
f 250/774/766 251/861/852 242/775/767
f 242/775/767 251/861/852 243/862/853
f 242/775/767 243/862/853 234/776/768
f 234/776/768 243/862/853 235/863/854
f 234/776/768 235/863/854 226/777/769
f 226/777/769 235/863/854 227/864/855
f 226/777/769 227/864/855 218/778/770
f 218/778/770 227/864/855 219/865/856
f 218/778/770 219/865/856 210/779/771
f 210/779/771 219/865/856 211/866/857
f 210/779/771 211/866/857 202/780/772
f 202/780/772 211/866/857 203/867/858
f 202/780/772 203/867/858 194/781/773
f 194/781/773 203/867/858 195/868/859
f 194/781/773 195/868/859 186/782/774
f 186/782/774 195/868/859 187/869/860
f 186/782/774 187/869/860 178/783/689
f 178/783/689 187/869/860 179/870/775
f 179/784/775 180/178/176 859/785/776
f 859/785/776 180/178/176 860/176/174
f 859/785/776 860/176/174 851/786/777
f 851/786/777 860/176/174 852/348/344
f 851/786/777 852/348/344 843/787/778
f 843/787/778 852/348/344 844/346/342
f 843/787/778 844/346/342 835/788/779
f 835/788/779 844/346/342 836/344/340
f 835/788/779 836/344/340 827/789/780
f 827/789/780 836/344/340 828/342/338
f 827/789/780 828/342/338 819/790/781
f 819/790/781 828/342/338 820/340/336
f 819/790/781 820/340/336 811/791/782
f 811/791/782 820/340/336 812/338/334
f 811/791/782 812/338/334 803/792/783
f 803/792/783 812/338/334 804/336/332
f 803/792/783 804/336/332 795/793/784
f 795/793/784 804/336/332 796/334/330
f 795/793/784 796/334/330 787/794/785
f 787/794/785 796/334/330 788/332/328
f 787/794/785 788/332/328 779/795/786
f 779/795/786 788/332/328 780/330/326
f 779/795/786 780/330/326 771/796/787
f 771/796/787 780/330/326 772/328/324
f 771/796/787 772/328/324 763/797/788
f 763/797/788 772/328/324 764/326/322
f 763/797/788 764/326/322 755/798/789
f 755/798/789 764/326/322 756/324/320
f 755/798/789 756/324/320 747/799/790
f 747/799/790 756/324/320 748/322/318
f 747/799/790 748/322/318 739/800/791
f 739/800/791 748/322/318 740/320/316
f 739/800/791 740/320/316 731/801/792
f 731/801/792 740/320/316 732/318/314
f 731/801/792 732/318/314 723/802/793
f 723/802/793 732/318/314 724/316/312
f 723/802/793 724/316/312 715/803/794
f 715/803/794 724/316/312 716/314/310
f 715/803/794 716/314/310 707/804/795
f 707/804/795 716/314/310 708/312/308
f 707/804/795 708/312/308 699/805/796
f 699/805/796 708/312/308 700/310/306
f 699/805/796 700/310/306 691/806/797
f 691/806/797 700/310/306 692/308/304
f 691/806/797 692/308/304 683/807/798
f 683/807/798 692/308/304 684/306/302
f 683/807/798 684/306/302 675/808/799
f 675/808/799 684/306/302 676/304/300
f 675/808/799 676/304/300 667/809/800
f 667/809/800 676/304/300 668/302/298
f 667/809/800 668/302/298 659/810/801
f 659/810/801 668/302/298 660/300/296
f 659/810/801 660/300/296 651/811/802
f 651/811/802 660/300/296 652/298/294
f 651/811/802 652/298/294 643/812/803
f 643/812/803 652/298/294 644/296/292
f 643/812/803 644/296/292 635/813/804
f 635/813/804 644/296/292 636/294/290
f 635/813/804 636/294/290 627/814/805
f 627/814/805 636/294/290 628/292/288
f 627/814/805 628/292/288 619/815/806
f 619/815/806 628/292/288 620/290/286
f 619/815/806 620/290/286 611/816/807
f 611/816/807 620/290/286 612/288/284
f 611/816/807 612/288/284 603/817/808
f 603/817/808 612/288/284 604/286/282
f 603/817/808 604/286/282 595/818/809
f 595/818/809 604/286/282 596/284/280
f 595/818/809 596/284/280 587/819/810
f 587/819/810 596/284/280 588/282/278
f 587/819/810 588/282/278 579/820/811
f 579/820/811 588/282/278 580/280/276
f 579/820/811 580/280/276 571/821/812
f 571/821/812 580/280/276 572/278/274
f 571/821/812 572/278/274 563/822/813
f 563/822/813 572/278/274 564/276/272
f 563/822/813 564/276/272 555/823/814
f 555/823/814 564/276/272 556/274/270
f 555/823/814 556/274/270 547/824/815
f 547/824/815 556/274/270 548/272/268
f 547/824/815 548/272/268 539/825/816
f 539/825/816 548/272/268 540/270/266
f 539/825/816 540/270/266 531/826/817
f 531/826/817 540/270/266 532/268/264
f 531/826/817 532/268/264 523/827/818
f 523/827/818 532/268/264 524/266/262
f 523/827/818 524/266/262 515/828/819
f 515/828/819 524/266/262 516/264/260
f 515/828/819 516/264/260 507/829/820
f 507/829/820 516/264/260 508/262/258
f 507/829/820 508/262/258 499/830/821
f 499/830/821 508/262/258 500/260/256
f 499/830/821 500/260/256 491/831/822
f 491/831/822 500/260/256 492/258/254
f 491/831/822 492/258/254 483/832/823
f 483/832/823 492/258/254 484/256/252
f 483/832/823 484/256/252 475/833/824
f 475/833/824 484/256/252 476/254/250
f 475/833/824 476/254/250 467/834/825
f 467/834/825 476/254/250 468/252/248
f 467/834/825 468/252/248 459/835/826
f 459/835/826 468/252/248 460/250/246
f 459/835/826 460/250/246 451/836/827
f 451/836/827 460/250/246 452/248/244
f 451/836/827 452/248/244 443/837/828
f 443/837/828 452/248/244 444/246/242
f 443/837/828 444/246/242 435/838/829
f 435/838/829 444/246/242 436/244/240
f 435/838/829 436/244/240 427/839/830
f 427/839/830 436/244/240 428/242/238
f 427/839/830 428/242/238 419/840/831
f 419/840/831 428/242/238 420/240/236
f 419/840/831 420/240/236 411/841/832
f 411/841/832 420/240/236 412/238/234
f 411/841/832 412/238/234 403/842/833
f 403/842/833 412/238/234 404/236/232
f 403/842/833 404/236/232 395/843/834
f 395/843/834 404/236/232 396/234/230
f 395/843/834 396/234/230 387/844/835
f 387/844/835 396/234/230 388/232/228
f 387/844/835 388/232/228 379/845/836
f 379/845/836 388/232/228 380/230/226
f 379/845/836 380/230/226 371/846/837
f 371/846/837 380/230/226 372/228/224
f 371/846/837 372/228/224 363/847/838
f 363/847/838 372/228/224 364/226/222
f 363/847/838 364/226/222 355/848/839
f 355/848/839 364/226/222 356/224/220
f 355/848/839 356/224/220 347/849/840
f 347/849/840 356/224/220 348/222/218
f 347/849/840 348/222/218 339/850/841
f 339/850/841 348/222/218 340/220/216
f 339/850/841 340/220/216 331/851/842
f 331/851/842 340/220/216 332/218/214
f 331/851/842 332/218/214 323/852/843
f 323/852/843 332/218/214 324/216/212
f 323/852/843 324/216/212 315/853/844
f 315/853/844 324/216/212 316/214/210
f 315/853/844 316/214/210 307/854/845
f 307/854/845 316/214/210 308/212/208
f 307/854/845 308/212/208 299/855/846
f 299/855/846 308/212/208 300/210/206
f 299/855/846 300/210/206 291/856/847
f 291/856/847 300/210/206 292/208/204
f 291/856/847 292/208/204 283/857/848
f 283/857/848 292/208/204 284/206/202
f 283/857/848 284/206/202 275/858/849
f 275/858/849 284/206/202 276/204/200
f 275/858/849 276/204/200 267/859/850
f 267/859/850 276/204/200 268/202/198
f 267/859/850 268/202/198 259/860/851
f 259/860/851 268/202/198 260/200/196
f 259/860/851 260/200/196 251/861/852
f 251/861/852 260/200/196 252/198/194
f 251/861/852 252/198/194 243/862/853
f 243/862/853 252/198/194 244/196/192
f 243/862/853 244/196/192 235/863/854
f 235/863/854 244/196/192 236/194/190
f 235/863/854 236/194/190 227/864/855
f 227/864/855 236/194/190 228/192/188
f 227/864/855 228/192/188 219/865/856
f 219/865/856 228/192/188 220/190/186
f 219/865/856 220/190/186 211/866/857
f 211/866/857 220/190/186 212/188/184
f 211/866/857 212/188/184 203/867/858
f 203/867/858 212/188/184 204/186/182
f 203/867/858 204/186/182 195/868/859
f 195/868/859 204/186/182 196/184/180
f 195/868/859 196/184/180 187/869/860
f 187/869/860 196/184/180 188/182/178
f 187/869/860 188/182/178 179/870/775
f 179/870/775 188/182/178 180/180/176
f 86/871/861 45/872/862 1/873/863
f 1/873/863 45/872/862 44/874/864
f 1/873/863 44/874/864 2/875/865
f 2/875/865 44/874/864 43/876/866
f 2/875/865 43/876/866 3/877/867
f 3/877/867 43/876/866 42/878/868
f 3/877/867 42/878/868 4/879/869
f 4/879/869 42/878/868 41/880/870
f 4/879/869 41/880/870 5/881/871
f 5/881/871 41/880/870 40/882/872
f 5/881/871 40/882/872 6/883/873
f 6/883/873 40/882/872 39/884/874
f 6/883/873 39/884/874 7/885/875
f 7/885/875 39/884/874 38/886/876
f 7/885/875 38/886/876 8/887/877
f 8/887/877 38/886/876 37/888/878
f 8/887/877 37/888/878 9/889/879
f 9/889/879 37/888/878 36/890/880
f 9/889/879 36/890/880 10/891/881
f 10/891/881 36/890/880 35/892/882
f 10/891/881 35/892/882 11/893/883
f 11/893/883 35/892/882 34/894/884
f 11/893/883 34/894/884 12/895/885
f 12/895/885 34/894/884 33/896/886
f 12/895/885 33/896/886 13/897/887
f 13/897/887 33/896/886 32/898/888
f 13/897/887 32/898/888 14/899/889
f 14/899/889 32/898/888 31/900/890
f 14/899/889 31/900/890 15/901/891
f 15/901/891 31/900/890 30/902/892
f 15/901/891 30/902/892 16/903/893
f 16/903/893 30/902/892 29/904/894
f 16/903/893 29/904/894 17/905/895
f 17/905/895 29/904/894 28/906/896
f 17/905/895 28/906/896 18/907/897
f 18/907/897 28/906/896 27/908/898
f 18/907/897 27/908/898 19/909/899
f 19/909/899 27/908/898 26/910/900
f 19/909/899 26/910/900 20/911/901
f 20/911/901 26/910/900 25/912/902
f 20/911/901 25/912/902 21/913/903
f 21/913/903 25/912/902 24/914/904
f 21/913/903 24/914/904 22/915/905
f 22/915/905 24/914/904 23/916/906
f 45/872/862 86/871/861 46/917/907
f 46/917/907 86/871/861 85/918/908
f 46/917/907 85/918/908 47/919/909
f 47/919/909 85/918/908 84/920/910
f 47/919/909 84/920/910 48/921/911
f 48/921/911 84/920/910 83/922/912
f 48/921/911 83/922/912 49/923/913
f 49/923/913 83/922/912 82/924/914
f 49/923/913 82/924/914 50/925/915
f 50/925/915 82/924/914 81/926/916
f 50/925/915 81/926/916 51/927/917
f 51/927/917 81/926/916 80/928/918
f 51/927/917 80/928/918 52/929/919
f 52/929/919 80/928/918 79/930/920
f 52/929/919 79/930/920 53/931/921
f 53/931/921 79/930/920 78/932/922
f 53/931/921 78/932/922 54/933/923
f 54/933/923 78/932/922 77/934/924
f 54/933/923 77/934/924 55/935/925
f 55/935/925 77/934/924 76/936/926
f 55/935/925 76/936/926 56/937/927
f 56/937/927 76/936/926 75/938/928
f 56/937/927 75/938/928 57/939/929
f 57/939/929 75/938/928 74/940/930
f 57/939/929 74/940/930 58/941/931
f 58/941/931 74/940/930 73/942/932
f 58/941/931 73/942/932 59/943/933
f 59/943/933 73/942/932 72/944/934
f 59/943/933 72/944/934 60/945/935
f 60/945/935 72/944/934 71/946/936
f 60/945/935 71/946/936 61/947/937
f 61/947/937 71/946/936 70/948/938
f 61/947/937 70/948/938 62/949/939
f 62/949/939 70/948/938 69/950/940
f 62/949/939 69/950/940 63/951/941
f 63/951/941 69/950/940 68/952/942
f 63/951/941 68/952/942 64/953/943
f 64/953/943 68/952/942 67/954/944
f 64/953/943 67/954/944 65/955/945
f 65/955/945 67/954/944 66/956/946
f 172/957/947 131/958/948 87/959/949
f 87/959/949 131/958/948 130/960/950
f 87/959/949 130/960/950 88/961/951
f 88/961/951 130/960/950 129/962/952
f 88/961/951 129/962/952 89/963/953
f 89/963/953 129/962/952 128/964/954
f 89/963/953 128/964/954 90/965/955
f 90/965/955 128/964/954 127/966/956
f 90/965/955 127/966/956 91/967/957
f 91/967/957 127/966/956 126/968/958
f 91/967/957 126/968/958 92/969/959
f 92/969/959 126/968/958 125/970/960
f 92/969/959 125/970/960 93/971/961
f 93/971/961 125/970/960 124/972/962
f 93/971/961 124/972/962 94/973/963
f 94/973/963 124/972/962 123/974/964
f 94/973/963 123/974/964 95/975/965
f 95/975/965 123/974/964 122/976/966
f 95/975/965 122/976/966 96/977/967
f 96/977/967 122/976/966 121/978/968
f 96/977/967 121/978/968 97/979/969
f 97/979/969 121/978/968 120/980/970
f 97/979/969 120/980/970 98/981/971
f 98/981/971 120/980/970 119/982/972
f 98/981/971 119/982/972 99/983/973
f 99/983/973 119/982/972 118/984/974
f 99/983/973 118/984/974 100/985/975
f 100/985/975 118/984/974 117/986/976
f 100/985/975 117/986/976 101/987/977
f 101/987/977 117/986/976 116/988/978
f 101/987/977 116/988/978 102/989/979
f 102/989/979 116/988/978 115/990/980
f 102/989/979 115/990/980 103/991/981
f 103/991/981 115/990/980 114/992/982
f 103/991/981 114/992/982 104/993/983
f 104/993/983 114/992/982 113/994/984
f 104/993/983 113/994/984 105/995/985
f 105/995/985 113/994/984 112/996/986
f 105/995/985 112/996/986 106/997/987
f 106/997/987 112/996/986 111/998/988
f 106/997/987 111/998/988 107/999/989
f 107/999/989 111/998/988 110/1000/990
f 107/999/989 110/1000/990 108/1001/991
f 108/1001/991 110/1000/990 109/1002/992
f 131/958/948 172/957/947 132/1003/993
f 132/1003/993 172/957/947 171/1004/994
f 132/1003/993 171/1004/994 133/1005/995
f 133/1005/995 171/1004/994 170/1006/996
f 133/1005/995 170/1006/996 134/1007/997
f 134/1007/997 170/1006/996 169/1008/998
f 134/1007/997 169/1008/998 135/1009/999
f 135/1009/999 169/1008/998 168/1010/1000
f 135/1009/999 168/1010/1000 136/1011/1001
f 136/1011/1001 168/1010/1000 167/1012/1002
f 136/1011/1001 167/1012/1002 137/1013/1003
f 137/1013/1003 167/1012/1002 166/1014/1004
f 137/1013/1003 166/1014/1004 138/1015/1005
f 138/1015/1005 166/1014/1004 165/1016/1006
f 138/1015/1005 165/1016/1006 139/1017/1007
f 139/1017/1007 165/1016/1006 164/1018/1008
f 139/1017/1007 164/1018/1008 140/1019/1009
f 140/1019/1009 164/1018/1008 163/1020/1010
f 140/1019/1009 163/1020/1010 141/1021/1011
f 141/1021/1011 163/1020/1010 162/1022/1012
f 141/1021/1011 162/1022/1012 142/1023/1013
f 142/1023/1013 162/1022/1012 161/1024/1014
f 142/1023/1013 161/1024/1014 143/1025/1015
f 143/1025/1015 161/1024/1014 160/1026/1016
f 143/1025/1015 160/1026/1016 144/1027/1017
f 144/1027/1017 160/1026/1016 159/1028/1018
f 144/1027/1017 159/1028/1018 145/1029/1019
f 145/1029/1019 159/1028/1018 158/1030/1020
f 145/1029/1019 158/1030/1020 146/1031/1021
f 146/1031/1021 158/1030/1020 157/1032/1022
f 146/1031/1021 157/1032/1022 147/1033/1023
f 147/1033/1023 157/1032/1022 156/1034/1024
f 147/1033/1023 156/1034/1024 148/1035/1025
f 148/1035/1025 156/1034/1024 155/1036/1026
f 148/1035/1025 155/1036/1026 149/1037/1027
f 149/1037/1027 155/1036/1026 154/1038/1028
f 149/1037/1027 154/1038/1028 150/1039/1029
f 150/1039/1029 154/1038/1028 153/1040/1030
f 150/1039/1029 153/1040/1030 151/1041/1031
f 151/1041/1031 153/1040/1030 152/1042/1032
# 860 vertices
# 1042 texture params
# 1032 normals
# 1716 facets

# 1 groups
