mtllib asset_socket.mat
v -0.003747 -0.000000 0.026047
v -0.003741 -0.000214 0.026047
v -0.003723 -0.000427 0.026047
v -0.003692 -0.000639 0.026047
v -0.003650 -0.000849 0.026047
v -0.003595 -0.001056 0.026047
v -0.003529 -0.001259 0.026047
v -0.003451 -0.001459 0.026047
v -0.003363 -0.001653 0.026047
v -0.003263 -0.001843 0.026047
v -0.003152 -0.002026 0.026047
v -0.003031 -0.002202 0.026047
v -0.002901 -0.002372 0.026047
v -0.002761 -0.002534 0.026047
v -0.002611 -0.002687 0.026047
v -0.002454 -0.002832 0.026047
v -0.002288 -0.002967 0.026047
v -0.002115 -0.003093 0.026047
v -0.001935 -0.003209 0.026047
v -0.001749 -0.003314 0.026047
v -0.001557 -0.003408 0.026047
v -0.001359 -0.003492 0.026047
v -0.001158 -0.003564 0.026047
v -0.000953 -0.003624 0.026047
v -0.000744 -0.003672 0.026047
v -0.000533 -0.003709 0.026047
v -0.000321 -0.003733 0.026047
v -0.000107 -0.003745 0.026047
v 0.000107 -0.003745 0.026047
v 0.000321 -0.003733 0.026047
v 0.000533 -0.003709 0.026047
v 0.000744 -0.003672 0.026047
v 0.000953 -0.003624 0.026047
v 0.001158 -0.003564 0.026047
v 0.001359 -0.003492 0.026047
v 0.001557 -0.003408 0.026047
v 0.001749 -0.003314 0.026047
v 0.001935 -0.003209 0.026047
v 0.002115 -0.003093 0.026047
v 0.002288 -0.002967 0.026047
v 0.002454 -0.002832 0.026047
v 0.002611 -0.002687 0.026047
v 0.002761 -0.002534 0.026047
v 0.002901 -0.002372 0.026047
v 0.003031 -0.002202 0.026047
v 0.003152 -0.002026 0.026047
v 0.003263 -0.001843 0.026047
v 0.003363 -0.001653 0.026047
v 0.003451 -0.001459 0.026047
v 0.003529 -0.001259 0.026047
v 0.003595 -0.001056 0.026047
v 0.003650 -0.000849 0.026047
v 0.003692 -0.000639 0.026047
v 0.003723 -0.000427 0.026047
v 0.003741 -0.000214 0.026047
v 0.003747 0.000000 0.026047
v 0.003741 0.000214 0.026047
v 0.003723 0.000427 0.026047
v 0.003692 0.000639 0.026047
v 0.003650 0.000849 0.026047
v 0.003595 0.001056 0.026047
v 0.003529 0.001259 0.026047
v 0.003451 0.001459 0.026047
v 0.003363 0.001653 0.026047
v 0.003263 0.001843 0.026047
v 0.003152 0.002026 0.026047
v 0.003031 0.002202 0.026047
v 0.002901 0.002372 0.026047
v 0.002761 0.002534 0.026047
v 0.002611 0.002687 0.026047
v 0.002454 0.002832 0.026047
v 0.002288 0.002967 0.026047
v 0.002115 0.003093 0.026047
v 0.001935 0.003209 0.026047
v 0.001749 0.003314 0.026047
v 0.001557 0.003408 0.026047
v 0.001359 0.003492 0.026047
v 0.001158 0.003564 0.026047
v 0.000953 0.003624 0.026047
v 0.000744 0.003672 0.026047
v 0.000533 0.003709 0.026047
v 0.000321 0.003733 0.026047
v 0.000107 0.003745 0.026047
v -0.000107 0.003745 0.026047
v -0.000321 0.003733 0.026047
v -0.000533 0.003709 0.026047
v -0.000744 0.003672 0.026047
v -0.000953 0.003624 0.026047
v -0.001158 0.003564 0.026047
v -0.001359 0.003492 0.026047
v -0.001557 0.003408 0.026047
v -0.001749 0.003314 0.026047
v -0.001935 0.003209 0.026047
v -0.002115 0.003093 0.026047
v -0.002288 0.002967 0.026047
v -0.002454 0.002832 0.026047
v -0.002611 0.002687 0.026047
v -0.002761 0.002534 0.026047
v -0.002901 0.002372 0.026047
v -0.003031 0.002202 0.026047
v -0.003152 0.002026 0.026047
v -0.003263 0.001843 0.026047
v -0.003363 0.001653 0.026047
v -0.003451 0.001459 0.026047
v -0.003529 0.001259 0.026047
v -0.003595 0.001056 0.026047
v -0.003650 0.000849 0.026047
v -0.003692 0.000639 0.026047
v -0.003723 0.000427 0.026047
v -0.003741 0.000214 0.026047
v -0.003747 -0.000000 0.000000
v -0.003741 0.000214 0.000000
v -0.003723 0.000427 0.000000
v -0.003692 0.000639 0.000000
v -0.003650 0.000849 0.000000
v -0.003595 0.001056 0.000000
v -0.003529 0.001259 0.000000
v -0.003451 0.001459 0.000000
v -0.003363 0.001653 0.000000
v -0.003263 0.001843 0.000000
v -0.003152 0.002026 0.000000
v -0.003031 0.002202 0.000000
v -0.002901 0.002372 0.000000
v -0.002761 0.002534 0.000000
v -0.002611 0.002687 0.000000
v -0.002454 0.002832 0.000000
v -0.002288 0.002967 0.000000
v -0.002115 0.003093 0.000000
v -0.001935 0.003209 0.000000
v -0.001749 0.003314 0.000000
v -0.001557 0.003408 0.000000
v -0.001359 0.003492 0.000000
v -0.001158 0.003564 0.000000
v -0.000953 0.003624 0.000000
v -0.000744 0.003672 0.000000
v -0.000533 0.003709 0.000000
v -0.000321 0.003733 0.000000
v -0.000107 0.003745 0.000000
v 0.000107 0.003745 0.000000
v 0.000321 0.003733 0.000000
v 0.000533 0.003709 0.000000
v 0.000744 0.003672 0.000000
v 0.000953 0.003624 0.000000
v 0.001158 0.003564 0.000000
v 0.001359 0.003492 0.000000
v 0.001557 0.003408 0.000000
v 0.001749 0.003314 0.000000
v 0.001935 0.003209 0.000000
v 0.002115 0.003093 0.000000
v 0.002288 0.002967 0.000000
v 0.002454 0.002832 0.000000
v 0.002611 0.002687 0.000000
v 0.002761 0.002534 0.000000
v 0.002901 0.002372 0.000000
v 0.003031 0.002202 0.000000
v 0.003152 0.002026 0.000000
v 0.003263 0.001843 0.000000
v 0.003363 0.001653 0.000000
v 0.003451 0.001459 0.000000
v 0.003529 0.001259 0.000000
v 0.003595 0.001056 0.000000
v 0.003650 0.000849 0.000000
v 0.003692 0.000639 0.000000
v 0.003723 0.000427 0.000000
v 0.003741 0.000214 0.000000
v 0.003747 0.000000 0.000000
v 0.003741 -0.000214 0.000000
v 0.003723 -0.000427 0.000000
v 0.003692 -0.000639 0.000000
v 0.003650 -0.000849 0.000000
v 0.003595 -0.001056 0.000000
v 0.003529 -0.001259 0.000000
v 0.003451 -0.001459 0.000000
v 0.003363 -0.001653 0.000000
v 0.003263 -0.001843 0.000000
v 0.003152 -0.002026 0.000000
v 0.003031 -0.002202 0.000000
v 0.002901 -0.002372 0.000000
v 0.002761 -0.002534 0.000000
v 0.002611 -0.002687 0.000000
v 0.002454 -0.002832 0.000000
v 0.002288 -0.002967 0.000000
v 0.002115 -0.003093 0.000000
v 0.001935 -0.003209 0.000000
v 0.001749 -0.003314 0.000000
v 0.001557 -0.003408 0.000000
v 0.001359 -0.003492 0.000000
v 0.001158 -0.003564 0.000000
v 0.000953 -0.003624 0.000000
v 0.000744 -0.003672 0.000000
v 0.000533 -0.003709 0.000000
v 0.000321 -0.003733 0.000000
v 0.000107 -0.003745 0.000000
v -0.000107 -0.003745 0.000000
v -0.000321 -0.003733 0.000000
v -0.000533 -0.003709 0.000000
v -0.000744 -0.003672 0.000000
v -0.000953 -0.003624 0.000000
v -0.001158 -0.003564 0.000000
v -0.001359 -0.003492 0.000000
v -0.001557 -0.003408 0.000000
v -0.001749 -0.003314 0.000000
v -0.001935 -0.003209 0.000000
v -0.002115 -0.003093 0.000000
v -0.002288 -0.002967 0.000000
v -0.002454 -0.002832 0.000000
v -0.002611 -0.002687 0.000000
v -0.002761 -0.002534 0.000000
v -0.002901 -0.002372 0.000000
v -0.003031 -0.002202 0.000000
v -0.003152 -0.002026 0.000000
v -0.003263 -0.001843 0.000000
v -0.003363 -0.001653 0.000000
v -0.003451 -0.001459 0.000000
v -0.003529 -0.001259 0.000000
v -0.003595 -0.001056 0.000000
v -0.003650 -0.000849 0.000000
v -0.003692 -0.000639 0.000000
v -0.003723 -0.000427 0.000000
v -0.003741 -0.000214 0.000000
v -0.003747 0.000000 0.021706
v -0.003747 0.000000 0.017365
v -0.003747 0.000000 0.013024
v -0.003747 0.000000 0.008682
v -0.003747 0.000000 0.004341
v -0.003741 -0.000214 0.021706
v -0.003741 -0.000214 0.017365
v -0.003741 -0.000214 0.013024
v -0.003741 -0.000214 0.008682
v -0.003741 -0.000214 0.004341
v -0.003723 -0.000427 0.021706
v -0.003723 -0.000427 0.017365
v -0.003723 -0.000427 0.013024
v -0.003723 -0.000427 0.008682
v -0.003723 -0.000427 0.004341
v -0.003692 -0.000639 0.021706
v -0.003692 -0.000639 0.017365
v -0.003692 -0.000639 0.013024
v -0.003692 -0.000639 0.008682
v -0.003692 -0.000639 0.004341
v -0.003650 -0.000849 0.021706
v -0.003650 -0.000849 0.017365
v -0.003650 -0.000849 0.013024
v -0.003650 -0.000849 0.008682
v -0.003650 -0.000849 0.004341
v -0.003595 -0.001056 0.021706
v -0.003595 -0.001056 0.017365
v -0.003595 -0.001056 0.013024
v -0.003595 -0.001056 0.008682
v -0.003595 -0.001056 0.004341
v -0.003529 -0.001259 0.021706
v -0.003529 -0.001259 0.017365
v -0.003529 -0.001259 0.013024
v -0.003529 -0.001259 0.008682
v -0.003529 -0.001259 0.004341
v -0.003451 -0.001459 0.021706
v -0.003451 -0.001459 0.017365
v -0.003451 -0.001459 0.013024
v -0.003451 -0.001459 0.008682
v -0.003451 -0.001459 0.004341
v -0.003363 -0.001653 0.021706
v -0.003363 -0.001653 0.017365
v -0.003363 -0.001653 0.013024
v -0.003363 -0.001653 0.008682
v -0.003363 -0.001653 0.004341
v -0.003263 -0.001843 0.021706
v -0.003263 -0.001843 0.017365
v -0.003263 -0.001843 0.013024
v -0.003263 -0.001843 0.008682
v -0.003263 -0.001843 0.004341
v -0.003152 -0.002026 0.021706
v -0.003152 -0.002026 0.017365
v -0.003152 -0.002026 0.013024
v -0.003152 -0.002026 0.008682
v -0.003152 -0.002026 0.004341
v -0.003031 -0.002202 0.021706
v -0.003031 -0.002202 0.017365
v -0.003031 -0.002202 0.013024
v -0.003031 -0.002202 0.008682
v -0.003031 -0.002202 0.004341
v -0.002901 -0.002372 0.021706
v -0.002901 -0.002372 0.017365
v -0.002901 -0.002372 0.013024
v -0.002901 -0.002372 0.008682
v -0.002901 -0.002372 0.004341
v -0.002761 -0.002534 0.021706
v -0.002761 -0.002534 0.017365
v -0.002761 -0.002534 0.013024
v -0.002761 -0.002534 0.008682
v -0.002761 -0.002534 0.004341
v -0.002611 -0.002687 0.021706
v -0.002611 -0.002687 0.017365
v -0.002611 -0.002687 0.013024
v -0.002611 -0.002687 0.008682
v -0.002611 -0.002687 0.004341
v -0.002454 -0.002832 0.021706
v -0.002454 -0.002832 0.017365
v -0.002454 -0.002832 0.013024
v -0.002454 -0.002832 0.008682
v -0.002454 -0.002832 0.004341
v -0.002288 -0.002967 0.021706
v -0.002288 -0.002967 0.017365
v -0.002288 -0.002967 0.013024
v -0.002288 -0.002967 0.008682
v -0.002288 -0.002967 0.004341
v -0.002115 -0.003093 0.021706
v -0.002115 -0.003093 0.017365
v -0.002115 -0.003093 0.013024
v -0.002115 -0.003093 0.008682
v -0.002115 -0.003093 0.004341
v -0.001935 -0.003209 0.021706
v -0.001935 -0.003209 0.017365
v -0.001935 -0.003209 0.013024
v -0.001935 -0.003209 0.008682
v -0.001935 -0.003209 0.004341
v -0.001749 -0.003314 0.021706
v -0.001749 -0.003314 0.017365
v -0.001749 -0.003314 0.013024
v -0.001749 -0.003314 0.008682
v -0.001749 -0.003314 0.004341
v -0.001557 -0.003408 0.021706
v -0.001557 -0.003408 0.017365
v -0.001557 -0.003408 0.013024
v -0.001557 -0.003408 0.008682
v -0.001557 -0.003408 0.004341
v -0.001359 -0.003492 0.021706
v -0.001359 -0.003492 0.017365
v -0.001359 -0.003492 0.013024
v -0.001359 -0.003492 0.008682
v -0.001359 -0.003492 0.004341
v -0.001158 -0.003564 0.021706
v -0.001158 -0.003564 0.017365
v -0.001158 -0.003564 0.013024
v -0.001158 -0.003564 0.008682
v -0.001158 -0.003564 0.004341
v -0.000953 -0.003624 0.021706
v -0.000953 -0.003624 0.017365
v -0.000953 -0.003624 0.013024
v -0.000953 -0.003624 0.008682
v -0.000953 -0.003624 0.004341
v -0.000744 -0.003672 0.021706
v -0.000744 -0.003672 0.017365
v -0.000744 -0.003672 0.013024
v -0.000744 -0.003672 0.008682
v -0.000744 -0.003672 0.004341
v -0.000533 -0.003709 0.021706
v -0.000533 -0.003709 0.017365
v -0.000533 -0.003709 0.013024
v -0.000533 -0.003709 0.008682
v -0.000533 -0.003709 0.004341
v -0.000321 -0.003733 0.021706
v -0.000321 -0.003733 0.017365
v -0.000321 -0.003733 0.013024
v -0.000321 -0.003733 0.008682
v -0.000321 -0.003733 0.004341
v -0.000107 -0.003745 0.021706
v -0.000107 -0.003745 0.017365
v -0.000107 -0.003745 0.013024
v -0.000107 -0.003745 0.008682
v -0.000107 -0.003745 0.004341
v 0.000107 -0.003745 0.021706
v 0.000107 -0.003745 0.017365
v 0.000107 -0.003745 0.013024
v 0.000107 -0.003745 0.008682
v 0.000107 -0.003745 0.004341
v 0.000321 -0.003733 0.021706
v 0.000321 -0.003733 0.017365
v 0.000321 -0.003733 0.013024
v 0.000321 -0.003733 0.008682
v 0.000321 -0.003733 0.004341
v 0.000533 -0.003709 0.021706
v 0.000533 -0.003709 0.017365
v 0.000533 -0.003709 0.013024
v 0.000533 -0.003709 0.008682
v 0.000533 -0.003709 0.004341
v 0.000744 -0.003672 0.021706
v 0.000744 -0.003672 0.017365
v 0.000744 -0.003672 0.013024
v 0.000744 -0.003672 0.008682
v 0.000744 -0.003672 0.004341
v 0.000953 -0.003624 0.021706
v 0.000953 -0.003624 0.017365
v 0.000953 -0.003624 0.013024
v 0.000953 -0.003624 0.008682
v 0.000953 -0.003624 0.004341
v 0.001158 -0.003564 0.021706
v 0.001158 -0.003564 0.017365
v 0.001158 -0.003564 0.013024
v 0.001158 -0.003564 0.008682
v 0.001158 -0.003564 0.004341
v 0.001359 -0.003492 0.021706
v 0.001359 -0.003492 0.017365
v 0.001359 -0.003492 0.013024
v 0.001359 -0.003492 0.008682
v 0.001359 -0.003492 0.004341
v 0.001557 -0.003408 0.021706
v 0.001557 -0.003408 0.017365
v 0.001557 -0.003408 0.013024
v 0.001557 -0.003408 0.008682
v 0.001557 -0.003408 0.004341
v 0.001749 -0.003314 0.021706
v 0.001749 -0.003314 0.017365
v 0.001749 -0.003314 0.013024
v 0.001749 -0.003314 0.008682
v 0.001749 -0.003314 0.004341
v 0.001935 -0.003209 0.021706
v 0.001935 -0.003209 0.017365
v 0.001935 -0.003209 0.013024
v 0.001935 -0.003209 0.008682
v 0.001935 -0.003209 0.004341
v 0.002115 -0.003093 0.021706
v 0.002115 -0.003093 0.017365
v 0.002115 -0.003093 0.013024
v 0.002115 -0.003093 0.008682
v 0.002115 -0.003093 0.004341
v 0.002288 -0.002967 0.021706
v 0.002288 -0.002967 0.017365
v 0.002288 -0.002967 0.013024
v 0.002288 -0.002967 0.008682
v 0.002288 -0.002967 0.004341
v 0.002454 -0.002832 0.021706
v 0.002454 -0.002832 0.017365
v 0.002454 -0.002832 0.013024
v 0.002454 -0.002832 0.008682
v 0.002454 -0.002832 0.004341
v 0.002611 -0.002687 0.021706
v 0.002611 -0.002687 0.017365
v 0.002611 -0.002687 0.013024
v 0.002611 -0.002687 0.008682
v 0.002611 -0.002687 0.004341
v 0.002761 -0.002534 0.021706
v 0.002761 -0.002534 0.017365
v 0.002761 -0.002534 0.013024
v 0.002761 -0.002534 0.008682
v 0.002761 -0.002534 0.004341
v 0.002901 -0.002372 0.021706
v 0.002901 -0.002372 0.017365
v 0.002901 -0.002372 0.013024
v 0.002901 -0.002372 0.008682
v 0.002901 -0.002372 0.004341
v 0.003031 -0.002202 0.021706
v 0.003031 -0.002202 0.017365
v 0.003031 -0.002202 0.013024
v 0.003031 -0.002202 0.008682
v 0.003031 -0.002202 0.004341
v 0.003152 -0.002026 0.021706
v 0.003152 -0.002026 0.017365
v 0.003152 -0.002026 0.013024
v 0.003152 -0.002026 0.008682
v 0.003152 -0.002026 0.004341
v 0.003263 -0.001843 0.021706
v 0.003263 -0.001843 0.017365
v 0.003263 -0.001843 0.013024
v 0.003263 -0.001843 0.008682
v 0.003263 -0.001843 0.004341
v 0.003363 -0.001653 0.021706
v 0.003363 -0.001653 0.017365
v 0.003363 -0.001653 0.013024
v 0.003363 -0.001653 0.008682
v 0.003363 -0.001653 0.004341
v 0.003451 -0.001459 0.021706
v 0.003451 -0.001459 0.017365
v 0.003451 -0.001459 0.013024
v 0.003451 -0.001459 0.008682
v 0.003451 -0.001459 0.004341
v 0.003529 -0.001259 0.021706
v 0.003529 -0.001259 0.017365
v 0.003529 -0.001259 0.013024
v 0.003529 -0.001259 0.008682
v 0.003529 -0.001259 0.004341
v 0.003595 -0.001056 0.021706
v 0.003595 -0.001056 0.017365
v 0.003595 -0.001056 0.013024
v 0.003595 -0.001056 0.008682
v 0.003595 -0.001056 0.004341
v 0.003650 -0.000849 0.021706
v 0.003650 -0.000849 0.017365
v 0.003650 -0.000849 0.013024
v 0.003650 -0.000849 0.008682
v 0.003650 -0.000849 0.004341
v 0.003692 -0.000639 0.021706
v 0.003692 -0.000639 0.017365
v 0.003692 -0.000639 0.013024
v 0.003692 -0.000639 0.008682
v 0.003692 -0.000639 0.004341
v 0.003723 -0.000427 0.021706
v 0.003723 -0.000427 0.017365
v 0.003723 -0.000427 0.013024
v 0.003723 -0.000427 0.008682
v 0.003723 -0.000427 0.004341
v 0.003741 -0.000214 0.021706
v 0.003741 -0.000214 0.017365
v 0.003741 -0.000214 0.013024
v 0.003741 -0.000214 0.008682
v 0.003741 -0.000214 0.004341
v 0.003747 0.000000 0.021706
v 0.003747 0.000000 0.017365
v 0.003747 0.000000 0.013024
v 0.003747 0.000000 0.008682
v 0.003747 0.000000 0.004341
v 0.003741 0.000214 0.021706
v 0.003741 0.000214 0.017365
v 0.003741 0.000214 0.013024
v 0.003741 0.000214 0.008682
v 0.003741 0.000214 0.004341
v 0.003723 0.000427 0.021706
v 0.003723 0.000427 0.017365
v 0.003723 0.000427 0.013024
v 0.003723 0.000427 0.008682
v 0.003723 0.000427 0.004341
v 0.003692 0.000639 0.021706
v 0.003692 0.000639 0.017365
v 0.003692 0.000639 0.013024
v 0.003692 0.000639 0.008682
v 0.003692 0.000639 0.004341
v 0.003650 0.000849 0.021706
v 0.003650 0.000849 0.017365
v 0.003650 0.000849 0.013024
v 0.003650 0.000849 0.008682
v 0.003650 0.000849 0.004341
v 0.003595 0.001056 0.021706
v 0.003595 0.001056 0.017365
v 0.003595 0.001056 0.013024
v 0.003595 0.001056 0.008682
v 0.003595 0.001056 0.004341
v 0.003529 0.001259 0.021706
v 0.003529 0.001259 0.017365
v 0.003529 0.001259 0.013024
v 0.003529 0.001259 0.008682
v 0.003529 0.001259 0.004341
v 0.003451 0.001459 0.021706
v 0.003451 0.001459 0.017365
v 0.003451 0.001459 0.013024
v 0.003451 0.001459 0.008682
v 0.003451 0.001459 0.004341
v 0.003363 0.001653 0.021706
v 0.003363 0.001653 0.017365
v 0.003363 0.001653 0.013024
v 0.003363 0.001653 0.008682
v 0.003363 0.001653 0.004341
v 0.003263 0.001843 0.021706
v 0.003263 0.001843 0.017365
v 0.003263 0.001843 0.013024
v 0.003263 0.001843 0.008682
v 0.003263 0.001843 0.004341
v 0.003152 0.002026 0.021706
v 0.003152 0.002026 0.017365
v 0.003152 0.002026 0.013024
v 0.003152 0.002026 0.008682
v 0.003152 0.002026 0.004341
v 0.003031 0.002202 0.021706
v 0.003031 0.002202 0.017365
v 0.003031 0.002202 0.013024
v 0.003031 0.002202 0.008682
v 0.003031 0.002202 0.004341
v 0.002901 0.002372 0.021706
v 0.002901 0.002372 0.017365
v 0.002901 0.002372 0.013024
v 0.002901 0.002372 0.008682
v 0.002901 0.002372 0.004341
v 0.002761 0.002534 0.021706
v 0.002761 0.002534 0.017365
v 0.002761 0.002534 0.013024
v 0.002761 0.002534 0.008682
v 0.002761 0.002534 0.004341
v 0.002611 0.002687 0.021706
v 0.002611 0.002687 0.017365
v 0.002611 0.002687 0.013024
v 0.002611 0.002687 0.008682
v 0.002611 0.002687 0.004341
v 0.002454 0.002832 0.021706
v 0.002454 0.002832 0.017365
v 0.002454 0.002832 0.013024
v 0.002454 0.002832 0.008682
v 0.002454 0.002832 0.004341
v 0.002288 0.002967 0.021706
v 0.002288 0.002967 0.017365
v 0.002288 0.002967 0.013024
v 0.002288 0.002967 0.008682
v 0.002288 0.002967 0.004341
v 0.002115 0.003093 0.021706
v 0.002115 0.003093 0.017365
v 0.002115 0.003093 0.013024
v 0.002115 0.003093 0.008682
v 0.002115 0.003093 0.004341
v 0.001935 0.003209 0.021706
v 0.001935 0.003209 0.017365
v 0.001935 0.003209 0.013024
v 0.001935 0.003209 0.008682
v 0.001935 0.003209 0.004341
v 0.001749 0.003314 0.021706
v 0.001749 0.003314 0.017365
v 0.001749 0.003314 0.013024
v 0.001749 0.003314 0.008682
v 0.001749 0.003314 0.004341
v 0.001557 0.003408 0.021706
v 0.001557 0.003408 0.017365
v 0.001557 0.003408 0.013024
v 0.001557 0.003408 0.008682
v 0.001557 0.003408 0.004341
v 0.001359 0.003492 0.021706
v 0.001359 0.003492 0.017365
v 0.001359 0.003492 0.013024
v 0.001359 0.003492 0.008682
v 0.001359 0.003492 0.004341
v 0.001158 0.003564 0.021706
v 0.001158 0.003564 0.017365
v 0.001158 0.003564 0.013024
v 0.001158 0.003564 0.008682
v 0.001158 0.003564 0.004341
v 0.000953 0.003624 0.021706
v 0.000953 0.003624 0.017365
v 0.000953 0.003624 0.013024
v 0.000953 0.003624 0.008682
v 0.000953 0.003624 0.004341
v 0.000744 0.003672 0.021706
v 0.000744 0.003672 0.017365
v 0.000744 0.003672 0.013024
v 0.000744 0.003672 0.008682
v 0.000744 0.003672 0.004341
v 0.000533 0.003709 0.021706
v 0.000533 0.003709 0.017365
v 0.000533 0.003709 0.013024
v 0.000533 0.003709 0.008682
v 0.000533 0.003709 0.004341
v 0.000321 0.003733 0.021706
v 0.000321 0.003733 0.017365
v 0.000321 0.003733 0.013024
v 0.000321 0.003733 0.008682
v 0.000321 0.003733 0.004341
v 0.000107 0.003745 0.021706
v 0.000107 0.003745 0.017365
v 0.000107 0.003745 0.013024
v 0.000107 0.003745 0.008682
v 0.000107 0.003745 0.004341
v -0.000107 0.003745 0.021706
v -0.000107 0.003745 0.017365
v -0.000107 0.003745 0.013024
v -0.000107 0.003745 0.008682
v -0.000107 0.003745 0.004341
v -0.000321 0.003733 0.021706
v -0.000321 0.003733 0.017365
v -0.000321 0.003733 0.013024
v -0.000321 0.003733 0.008682
v -0.000321 0.003733 0.004341
v -0.000533 0.003709 0.021706
v -0.000533 0.003709 0.017365
v -0.000533 0.003709 0.013024
v -0.000533 0.003709 0.008682
v -0.000533 0.003709 0.004341
v -0.000744 0.003672 0.021706
v -0.000744 0.003672 0.017365
v -0.000744 0.003672 0.013024
v -0.000744 0.003672 0.008682
v -0.000744 0.003672 0.004341
v -0.000953 0.003624 0.021706
v -0.000953 0.003624 0.017365
v -0.000953 0.003624 0.013024
v -0.000953 0.003624 0.008682
v -0.000953 0.003624 0.004341
v -0.001158 0.003564 0.021706
v -0.001158 0.003564 0.017365
v -0.001158 0.003564 0.013024
v -0.001158 0.003564 0.008682
v -0.001158 0.003564 0.004341
v -0.001359 0.003492 0.021706
v -0.001359 0.003492 0.017365
v -0.001359 0.003492 0.013024
v -0.001359 0.003492 0.008682
v -0.001359 0.003492 0.004341
v -0.001557 0.003408 0.021706
v -0.001557 0.003408 0.017365
v -0.001557 0.003408 0.013024
v -0.001557 0.003408 0.008682
v -0.001557 0.003408 0.004341
v -0.001749 0.003314 0.021706
v -0.001749 0.003314 0.017365
v -0.001749 0.003314 0.013024
v -0.001749 0.003314 0.008682
v -0.001749 0.003314 0.004341
v -0.001935 0.003209 0.021706
v -0.001935 0.003209 0.017365
v -0.001935 0.003209 0.013024
v -0.001935 0.003209 0.008682
v -0.001935 0.003209 0.004341
v -0.002115 0.003093 0.021706
v -0.002115 0.003093 0.017365
v -0.002115 0.003093 0.013024
v -0.002115 0.003093 0.008682
v -0.002115 0.003093 0.004341
v -0.002288 0.002967 0.021706
v -0.002288 0.002967 0.017365
v -0.002288 0.002967 0.013024
v -0.002288 0.002967 0.008682
v -0.002288 0.002967 0.004341
v -0.002454 0.002832 0.021706
v -0.002454 0.002832 0.017365
v -0.002454 0.002832 0.013024
v -0.002454 0.002832 0.008682
v -0.002454 0.002832 0.004341
v -0.002611 0.002687 0.021706
v -0.002611 0.002687 0.017365
v -0.002611 0.002687 0.013024
v -0.002611 0.002687 0.008682
v -0.002611 0.002687 0.004341
v -0.002761 0.002534 0.021706
v -0.002761 0.002534 0.017365
v -0.002761 0.002534 0.013024
v -0.002761 0.002534 0.008682
v -0.002761 0.002534 0.004341
v -0.002901 0.002372 0.021706
v -0.002901 0.002372 0.017365
v -0.002901 0.002372 0.013024
v -0.002901 0.002372 0.008682
v -0.002901 0.002372 0.004341
v -0.003031 0.002202 0.021706
v -0.003031 0.002202 0.017365
v -0.003031 0.002202 0.013024
v -0.003031 0.002202 0.008682
v -0.003031 0.002202 0.004341
v -0.003152 0.002026 0.021706
v -0.003152 0.002026 0.017365
v -0.003152 0.002026 0.013024
v -0.003152 0.002026 0.008682
v -0.003152 0.002026 0.004341
v -0.003263 0.001843 0.021706
v -0.003263 0.001843 0.017365
v -0.003263 0.001843 0.013024
v -0.003263 0.001843 0.008682
v -0.003263 0.001843 0.004341
v -0.003363 0.001653 0.021706
v -0.003363 0.001653 0.017365
v -0.003363 0.001653 0.013024
v -0.003363 0.001653 0.008682
v -0.003363 0.001653 0.004341
v -0.003451 0.001459 0.021706
v -0.003451 0.001459 0.017365
v -0.003451 0.001459 0.013024
v -0.003451 0.001459 0.008682
v -0.003451 0.001459 0.004341
v -0.003529 0.001259 0.021706
v -0.003529 0.001259 0.017365
v -0.003529 0.001259 0.013024
v -0.003529 0.001259 0.008682
v -0.003529 0.001259 0.004341
v -0.003595 0.001056 0.021706
v -0.003595 0.001056 0.017365
v -0.003595 0.001056 0.013024
v -0.003595 0.001056 0.008682
v -0.003595 0.001056 0.004341
v -0.003650 0.000849 0.021706
v -0.003650 0.000849 0.017365
v -0.003650 0.000849 0.013024
v -0.003650 0.000849 0.008682
v -0.003650 0.000849 0.004341
v -0.003692 0.000639 0.021706
v -0.003692 0.000639 0.017365
v -0.003692 0.000639 0.013024
v -0.003692 0.000639 0.008682
v -0.003692 0.000639 0.004341
v -0.003723 0.000427 0.021706
v -0.003723 0.000427 0.017365
v -0.003723 0.000427 0.013024
v -0.003723 0.000427 0.008682
v -0.003723 0.000427 0.004341
v -0.003741 0.000214 0.021706
v -0.003741 0.000214 0.017365
v -0.003741 0.000214 0.013024
v -0.003741 0.000214 0.008682
v -0.003741 0.000214 0.004341
v -0.005620 -0.000000 0.026047
v -0.005614 0.000261 0.026047
v -0.005596 0.000522 0.026047
v -0.005565 0.000782 0.026047
v -0.005523 0.001040 0.026047
v -0.005469 0.001296 0.026047
v -0.005402 0.001549 0.026047
v -0.005324 0.001799 0.026047
v -0.005235 0.002045 0.026047
v -0.005134 0.002286 0.026047
v -0.005022 0.002522 0.026047
v -0.004899 0.002753 0.026047
v -0.004766 0.002978 0.026047
v -0.004622 0.003197 0.026047
v -0.004469 0.003408 0.026047
v -0.004305 0.003612 0.026047
v -0.004132 0.003809 0.026047
v -0.003951 0.003997 0.026047
v -0.003761 0.004176 0.026047
v -0.003562 0.004347 0.026047
v -0.003356 0.004508 0.026047
v -0.003143 0.004659 0.026047
v -0.002922 0.004800 0.026047
v -0.002696 0.004931 0.026047
v -0.002464 0.005051 0.026047
v -0.002226 0.005160 0.026047
v -0.001983 0.005258 0.026047
v -0.001737 0.005345 0.026047
v -0.001486 0.005420 0.026047
v -0.001232 0.005483 0.026047
v -0.000976 0.005535 0.026047
v -0.000717 0.005574 0.026047
v -0.000457 0.005601 0.026047
v -0.000196 0.005617 0.026047
v 0.000065 0.005620 0.026047
v 0.000327 0.005610 0.026047
v 0.000587 0.005589 0.026047
v 0.000847 0.005556 0.026047
v 0.001104 0.005510 0.026047
v 0.001360 0.005453 0.026047
v 0.001612 0.005384 0.026047
v 0.001861 0.005303 0.026047
v 0.002105 0.005211 0.026047
v 0.002345 0.005107 0.026047
v 0.002581 0.004993 0.026047
v 0.002810 0.004867 0.026047
v 0.003033 0.004731 0.026047
v 0.003250 0.004585 0.026047
v 0.003460 0.004429 0.026047
v 0.003662 0.004263 0.026047
v 0.003857 0.004088 0.026047
v 0.004043 0.003904 0.026047
v 0.004220 0.003712 0.026047
v 0.004388 0.003511 0.026047
v 0.004547 0.003303 0.026047
v 0.004695 0.003088 0.026047
v 0.004834 0.002866 0.026047
v 0.004962 0.002638 0.026047
v 0.005080 0.002405 0.026047
v 0.005186 0.002166 0.026047
v 0.005281 0.001922 0.026047
v 0.005365 0.001674 0.026047
v 0.005437 0.001423 0.026047
v 0.005497 0.001168 0.026047
v 0.005546 0.000911 0.026047
v 0.005582 0.000652 0.026047
v 0.005606 0.000392 0.026047
v 0.005618 0.000131 0.026047
v 0.005618 -0.000131 0.026047
v 0.005606 -0.000392 0.026047
v 0.005582 -0.000652 0.026047
v 0.005546 -0.000911 0.026047
v 0.005497 -0.001168 0.026047
v 0.005437 -0.001423 0.026047
v 0.005365 -0.001674 0.026047
v 0.005281 -0.001922 0.026047
v 0.005186 -0.002166 0.026047
v 0.005080 -0.002405 0.026047
v 0.004962 -0.002638 0.026047
v 0.004834 -0.002866 0.026047
v 0.004695 -0.003088 0.026047
v 0.004547 -0.003303 0.026047
v 0.004388 -0.003511 0.026047
v 0.004220 -0.003712 0.026047
v 0.004043 -0.003904 0.026047
v 0.003857 -0.004088 0.026047
v 0.003662 -0.004263 0.026047
v 0.003460 -0.004429 0.026047
v 0.003250 -0.004585 0.026047
v 0.003033 -0.004731 0.026047
v 0.002810 -0.004867 0.026047
v 0.002581 -0.004993 0.026047
v 0.002345 -0.005107 0.026047
v 0.002105 -0.005211 0.026047
v 0.001861 -0.005303 0.026047
v 0.001612 -0.005384 0.026047
v 0.001360 -0.005453 0.026047
v 0.001104 -0.005510 0.026047
v 0.000847 -0.005556 0.026047
v 0.000587 -0.005589 0.026047
v 0.000327 -0.005610 0.026047
v 0.000065 -0.005620 0.026047
v -0.000196 -0.005617 0.026047
v -0.000457 -0.005601 0.026047
v -0.000717 -0.005574 0.026047
v -0.000976 -0.005535 0.026047
v -0.001232 -0.005483 0.026047
v -0.001486 -0.005420 0.026047
v -0.001737 -0.005345 0.026047
v -0.001983 -0.005258 0.026047
v -0.002226 -0.005160 0.026047
v -0.002464 -0.005051 0.026047
v -0.002696 -0.004931 0.026047
v -0.002922 -0.004800 0.026047
v -0.003143 -0.004659 0.026047
v -0.003356 -0.004508 0.026047
v -0.003562 -0.004347 0.026047
v -0.003761 -0.004176 0.026047
v -0.003951 -0.003997 0.026047
v -0.004132 -0.003809 0.026047
v -0.004305 -0.003612 0.026047
v -0.004469 -0.003408 0.026047
v -0.004622 -0.003197 0.026047
v -0.004766 -0.002978 0.026047
v -0.004899 -0.002753 0.026047
v -0.005022 -0.002522 0.026047
v -0.005134 -0.002286 0.026047
v -0.005235 -0.002045 0.026047
v -0.005324 -0.001799 0.026047
v -0.005402 -0.001549 0.026047
v -0.005469 -0.001296 0.026047
v -0.005523 -0.001040 0.026047
v -0.005565 -0.000782 0.026047
v -0.005596 -0.000522 0.026047
v -0.005614 -0.000261 0.026047
v -0.005620 -0.000000 0.000000
v -0.005614 -0.000261 0.000000
v -0.005596 -0.000522 0.000000
v -0.005565 -0.000782 0.000000
v -0.005523 -0.001040 0.000000
v -0.005469 -0.001296 0.000000
v -0.005402 -0.001549 0.000000
v -0.005324 -0.001799 0.000000
v -0.005235 -0.002045 0.000000
v -0.005134 -0.002286 0.000000
v -0.005022 -0.002522 0.000000
v -0.004899 -0.002753 0.000000
v -0.004766 -0.002978 0.000000
v -0.004622 -0.003197 0.000000
v -0.004469 -0.003408 0.000000
v -0.004305 -0.003612 0.000000
v -0.004132 -0.003809 0.000000
v -0.003951 -0.003997 0.000000
v -0.003761 -0.004176 0.000000
v -0.003562 -0.004347 0.000000
v -0.003356 -0.004508 0.000000
v -0.003143 -0.004659 0.000000
v -0.002922 -0.004800 0.000000
v -0.002696 -0.004931 0.000000
v -0.002464 -0.005051 0.000000
v -0.002226 -0.005160 0.000000
v -0.001983 -0.005258 0.000000
v -0.001737 -0.005345 0.000000
v -0.001486 -0.005420 0.000000
v -0.001232 -0.005483 0.000000
v -0.000976 -0.005535 0.000000
v -0.000717 -0.005574 0.000000
v -0.000457 -0.005601 0.000000
v -0.000196 -0.005617 0.000000
v 0.000065 -0.005620 0.000000
v 0.000327 -0.005610 0.000000
v 0.000587 -0.005589 0.000000
v 0.000847 -0.005556 0.000000
v 0.001104 -0.005510 0.000000
v 0.001360 -0.005453 0.000000
v 0.001612 -0.005384 0.000000
v 0.001861 -0.005303 0.000000
v 0.002105 -0.005211 0.000000
v 0.002345 -0.005107 0.000000
v 0.002581 -0.004993 0.000000
v 0.002810 -0.004867 0.000000
v 0.003033 -0.004731 0.000000
v 0.003250 -0.004585 0.000000
v 0.003460 -0.004429 0.000000
v 0.003662 -0.004263 0.000000
v 0.003857 -0.004088 0.000000
v 0.004043 -0.003904 0.000000
v 0.004220 -0.003712 0.000000
v 0.004388 -0.003511 0.000000
v 0.004547 -0.003303 0.000000
v 0.004695 -0.003088 0.000000
v 0.004834 -0.002866 0.000000
v 0.004962 -0.002638 0.000000
v 0.005080 -0.002405 0.000000
v 0.005186 -0.002166 0.000000
v 0.005281 -0.001922 0.000000
v 0.005365 -0.001674 0.000000
v 0.005437 -0.001423 0.000000
v 0.005497 -0.001168 0.000000
v 0.005546 -0.000911 0.000000
v 0.005582 -0.000652 0.000000
v 0.005606 -0.000392 0.000000
v 0.005618 -0.000131 0.000000
v 0.005618 0.000131 0.000000
v 0.005606 0.000392 0.000000
v 0.005582 0.000652 0.000000
v 0.005546 0.000911 0.000000
v 0.005497 0.001168 0.000000
v 0.005437 0.001423 0.000000
v 0.005365 0.001674 0.000000
v 0.005281 0.001922 0.000000
v 0.005186 0.002166 0.000000
v 0.005080 0.002405 0.000000
v 0.004962 0.002638 0.000000
v 0.004834 0.002866 0.000000
v 0.004695 0.003088 0.000000
v 0.004547 0.003303 0.000000
v 0.004388 0.003511 0.000000
v 0.004220 0.003712 0.000000
v 0.004043 0.003904 0.000000
v 0.003857 0.004088 0.000000
v 0.003662 0.004263 0.000000
v 0.003460 0.004429 0.000000
v 0.003250 0.004585 0.000000
v 0.003033 0.004731 0.000000
v 0.002810 0.004867 0.000000
v 0.002581 0.004993 0.000000
v 0.002345 0.005107 0.000000
v 0.002105 0.005211 0.000000
v 0.001861 0.005303 0.000000
v 0.001612 0.005384 0.000000
v 0.001360 0.005453 0.000000
v 0.001104 0.005510 0.000000
v 0.000847 0.005556 0.000000
v 0.000587 0.005589 0.000000
v 0.000327 0.005610 0.000000
v 0.000065 0.005620 0.000000
v -0.000196 0.005617 0.000000
v -0.000457 0.005601 0.000000
v -0.000717 0.005574 0.000000
v -0.000976 0.005535 0.000000
v -0.001232 0.005483 0.000000
v -0.001486 0.005420 0.000000
v -0.001737 0.005345 0.000000
v -0.001983 0.005258 0.000000
v -0.002226 0.005160 0.000000
v -0.002464 0.005051 0.000000
v -0.002696 0.004931 0.000000
v -0.002922 0.004800 0.000000
v -0.003143 0.004659 0.000000
v -0.003356 0.004508 0.000000
v -0.003562 0.004347 0.000000
v -0.003761 0.004176 0.000000
v -0.003951 0.003997 0.000000
v -0.004132 0.003809 0.000000
v -0.004305 0.003612 0.000000
v -0.004469 0.003408 0.000000
v -0.004622 0.003197 0.000000
v -0.004766 0.002978 0.000000
v -0.004899 0.002753 0.000000
v -0.005022 0.002522 0.000000
v -0.005134 0.002286 0.000000
v -0.005235 0.002045 0.000000
v -0.005324 0.001799 0.000000
v -0.005402 0.001549 0.000000
v -0.005469 0.001296 0.000000
v -0.005523 0.001040 0.000000
v -0.005565 0.000782 0.000000
v -0.005596 0.000522 0.000000
v -0.005614 0.000261 0.000000
v -0.005620 -0.000000 0.020838
v -0.005620 -0.000000 0.015628
v -0.005620 -0.000000 0.010419
v -0.005620 -0.000000 0.005209
v -0.005614 0.000261 0.020838
v -0.005614 0.000261 0.015628
v -0.005614 0.000261 0.010419
v -0.005614 0.000261 0.005209
v -0.005596 0.000522 0.020838
v -0.005596 0.000522 0.015628
v -0.005596 0.000522 0.010419
v -0.005596 0.000522 0.005209
v -0.005565 0.000782 0.020838
v -0.005565 0.000782 0.015628
v -0.005565 0.000782 0.010419
v -0.005565 0.000782 0.005209
v -0.005523 0.001040 0.020838
v -0.005523 0.001040 0.015628
v -0.005523 0.001040 0.010419
v -0.005523 0.001040 0.005209
v -0.005469 0.001296 0.020838
v -0.005469 0.001296 0.015628
v -0.005469 0.001296 0.010419
v -0.005469 0.001296 0.005209
v -0.005402 0.001549 0.020838
v -0.005402 0.001549 0.015628
v -0.005402 0.001549 0.010419
v -0.005402 0.001549 0.005209
v -0.005324 0.001799 0.020838
v -0.005324 0.001799 0.015628
v -0.005324 0.001799 0.010419
v -0.005324 0.001799 0.005209
v -0.005235 0.002045 0.020838
v -0.005235 0.002045 0.015628
v -0.005235 0.002045 0.010419
v -0.005235 0.002045 0.005209
v -0.005134 0.002286 0.020838
v -0.005134 0.002286 0.015628
v -0.005134 0.002286 0.010419
v -0.005134 0.002286 0.005209
v -0.005022 0.002522 0.020838
v -0.005022 0.002522 0.015628
v -0.005022 0.002522 0.010419
v -0.005022 0.002522 0.005209
v -0.004899 0.002753 0.020838
v -0.004899 0.002753 0.015628
v -0.004899 0.002753 0.010419
v -0.004899 0.002753 0.005209
v -0.004766 0.002978 0.020838
v -0.004766 0.002978 0.015628
v -0.004766 0.002978 0.010419
v -0.004766 0.002978 0.005209
v -0.004622 0.003197 0.020838
v -0.004622 0.003197 0.015628
v -0.004622 0.003197 0.010419
v -0.004622 0.003197 0.005209
v -0.004469 0.003408 0.020838
v -0.004469 0.003408 0.015628
v -0.004469 0.003408 0.010419
v -0.004469 0.003408 0.005209
v -0.004305 0.003612 0.020838
v -0.004305 0.003612 0.015628
v -0.004305 0.003612 0.010419
v -0.004305 0.003612 0.005209
v -0.004132 0.003809 0.020838
v -0.004132 0.003809 0.015628
v -0.004132 0.003809 0.010419
v -0.004132 0.003809 0.005209
v -0.003951 0.003997 0.020838
v -0.003951 0.003997 0.015628
v -0.003951 0.003997 0.010419
v -0.003951 0.003997 0.005209
v -0.003761 0.004176 0.020838
v -0.003761 0.004176 0.015628
v -0.003761 0.004176 0.010419
v -0.003761 0.004176 0.005209
v -0.003562 0.004347 0.020838
v -0.003562 0.004347 0.015628
v -0.003562 0.004347 0.010419
v -0.003562 0.004347 0.005209
v -0.003356 0.004508 0.020838
v -0.003356 0.004508 0.015628
v -0.003356 0.004508 0.010419
v -0.003356 0.004508 0.005209
v -0.003143 0.004659 0.020838
v -0.003143 0.004659 0.015628
v -0.003143 0.004659 0.010419
v -0.003143 0.004659 0.005209
v -0.002922 0.004800 0.020838
v -0.002922 0.004800 0.015628
v -0.002922 0.004800 0.010419
v -0.002922 0.004800 0.005209
v -0.002696 0.004931 0.020838
v -0.002696 0.004931 0.015628
v -0.002696 0.004931 0.010419
v -0.002696 0.004931 0.005209
v -0.002464 0.005051 0.020838
v -0.002464 0.005051 0.015628
v -0.002464 0.005051 0.010419
v -0.002464 0.005051 0.005209
v -0.002226 0.005160 0.020838
v -0.002226 0.005160 0.015628
v -0.002226 0.005160 0.010419
v -0.002226 0.005160 0.005209
v -0.001983 0.005258 0.020838
v -0.001983 0.005258 0.015628
v -0.001983 0.005258 0.010419
v -0.001983 0.005258 0.005209
v -0.001737 0.005345 0.020838
v -0.001737 0.005345 0.015628
v -0.001737 0.005345 0.010419
v -0.001737 0.005345 0.005209
v -0.001486 0.005420 0.020838
v -0.001486 0.005420 0.015628
v -0.001486 0.005420 0.010419
v -0.001486 0.005420 0.005209
v -0.001232 0.005483 0.020838
v -0.001232 0.005483 0.015628
v -0.001232 0.005483 0.010419
v -0.001232 0.005483 0.005209
v -0.000976 0.005535 0.020838
v -0.000976 0.005535 0.015628
v -0.000976 0.005535 0.010419
v -0.000976 0.005535 0.005209
v -0.000717 0.005574 0.020838
v -0.000717 0.005574 0.015628
v -0.000717 0.005574 0.010419
v -0.000717 0.005574 0.005209
v -0.000457 0.005601 0.020838
v -0.000457 0.005601 0.015628
v -0.000457 0.005601 0.010419
v -0.000457 0.005601 0.005209
v -0.000196 0.005617 0.020838
v -0.000196 0.005617 0.015628
v -0.000196 0.005617 0.010419
v -0.000196 0.005617 0.005209
v 0.000065 0.005620 0.020838
v 0.000065 0.005620 0.015628
v 0.000065 0.005620 0.010419
v 0.000065 0.005620 0.005209
v 0.000327 0.005610 0.020838
v 0.000327 0.005610 0.015628
v 0.000327 0.005610 0.010419
v 0.000327 0.005610 0.005209
v 0.000587 0.005589 0.020838
v 0.000587 0.005589 0.015628
v 0.000587 0.005589 0.010419
v 0.000587 0.005589 0.005209
v 0.000847 0.005556 0.020838
v 0.000847 0.005556 0.015628
v 0.000847 0.005556 0.010419
v 0.000847 0.005556 0.005209
v 0.001104 0.005510 0.020838
v 0.001104 0.005510 0.015628
v 0.001104 0.005510 0.010419
v 0.001104 0.005510 0.005209
v 0.001360 0.005453 0.020838
v 0.001360 0.005453 0.015628
v 0.001360 0.005453 0.010419
v 0.001360 0.005453 0.005209
v 0.001612 0.005384 0.020838
v 0.001612 0.005384 0.015628
v 0.001612 0.005384 0.010419
v 0.001612 0.005384 0.005209
v 0.001861 0.005303 0.020838
v 0.001861 0.005303 0.015628
v 0.001861 0.005303 0.010419
v 0.001861 0.005303 0.005209
v 0.002105 0.005211 0.020838
v 0.002105 0.005211 0.015628
v 0.002105 0.005211 0.010419
v 0.002105 0.005211 0.005209
v 0.002345 0.005107 0.020838
v 0.002345 0.005107 0.015628
v 0.002345 0.005107 0.010419
v 0.002345 0.005107 0.005209
v 0.002581 0.004993 0.020838
v 0.002581 0.004993 0.015628
v 0.002581 0.004993 0.010419
v 0.002581 0.004993 0.005209
v 0.002810 0.004867 0.020838
v 0.002810 0.004867 0.015628
v 0.002810 0.004867 0.010419
v 0.002810 0.004867 0.005209
v 0.003033 0.004731 0.020838
v 0.003033 0.004731 0.015628
v 0.003033 0.004731 0.010419
v 0.003033 0.004731 0.005209
v 0.003250 0.004585 0.020838
v 0.003250 0.004585 0.015628
v 0.003250 0.004585 0.010419
v 0.003250 0.004585 0.005209
v 0.003460 0.004429 0.020838
v 0.003460 0.004429 0.015628
v 0.003460 0.004429 0.010419
v 0.003460 0.004429 0.005209
v 0.003662 0.004263 0.020838
v 0.003662 0.004263 0.015628
v 0.003662 0.004263 0.010419
v 0.003662 0.004263 0.005209
v 0.003857 0.004088 0.020838
v 0.003857 0.004088 0.015628
v 0.003857 0.004088 0.010419
v 0.003857 0.004088 0.005209
v 0.004043 0.003904 0.020838
v 0.004043 0.003904 0.015628
v 0.004043 0.003904 0.010419
v 0.004043 0.003904 0.005209
v 0.004220 0.003712 0.020838
v 0.004220 0.003712 0.015628
v 0.004220 0.003712 0.010419
v 0.004220 0.003712 0.005209
v 0.004388 0.003511 0.020838
v 0.004388 0.003511 0.015628
v 0.004388 0.003511 0.010419
v 0.004388 0.003511 0.005209
v 0.004547 0.003303 0.020838
v 0.004547 0.003303 0.015628
v 0.004547 0.003303 0.010419
v 0.004547 0.003303 0.005209
v 0.004695 0.003088 0.020838
v 0.004695 0.003088 0.015628
v 0.004695 0.003088 0.010419
v 0.004695 0.003088 0.005209
v 0.004834 0.002866 0.020838
v 0.004834 0.002866 0.015628
v 0.004834 0.002866 0.010419
v 0.004834 0.002866 0.005209
v 0.004962 0.002638 0.020838
v 0.004962 0.002638 0.015628
v 0.004962 0.002638 0.010419
v 0.004962 0.002638 0.005209
v 0.005080 0.002405 0.020838
v 0.005080 0.002405 0.015628
v 0.005080 0.002405 0.010419
v 0.005080 0.002405 0.005209
v 0.005186 0.002166 0.020838
v 0.005186 0.002166 0.015628
v 0.005186 0.002166 0.010419
v 0.005186 0.002166 0.005209
v 0.005281 0.001922 0.020838
v 0.005281 0.001922 0.015628
v 0.005281 0.001922 0.010419
v 0.005281 0.001922 0.005209
v 0.005365 0.001674 0.020838
v 0.005365 0.001674 0.015628
v 0.005365 0.001674 0.010419
v 0.005365 0.001674 0.005209
v 0.005437 0.001423 0.020838
v 0.005437 0.001423 0.015628
v 0.005437 0.001423 0.010419
v 0.005437 0.001423 0.005209
v 0.005497 0.001168 0.020838
v 0.005497 0.001168 0.015628
v 0.005497 0.001168 0.010419
v 0.005497 0.001168 0.005209
v 0.005546 0.000911 0.020838
v 0.005546 0.000911 0.015628
v 0.005546 0.000911 0.010419
v 0.005546 0.000911 0.005209
v 0.005582 0.000652 0.020838
v 0.005582 0.000652 0.015628
v 0.005582 0.000652 0.010419
v 0.005582 0.000652 0.005209
v 0.005606 0.000392 0.020838
v 0.005606 0.000392 0.015628
v 0.005606 0.000392 0.010419
v 0.005606 0.000392 0.005209
v 0.005618 0.000131 0.020838
v 0.005618 0.000131 0.015628
v 0.005618 0.000131 0.010419
v 0.005618 0.000131 0.005209
v 0.005618 -0.000131 0.020838
v 0.005618 -0.000131 0.015628
v 0.005618 -0.000131 0.010419
v 0.005618 -0.000131 0.005209
v 0.005606 -0.000392 0.020838
v 0.005606 -0.000392 0.015628
v 0.005606 -0.000392 0.010419
v 0.005606 -0.000392 0.005209
v 0.005582 -0.000652 0.020838
v 0.005582 -0.000652 0.015628
v 0.005582 -0.000652 0.010419
v 0.005582 -0.000652 0.005209
v 0.005546 -0.000911 0.020838
v 0.005546 -0.000911 0.015628
v 0.005546 -0.000911 0.010419
v 0.005546 -0.000911 0.005209
v 0.005497 -0.001168 0.020838
v 0.005497 -0.001168 0.015628
v 0.005497 -0.001168 0.010419
v 0.005497 -0.001168 0.005209
v 0.005437 -0.001423 0.020838
v 0.005437 -0.001423 0.015628
v 0.005437 -0.001423 0.010419
v 0.005437 -0.001423 0.005209
v 0.005365 -0.001674 0.020838
v 0.005365 -0.001674 0.015628
v 0.005365 -0.001674 0.010419
v 0.005365 -0.001674 0.005209
v 0.005281 -0.001922 0.020838
v 0.005281 -0.001922 0.015628
v 0.005281 -0.001922 0.010419
v 0.005281 -0.001922 0.005209
v 0.005186 -0.002166 0.020838
v 0.005186 -0.002166 0.015628
v 0.005186 -0.002166 0.010419
v 0.005186 -0.002166 0.005209
v 0.005080 -0.002405 0.020838
v 0.005080 -0.002405 0.015628
v 0.005080 -0.002405 0.010419
v 0.005080 -0.002405 0.005209
v 0.004962 -0.002638 0.020838
v 0.004962 -0.002638 0.015628
v 0.004962 -0.002638 0.010419
v 0.004962 -0.002638 0.005209
v 0.004834 -0.002866 0.020838
v 0.004834 -0.002866 0.015628
v 0.004834 -0.002866 0.010419
v 0.004834 -0.002866 0.005209
v 0.004695 -0.003088 0.020838
v 0.004695 -0.003088 0.015628
v 0.004695 -0.003088 0.010419
v 0.004695 -0.003088 0.005209
v 0.004547 -0.003303 0.020838
v 0.004547 -0.003303 0.015628
v 0.004547 -0.003303 0.010419
v 0.004547 -0.003303 0.005209
v 0.004388 -0.003511 0.020838
v 0.004388 -0.003511 0.015628
v 0.004388 -0.003511 0.010419
v 0.004388 -0.003511 0.005209
v 0.004220 -0.003712 0.020838
v 0.004220 -0.003712 0.015628
v 0.004220 -0.003712 0.010419
v 0.004220 -0.003712 0.005209
v 0.004043 -0.003904 0.020838
v 0.004043 -0.003904 0.015628
v 0.004043 -0.003904 0.010419
v 0.004043 -0.003904 0.005209
v 0.003857 -0.004088 0.020838
v 0.003857 -0.004088 0.015628
v 0.003857 -0.004088 0.010419
v 0.003857 -0.004088 0.005209
v 0.003662 -0.004263 0.020838
v 0.003662 -0.004263 0.015628
v 0.003662 -0.004263 0.010419
v 0.003662 -0.004263 0.005209
v 0.003460 -0.004429 0.020838
v 0.003460 -0.004429 0.015628
v 0.003460 -0.004429 0.010419
v 0.003460 -0.004429 0.005209
v 0.003250 -0.004585 0.020838
v 0.003250 -0.004585 0.015628
v 0.003250 -0.004585 0.010419
v 0.003250 -0.004585 0.005209
v 0.003033 -0.004731 0.020838
v 0.003033 -0.004731 0.015628
v 0.003033 -0.004731 0.010419
v 0.003033 -0.004731 0.005209
v 0.002810 -0.004867 0.020838
v 0.002810 -0.004867 0.015628
v 0.002810 -0.004867 0.010419
v 0.002810 -0.004867 0.005209
v 0.002581 -0.004993 0.020838
v 0.002581 -0.004993 0.015628
v 0.002581 -0.004993 0.010419
v 0.002581 -0.004993 0.005209
v 0.002345 -0.005107 0.020838
v 0.002345 -0.005107 0.015628
v 0.002345 -0.005107 0.010419
v 0.002345 -0.005107 0.005209
v 0.002105 -0.005211 0.020838
v 0.002105 -0.005211 0.015628
v 0.002105 -0.005211 0.010419
v 0.002105 -0.005211 0.005209
v 0.001861 -0.005303 0.020838
v 0.001861 -0.005303 0.015628
v 0.001861 -0.005303 0.010419
v 0.001861 -0.005303 0.005209
v 0.001612 -0.005384 0.020838
v 0.001612 -0.005384 0.015628
v 0.001612 -0.005384 0.010419
v 0.001612 -0.005384 0.005209
v 0.001360 -0.005453 0.020838
v 0.001360 -0.005453 0.015628
v 0.001360 -0.005453 0.010419
v 0.001360 -0.005453 0.005209
v 0.001104 -0.005510 0.020838
v 0.001104 -0.005510 0.015628
v 0.001104 -0.005510 0.010419
v 0.001104 -0.005510 0.005209
v 0.000847 -0.005556 0.020838
v 0.000847 -0.005556 0.015628
v 0.000847 -0.005556 0.010419
v 0.000847 -0.005556 0.005209
v 0.000587 -0.005589 0.020838
v 0.000587 -0.005589 0.015628
v 0.000587 -0.005589 0.010419
v 0.000587 -0.005589 0.005209
v 0.000327 -0.005610 0.020838
v 0.000327 -0.005610 0.015628
v 0.000327 -0.005610 0.010419
v 0.000327 -0.005610 0.005209
v 0.000065 -0.005620 0.020838
v 0.000065 -0.005620 0.015628
v 0.000065 -0.005620 0.010419
v 0.000065 -0.005620 0.005209
v -0.000196 -0.005617 0.020838
v -0.000196 -0.005617 0.015628
v -0.000196 -0.005617 0.010419
v -0.000196 -0.005617 0.005209
v -0.000457 -0.005601 0.020838
v -0.000457 -0.005601 0.015628
v -0.000457 -0.005601 0.010419
v -0.000457 -0.005601 0.005209
v -0.000717 -0.005574 0.020838
v -0.000717 -0.005574 0.015628
v -0.000717 -0.005574 0.010419
v -0.000717 -0.005574 0.005209
v -0.000976 -0.005535 0.020838
v -0.000976 -0.005535 0.015628
v -0.000976 -0.005535 0.010419
v -0.000976 -0.005535 0.005209
v -0.001232 -0.005483 0.020838
v -0.001232 -0.005483 0.015628
v -0.001232 -0.005483 0.010419
v -0.001232 -0.005483 0.005209
v -0.001486 -0.005420 0.020838
v -0.001486 -0.005420 0.015628
v -0.001486 -0.005420 0.010419
v -0.001486 -0.005420 0.005209
v -0.001737 -0.005345 0.020838
v -0.001737 -0.005345 0.015628
v -0.001737 -0.005345 0.010419
v -0.001737 -0.005345 0.005209
v -0.001983 -0.005258 0.020838
v -0.001983 -0.005258 0.015628
v -0.001983 -0.005258 0.010419
v -0.001983 -0.005258 0.005209
v -0.002226 -0.005160 0.020838
v -0.002226 -0.005160 0.015628
v -0.002226 -0.005160 0.010419
v -0.002226 -0.005160 0.005209
v -0.002464 -0.005051 0.020838
v -0.002464 -0.005051 0.015628
v -0.002464 -0.005051 0.010419
v -0.002464 -0.005051 0.005209
v -0.002696 -0.004931 0.020838
v -0.002696 -0.004931 0.015628
v -0.002696 -0.004931 0.010419
v -0.002696 -0.004931 0.005209
v -0.002922 -0.004800 0.020838
v -0.002922 -0.004800 0.015628
v -0.002922 -0.004800 0.010419
v -0.002922 -0.004800 0.005209
v -0.003143 -0.004659 0.020838
v -0.003143 -0.004659 0.015628
v -0.003143 -0.004659 0.010419
v -0.003143 -0.004659 0.005209
v -0.003356 -0.004508 0.020838
v -0.003356 -0.004508 0.015628
v -0.003356 -0.004508 0.010419
v -0.003356 -0.004508 0.005209
v -0.003562 -0.004347 0.020838
v -0.003562 -0.004347 0.015628
v -0.003562 -0.004347 0.010419
v -0.003562 -0.004347 0.005209
v -0.003761 -0.004176 0.020838
v -0.003761 -0.004176 0.015628
v -0.003761 -0.004176 0.010419
v -0.003761 -0.004176 0.005209
v -0.003951 -0.003997 0.020838
v -0.003951 -0.003997 0.015628
v -0.003951 -0.003997 0.010419
v -0.003951 -0.003997 0.005209
v -0.004132 -0.003809 0.020838
v -0.004132 -0.003809 0.015628
v -0.004132 -0.003809 0.010419
v -0.004132 -0.003809 0.005209
v -0.004305 -0.003612 0.020838
v -0.004305 -0.003612 0.015628
v -0.004305 -0.003612 0.010419
v -0.004305 -0.003612 0.005209
v -0.004469 -0.003408 0.020838
v -0.004469 -0.003408 0.015628
v -0.004469 -0.003408 0.010419
v -0.004469 -0.003408 0.005209
v -0.004622 -0.003197 0.020838
v -0.004622 -0.003197 0.015628
v -0.004622 -0.003197 0.010419
v -0.004622 -0.003197 0.005209
v -0.004766 -0.002978 0.020838
v -0.004766 -0.002978 0.015628
v -0.004766 -0.002978 0.010419
v -0.004766 -0.002978 0.005209
v -0.004899 -0.002753 0.020838
v -0.004899 -0.002753 0.015628
v -0.004899 -0.002753 0.010419
v -0.004899 -0.002753 0.005209
v -0.005022 -0.002522 0.020838
v -0.005022 -0.002522 0.015628
v -0.005022 -0.002522 0.010419
v -0.005022 -0.002522 0.005209
v -0.005134 -0.002286 0.020838
v -0.005134 -0.002286 0.015628
v -0.005134 -0.002286 0.010419
v -0.005134 -0.002286 0.005209
v -0.005235 -0.002045 0.020838
v -0.005235 -0.002045 0.015628
v -0.005235 -0.002045 0.010419
v -0.005235 -0.002045 0.005209
v -0.005324 -0.001799 0.020838
v -0.005324 -0.001799 0.015628
v -0.005324 -0.001799 0.010419
v -0.005324 -0.001799 0.005209
v -0.005402 -0.001549 0.020838
v -0.005402 -0.001549 0.015628
v -0.005402 -0.001549 0.010419
v -0.005402 -0.001549 0.005209
v -0.005469 -0.001296 0.020838
v -0.005469 -0.001296 0.015628
v -0.005469 -0.001296 0.010419
v -0.005469 -0.001296 0.005209
v -0.005523 -0.001040 0.020838
v -0.005523 -0.001040 0.015628
v -0.005523 -0.001040 0.010419
v -0.005523 -0.001040 0.005209
v -0.005565 -0.000782 0.020838
v -0.005565 -0.000782 0.015628
v -0.005565 -0.000782 0.010419
v -0.005565 -0.000782 0.005209
v -0.005596 -0.000522 0.020838
v -0.005596 -0.000522 0.015628
v -0.005596 -0.000522 0.010419
v -0.005596 -0.000522 0.005209
v -0.005614 -0.000261 0.020838
v -0.005614 -0.000261 0.015628
v -0.005614 -0.000261 0.010419
v -0.005614 -0.000261 0.005209
vt 2.604700 -1.155752 0.000000
vt 2.170583 -1.155752 0.000000
vt 2.604700 -1.177155 0.000000
vt 2.170583 -1.177155 0.000000
vt 2.604700 1.177155 0.000000
vt 2.170583 1.177155 0.000000
vt 2.604700 1.155752 0.000000
vt 2.170583 1.155752 0.000000
vt 2.604700 1.134349 0.000000
vt 2.170583 1.134349 0.000000
vt 2.604700 1.112946 0.000000
vt 2.170583 1.112946 0.000000
vt 2.604700 1.091544 0.000000
vt 2.170583 1.091544 0.000000
vt 2.604700 1.070141 0.000000
vt 2.170583 1.070141 0.000000
vt 2.604700 1.048738 0.000000
vt 2.170583 1.048738 0.000000
vt 2.604700 1.027335 0.000000
vt 2.170583 1.027335 0.000000
vt 2.604700 1.005932 0.000000
vt 2.170583 1.005932 0.000000
vt 2.604700 0.984529 0.000000
vt 2.170583 0.984529 0.000000
vt 2.604700 0.963127 0.000000
vt 2.170583 0.963127 0.000000
vt 2.604700 0.941724 0.000000
vt 2.170583 0.941724 0.000000
vt 2.604700 0.920321 0.000000
vt 2.170583 0.920321 0.000000
vt 2.604700 0.898918 0.000000
vt 2.170583 0.898918 0.000000
vt 2.604700 0.877515 0.000000
vt 2.170583 0.877515 0.000000
vt 2.604700 0.856113 0.000000
vt 2.170583 0.856113 0.000000
vt 2.604700 0.834710 0.000000
vt 2.170583 0.834710 0.000000
vt 2.604700 0.813307 0.000000
vt 2.170583 0.813307 0.000000
vt 2.604700 0.791904 0.000000
vt 2.170583 0.791904 0.000000
vt 2.604700 0.770501 0.000000
vt 2.170583 0.770501 0.000000
vt 2.604700 0.749098 0.000000
vt 2.170583 0.749098 0.000000
vt 2.604700 0.727696 0.000000
vt 2.170583 0.727696 0.000000
vt 2.604700 0.706293 0.000000
vt 2.170583 0.706293 0.000000
vt 2.604700 0.684890 0.000000
vt 2.170583 0.684890 0.000000
vt 2.604700 0.663487 0.000000
vt 2.170583 0.663487 0.000000
vt 2.604700 0.642084 0.000000
vt 2.170583 0.642084 0.000000
vt 2.604700 0.620682 0.000000
vt 2.170583 0.620682 0.000000
vt 2.604700 0.599279 0.000000
vt 2.170583 0.599279 0.000000
vt 2.604700 0.577876 0.000000
vt 2.170583 0.577876 0.000000
vt 2.604700 0.556473 0.000000
vt 2.170583 0.556473 0.000000
vt 2.604700 0.535070 0.000000
vt 2.170583 0.535070 0.000000
vt 2.604700 0.513668 0.000000
vt 2.170583 0.513668 0.000000
vt 2.604700 0.492265 0.000000
vt 2.170583 0.492265 0.000000
vt 2.604700 0.470862 0.000000
vt 2.170583 0.470862 0.000000
vt 2.604700 0.449459 0.000000
vt 2.170583 0.449459 0.000000
vt 2.604700 0.428056 0.000000
vt 2.170583 0.428056 0.000000
vt 2.604700 0.406653 0.000000
vt 2.170583 0.406653 0.000000
vt 2.604700 0.385251 0.000000
vt 2.170583 0.385251 0.000000
vt 2.604700 0.363848 0.000000
vt 2.170583 0.363848 0.000000
vt 2.604700 0.342445 0.000000
vt 2.170583 0.342445 0.000000
vt 2.604700 0.321042 0.000000
vt 2.170583 0.321042 0.000000
vt 2.604700 0.299639 0.000000
vt 2.170583 0.299639 0.000000
vt 2.604700 0.278237 0.000000
vt 2.170583 0.278237 0.000000
vt 2.604700 0.256834 0.000000
vt 2.170583 0.256834 0.000000
vt 2.604700 0.235431 0.000000
vt 2.170583 0.235431 0.000000
vt 2.604700 0.214028 0.000000
vt 2.170583 0.214028 0.000000
vt 2.604700 0.192625 0.000000
vt 2.170583 0.192625 0.000000
vt 2.604700 0.171223 0.000000
vt 2.170583 0.171223 0.000000
vt 2.604700 0.149820 0.000000
vt 2.170583 0.149820 0.000000
vt 2.604700 0.128417 0.000000
vt 2.170583 0.128417 0.000000
vt 2.604700 0.107014 0.000000
vt 2.170583 0.107014 0.000000
vt 2.604700 0.085611 0.000000
vt 2.170583 0.085611 0.000000
vt 2.604700 0.064208 0.000000
vt 2.170583 0.064208 0.000000
vt 2.604700 0.042806 0.000000
vt 2.170583 0.042806 0.000000
vt 2.604700 0.021403 0.000000
vt 2.170583 0.021403 0.000000
vt 2.604700 0.000000 0.000000
vt 2.170583 0.000000 0.000000
vt 2.604700 -0.021403 0.000000
vt 2.170583 -0.021403 0.000000
vt 2.604700 -0.042806 0.000000
vt 2.170583 -0.042806 0.000000
vt 2.604700 -0.064208 0.000000
vt 2.170583 -0.064208 0.000000
vt 2.604700 -0.085611 0.000000
vt 2.170583 -0.085611 0.000000
vt 2.604700 -0.107014 0.000000
vt 2.170583 -0.107014 0.000000
vt 2.604700 -0.128417 0.000000
vt 2.170583 -0.128417 0.000000
vt 2.604700 -0.149820 0.000000
vt 2.170583 -0.149820 0.000000
vt 2.604700 -0.171223 0.000000
vt 2.170583 -0.171223 0.000000
vt 2.604700 -0.192625 0.000000
vt 2.170583 -0.192625 0.000000
vt 2.604700 -0.214028 0.000000
vt 2.170583 -0.214028 0.000000
vt 2.604700 -0.235431 0.000000
vt 2.170583 -0.235431 0.000000
vt 2.604700 -0.256834 0.000000
vt 2.170583 -0.256834 0.000000
vt 2.604700 -0.278237 0.000000
vt 2.170583 -0.278237 0.000000
vt 2.604700 -0.299639 0.000000
vt 2.170583 -0.299639 0.000000
vt 2.604700 -0.321042 0.000000
vt 2.170583 -0.321042 0.000000
vt 2.604700 -0.342445 0.000000
vt 2.170583 -0.342445 0.000000
vt 2.604700 -0.363848 0.000000
vt 2.170583 -0.363848 0.000000
vt 2.604700 -0.385251 0.000000
vt 2.170583 -0.385251 0.000000
vt 2.604700 -0.406653 0.000000
vt 2.170583 -0.406653 0.000000
vt 2.604700 -0.428056 0.000000
vt 2.170583 -0.428056 0.000000
vt 2.604700 -0.449459 0.000000
vt 2.170583 -0.449459 0.000000
vt 2.604700 -0.470862 0.000000
vt 2.170583 -0.470862 0.000000
vt 2.604700 -0.492265 0.000000
vt 2.170583 -0.492265 0.000000
vt 2.604700 -0.513668 0.000000
vt 2.170583 -0.513668 0.000000
vt 2.604700 -0.535070 0.000000
vt 2.170583 -0.535070 0.000000
vt 2.604700 -0.556473 0.000000
vt 2.170583 -0.556473 0.000000
vt 2.604700 -0.577876 0.000000
vt 2.170583 -0.577876 0.000000
vt 2.604700 -0.599279 0.000000
vt 2.170583 -0.599279 0.000000
vt 2.604700 -0.620682 0.000000
vt 2.170583 -0.620682 0.000000
vt 2.604700 -0.642084 0.000000
vt 2.170583 -0.642084 0.000000
vt 2.604700 -0.663487 0.000000
vt 2.170583 -0.663487 0.000000
vt 2.604700 -0.684890 0.000000
vt 2.170583 -0.684890 0.000000
vt 2.604700 -0.706293 0.000000
vt 2.170583 -0.706293 0.000000
vt 2.604700 -0.727696 0.000000
vt 2.170583 -0.727696 0.000000
vt 2.604700 -0.749098 0.000000
vt 2.170583 -0.749098 0.000000
vt 2.604700 -0.770501 0.000000
vt 2.170583 -0.770501 0.000000
vt 2.604700 -0.791904 0.000000
vt 2.170583 -0.791904 0.000000
vt 2.604700 -0.813307 0.000000
vt 2.170583 -0.813307 0.000000
vt 2.604700 -0.834710 0.000000
vt 2.170583 -0.834710 0.000000
vt 2.604700 -0.856113 0.000000
vt 2.170583 -0.856113 0.000000
vt 2.604700 -0.877515 0.000000
vt 2.170583 -0.877515 0.000000
vt 2.604700 -0.898918 0.000000
vt 2.170583 -0.898918 0.000000
vt 2.604700 -0.920321 0.000000
vt 2.170583 -0.920321 0.000000
vt 2.604700 -0.941724 0.000000
vt 2.170583 -0.941724 0.000000
vt 2.604700 -0.963127 0.000000
vt 2.170583 -0.963127 0.000000
vt 2.604700 -0.984529 0.000000
vt 2.170583 -0.984529 0.000000
vt 2.604700 -1.005932 0.000000
vt 2.170583 -1.005932 0.000000
vt 2.604700 -1.027335 0.000000
vt 2.170583 -1.027335 0.000000
vt 2.604700 -1.048738 0.000000
vt 2.170583 -1.048738 0.000000
vt 2.604700 -1.070141 0.000000
vt 2.170583 -1.070141 0.000000
vt 2.604700 -1.091544 0.000000
vt 2.170583 -1.091544 0.000000
vt 2.604700 -1.112946 0.000000
vt 2.170583 -1.112946 0.000000
vt 2.604700 -1.134349 0.000000
vt 2.170583 -1.134349 0.000000
vt 0.000000 1.155752 0.000000
vt 0.434117 1.155752 0.000000
vt 0.000000 1.177155 0.000000
vt 0.434117 1.177155 0.000000
vt 0.000000 -1.177155 0.000000
vt 0.434117 -1.177155 0.000000
vt 0.000000 -1.155752 0.000000
vt 0.434117 -1.155752 0.000000
vt 0.000000 -1.134349 0.000000
vt 0.434117 -1.134349 0.000000
vt 0.000000 -1.112946 0.000000
vt 0.434117 -1.112946 0.000000
vt 0.000000 -1.091544 0.000000
vt 0.434117 -1.091544 0.000000
vt -0.000000 -1.070141 0.000000
vt 0.434117 -1.070141 0.000000
vt -0.000000 -1.048738 0.000000
vt 0.434117 -1.048738 0.000000
vt 0.000000 -1.027335 0.000000
vt 0.434117 -1.027335 0.000000
vt 0.000000 -1.005932 0.000000
vt 0.434117 -1.005932 0.000000
vt 0.000000 -0.984529 0.000000
vt 0.434117 -0.984529 0.000000
vt -0.000000 -0.963127 0.000000
vt 0.434117 -0.963127 0.000000
vt 0.000000 -0.941724 0.000000
vt 0.434117 -0.941724 0.000000
vt 0.000000 -0.920321 0.000000
vt 0.434117 -0.920321 0.000000
vt 0.000000 -0.898918 0.000000
vt 0.434117 -0.898918 0.000000
vt 0.000000 -0.877515 0.000000
vt 0.434117 -0.877515 0.000000
vt 0.000000 -0.856113 0.000000
vt 0.434117 -0.856113 0.000000
vt -0.000000 -0.834710 0.000000
vt 0.434117 -0.834710 0.000000
vt 0.000000 -0.813307 0.000000
vt 0.434117 -0.813307 0.000000
vt 0.000000 -0.791904 0.000000
vt 0.434117 -0.791904 0.000000
vt 0.000000 -0.770501 0.000000
vt 0.434117 -0.770501 0.000000
vt -0.000000 -0.749098 0.000000
vt 0.434117 -0.749098 0.000000
vt 0.000000 -0.727696 0.000000
vt 0.434117 -0.727696 0.000000
vt 0.000000 -0.706293 0.000000
vt 0.434117 -0.706293 0.000000
vt -0.000000 -0.684890 0.000000
vt 0.434117 -0.684890 0.000000
vt 0.000000 -0.663487 0.000000
vt 0.434117 -0.663487 0.000000
vt -0.000000 -0.642084 0.000000
vt 0.434117 -0.642084 0.000000
vt -0.000000 -0.620682 0.000000
vt 0.434117 -0.620682 0.000000
vt 0.000000 -0.599279 0.000000
vt 0.434117 -0.599279 0.000000
vt 0.000000 -0.577876 0.000000
vt 0.434117 -0.577876 0.000000
vt 0.000000 -0.556473 0.000000
vt 0.434117 -0.556473 0.000000
vt 0.000000 -0.535070 0.000000
vt 0.434117 -0.535070 0.000000
vt 0.000000 -0.513668 0.000000
vt 0.434117 -0.513668 0.000000
vt 0.000000 -0.492265 0.000000
vt 0.434117 -0.492265 0.000000
vt 0.000000 -0.470862 0.000000
vt 0.434117 -0.470862 0.000000
vt 0.000000 -0.449459 0.000000
vt 0.434117 -0.449459 0.000000
vt 0.000000 -0.428056 0.000000
vt 0.434117 -0.428056 0.000000
vt 0.000000 -0.406653 0.000000
vt 0.434117 -0.406653 0.000000
vt 0.000000 -0.385251 0.000000
vt 0.434117 -0.385251 0.000000
vt 0.000000 -0.363848 0.000000
vt 0.434117 -0.363848 0.000000
vt 0.000000 -0.342445 0.000000
vt 0.434117 -0.342445 0.000000
vt -0.000000 -0.321042 0.000000
vt 0.434117 -0.321042 0.000000
vt 0.000000 -0.299639 0.000000
vt 0.434117 -0.299639 0.000000
vt 0.000000 -0.278237 0.000000
vt 0.434117 -0.278237 0.000000
vt 0.000000 -0.256834 0.000000
vt 0.434117 -0.256834 0.000000
vt -0.000000 -0.235431 0.000000
vt 0.434117 -0.235431 0.000000
vt -0.000000 -0.214028 0.000000
vt 0.434117 -0.214028 0.000000
vt -0.000000 -0.192625 0.000000
vt 0.434117 -0.192625 0.000000
vt -0.000000 -0.171223 0.000000
vt 0.434117 -0.171223 0.000000
vt 0.000000 -0.149820 0.000000
vt 0.434117 -0.149820 0.000000
vt 0.000000 -0.128417 0.000000
vt 0.434117 -0.128417 0.000000
vt -0.000000 -0.107014 0.000000
vt 0.434117 -0.107014 0.000000
vt -0.000000 -0.085611 0.000000
vt 0.434117 -0.085611 0.000000
vt 0.000000 -0.064208 0.000000
vt 0.434117 -0.064208 0.000000
vt 0.000000 -0.042806 0.000000
vt 0.434117 -0.042806 0.000000
vt 0.000000 -0.021403 0.000000
vt 0.434117 -0.021403 0.000000
vt 0.000000 0.000000 0.000000
vt 0.434117 0.000000 0.000000
vt 0.000000 0.021403 0.000000
vt 0.434117 0.021403 0.000000
vt 0.000000 0.042806 0.000000
vt 0.434117 0.042806 0.000000
vt 0.000000 0.064208 0.000000
vt 0.434117 0.064208 0.000000
vt -0.000000 0.085611 0.000000
vt 0.434117 0.085611 0.000000
vt 0.000000 0.107014 0.000000
vt 0.434117 0.107014 0.000000
vt 0.000000 0.128417 0.000000
vt 0.434117 0.128417 0.000000
vt 0.000000 0.149820 0.000000
vt 0.434117 0.149820 0.000000
vt 0.000000 0.171223 0.000000
vt 0.434117 0.171223 0.000000
vt -0.000000 0.192625 0.000000
vt 0.434117 0.192625 0.000000
vt 0.000000 0.214028 0.000000
vt 0.434117 0.214028 0.000000
vt -0.000000 0.235431 0.000000
vt 0.434117 0.235431 0.000000
vt 0.000000 0.256834 0.000000
vt 0.434117 0.256834 0.000000
vt -0.000000 0.278237 0.000000
vt 0.434117 0.278237 0.000000
vt 0.000000 0.299639 0.000000
vt 0.434117 0.299639 0.000000
vt -0.000000 0.321042 0.000000
vt 0.434117 0.321042 0.000000
vt -0.000000 0.342445 0.000000
vt 0.434117 0.342445 0.000000
vt 0.000000 0.363848 0.000000
vt 0.434117 0.363848 0.000000
vt 0.000000 0.385251 0.000000
vt 0.434117 0.385251 0.000000
vt 0.000000 0.406653 0.000000
vt 0.434117 0.406653 0.000000
vt 0.000000 0.428056 0.000000
vt 0.434117 0.428056 0.000000
vt -0.000000 0.449459 0.000000
vt 0.434117 0.449459 0.000000
vt 0.000000 0.470862 0.000000
vt 0.434117 0.470862 0.000000
vt -0.000000 0.492265 0.000000
vt 0.434117 0.492265 0.000000
vt 0.000000 0.513668 0.000000
vt 0.434117 0.513668 0.000000
vt 0.000000 0.535070 0.000000
vt 0.434117 0.535070 0.000000
vt -0.000000 0.556473 0.000000
vt 0.434117 0.556473 0.000000
vt 0.000000 0.577876 0.000000
vt 0.434117 0.577876 0.000000
vt 0.000000 0.599279 0.000000
vt 0.434117 0.599279 0.000000
vt -0.000000 0.620682 0.000000
vt 0.434117 0.620682 0.000000
vt 0.000000 0.642084 0.000000
vt 0.434117 0.642084 0.000000
vt 0.000000 0.663487 0.000000
vt 0.434117 0.663487 0.000000
vt -0.000000 0.684890 0.000000
vt 0.434117 0.684890 0.000000
vt 0.000000 0.706293 0.000000
vt 0.434117 0.706293 0.000000
vt 0.000000 0.727696 0.000000
vt 0.434117 0.727696 0.000000
vt 0.000000 0.749098 0.000000
vt 0.434117 0.749098 0.000000
vt 0.000000 0.770501 0.000000
vt 0.434117 0.770501 0.000000
vt 0.000000 0.791904 0.000000
vt 0.434117 0.791904 0.000000
vt 0.000000 0.813307 0.000000
vt 0.434117 0.813307 0.000000
vt -0.000000 0.834710 0.000000
vt 0.434117 0.834710 0.000000
vt 0.000000 0.856113 0.000000
vt 0.434117 0.856113 0.000000
vt 0.000000 0.877515 0.000000
vt 0.434117 0.877515 0.000000
vt 0.000000 0.898918 0.000000
vt 0.434117 0.898918 0.000000
vt -0.000000 0.920321 0.000000
vt 0.434117 0.920321 0.000000
vt 0.000000 0.941724 0.000000
vt 0.434117 0.941724 0.000000
vt 0.000000 0.963127 0.000000
vt 0.434117 0.963127 0.000000
vt 0.000000 0.984529 0.000000
vt 0.434117 0.984529 0.000000
vt 0.000000 1.005932 0.000000
vt 0.434117 1.005932 0.000000
vt 0.000000 1.027335 0.000000
vt 0.434117 1.027335 0.000000
vt -0.000000 1.048738 0.000000
vt 0.434117 1.048738 0.000000
vt 0.000000 1.070141 0.000000
vt 0.434117 1.070141 0.000000
vt 0.000000 1.091544 0.000000
vt 0.434117 1.091544 0.000000
vt 0.000000 1.112946 0.000000
vt 0.434117 1.112946 0.000000
vt 0.000000 1.134349 0.000000
vt 0.434117 1.134349 0.000000
vt 1.736467 1.177155 0.000000
vt 1.736467 1.155752 0.000000
vt 1.736467 1.134349 0.000000
vt 1.736467 1.112946 0.000000
vt 1.736467 1.091544 0.000000
vt 1.736467 1.070141 0.000000
vt 1.736467 1.048738 0.000000
vt 1.736467 1.027335 0.000000
vt 1.736467 1.005932 0.000000
vt 1.736467 0.984529 0.000000
vt 1.736467 0.963127 0.000000
vt 1.736467 0.941724 0.000000
vt 1.736467 0.920321 0.000000
vt 1.736467 0.898918 0.000000
vt 1.736467 0.877515 0.000000
vt 1.736467 0.856113 0.000000
vt 1.736467 0.834710 0.000000
vt 1.736467 0.813307 0.000000
vt 1.736467 0.791904 0.000000
vt 1.736467 0.770501 0.000000
vt 1.736467 0.749098 0.000000
vt 1.736467 0.727696 0.000000
vt 1.736467 0.706293 0.000000
vt 1.736467 0.684890 0.000000
vt 1.736467 0.663487 0.000000
vt 1.736467 0.642084 0.000000
vt 1.736467 0.620682 0.000000
vt 1.736467 0.599279 0.000000
vt 1.736467 0.577876 0.000000
vt 1.736467 0.556473 0.000000
vt 1.736467 0.535070 0.000000
vt 1.736467 0.513668 0.000000
vt 1.736467 0.492265 0.000000
vt 1.736467 0.470862 0.000000
vt 1.736467 0.449459 0.000000
vt 1.736467 0.428056 0.000000
vt 1.736467 0.406653 0.000000
vt 1.736467 0.385251 0.000000
vt 1.736467 0.363848 0.000000
vt 1.736467 0.342445 0.000000
vt 1.736467 0.321042 0.000000
vt 1.736467 0.299639 0.000000
vt 1.736467 0.278237 0.000000
vt 1.736467 0.256834 0.000000
vt 1.736467 0.235431 0.000000
vt 1.736467 0.214028 0.000000
vt 1.736467 0.192625 0.000000
vt 1.736467 0.171223 0.000000
vt 1.736467 0.149820 0.000000
vt 1.736467 0.128417 0.000000
vt 1.736467 0.107014 0.000000
vt 1.736467 0.085611 0.000000
vt 1.736467 0.064208 0.000000
vt 1.736467 0.042806 0.000000
vt 1.736467 0.021403 0.000000
vt 1.736467 0.000000 0.000000
vt 1.736467 -0.021403 0.000000
vt 1.736467 -0.042806 0.000000
vt 1.736467 -0.064208 0.000000
vt 1.736467 -0.085611 0.000000
vt 1.736467 -0.107014 0.000000
vt 1.736467 -0.128417 0.000000
vt 1.736467 -0.149820 0.000000
vt 1.736467 -0.171223 0.000000
vt 1.736467 -0.192625 0.000000
vt 1.736467 -0.214028 0.000000
vt 1.736467 -0.235431 0.000000
vt 1.736467 -0.256834 0.000000
vt 1.736467 -0.278237 0.000000
vt 1.736467 -0.299639 0.000000
vt 1.736467 -0.321042 0.000000
vt 1.736467 -0.342445 0.000000
vt 1.736467 -0.363848 0.000000
vt 1.736467 -0.385251 0.000000
vt 1.736467 -0.406653 0.000000
vt 1.736467 -0.428056 0.000000
vt 1.736467 -0.449459 0.000000
vt 1.736467 -0.470862 0.000000
vt 1.736467 -0.492265 0.000000
vt 1.736467 -0.513668 0.000000
vt 1.736467 -0.535070 0.000000
vt 1.736467 -0.556473 0.000000
vt 1.736467 -0.577876 0.000000
vt 1.736467 -0.599279 0.000000
vt 1.736467 -0.620682 0.000000
vt 1.736467 -0.642084 0.000000
vt 1.736467 -0.663487 0.000000
vt 1.736467 -0.684890 0.000000
vt 1.736467 -0.706293 0.000000
vt 1.736467 -0.727696 0.000000
vt 1.736467 -0.749098 0.000000
vt 1.736467 -0.770501 0.000000
vt 1.736467 -0.791904 0.000000
vt 1.736467 -0.813307 0.000000
vt 1.736467 -0.834710 0.000000
vt 1.736467 -0.856113 0.000000
vt 1.736467 -0.877515 0.000000
vt 1.736467 -0.898918 0.000000
vt 1.736467 -0.920321 0.000000
vt 1.736467 -0.941724 0.000000
vt 1.736467 -0.963127 0.000000
vt 1.736467 -0.984529 0.000000
vt 1.736467 -1.005932 0.000000
vt 1.736467 -1.027335 0.000000
vt 1.736467 -1.048738 0.000000
vt 1.736467 -1.070141 0.000000
vt 1.736467 -1.091544 0.000000
vt 1.736467 -1.112946 0.000000
vt 1.736467 -1.134349 0.000000
vt 1.736467 -1.155752 0.000000
vt 1.736467 -1.177155 0.000000
vt 1.302350 1.177155 0.000000
vt 1.302350 1.155752 0.000000
vt 1.302350 1.134349 0.000000
vt 1.302350 1.112946 0.000000
vt 1.302350 1.091544 0.000000
vt 1.302350 1.070141 0.000000
vt 1.302350 1.048738 0.000000
vt 1.302350 1.027335 0.000000
vt 1.302350 1.005932 0.000000
vt 1.302350 0.984529 0.000000
vt 1.302350 0.963127 0.000000
vt 1.302350 0.941724 0.000000
vt 1.302350 0.920321 0.000000
vt 1.302350 0.898918 0.000000
vt 1.302350 0.877515 0.000000
vt 1.302350 0.856113 0.000000
vt 1.302350 0.834710 0.000000
vt 1.302350 0.813307 0.000000
vt 1.302350 0.791904 0.000000
vt 1.302350 0.770501 0.000000
vt 1.302350 0.749098 0.000000
vt 1.302350 0.727696 0.000000
vt 1.302350 0.706293 0.000000
vt 1.302350 0.684890 0.000000
vt 1.302350 0.663487 0.000000
vt 1.302350 0.642084 0.000000
vt 1.302350 0.620682 0.000000
vt 1.302350 0.599279 0.000000
vt 1.302350 0.577876 0.000000
vt 1.302350 0.556473 0.000000
vt 1.302350 0.535070 0.000000
vt 1.302350 0.513668 0.000000
vt 1.302350 0.492265 0.000000
vt 1.302350 0.470862 0.000000
vt 1.302350 0.449459 0.000000
vt 1.302350 0.428056 0.000000
vt 1.302350 0.406653 0.000000
vt 1.302350 0.385251 0.000000
vt 1.302350 0.363848 0.000000
vt 1.302350 0.342445 0.000000
vt 1.302350 0.321042 0.000000
vt 1.302350 0.299639 0.000000
vt 1.302350 0.278237 0.000000
vt 1.302350 0.256834 0.000000
vt 1.302350 0.235431 0.000000
vt 1.302350 0.214028 0.000000
vt 1.302350 0.192625 0.000000
vt 1.302350 0.171223 0.000000
vt 1.302350 0.149820 0.000000
vt 1.302350 0.128417 0.000000
vt 1.302350 0.107014 0.000000
vt 1.302350 0.085611 0.000000
vt 1.302350 0.064208 0.000000
vt 1.302350 0.042806 0.000000
vt 1.302350 0.021403 0.000000
vt 1.302350 0.000000 0.000000
vt 1.302350 -0.021403 0.000000
vt 1.302350 -0.042806 0.000000
vt 1.302350 -0.064208 0.000000
vt 1.302350 -0.085611 0.000000
vt 1.302350 -0.107014 0.000000
vt 1.302350 -0.128417 0.000000
vt 1.302350 -0.149820 0.000000
vt 1.302350 -0.171223 0.000000
vt 1.302350 -0.192625 0.000000
vt 1.302350 -0.214028 0.000000
vt 1.302350 -0.235431 0.000000
vt 1.302350 -0.256834 0.000000
vt 1.302350 -0.278237 0.000000
vt 1.302350 -0.299639 0.000000
vt 1.302350 -0.321042 0.000000
vt 1.302350 -0.342445 0.000000
vt 1.302350 -0.363848 0.000000
vt 1.302350 -0.385251 0.000000
vt 1.302350 -0.406653 0.000000
vt 1.302350 -0.428056 0.000000
vt 1.302350 -0.449459 0.000000
vt 1.302350 -0.470862 0.000000
vt 1.302350 -0.492265 0.000000
vt 1.302350 -0.513668 0.000000
vt 1.302350 -0.535070 0.000000
vt 1.302350 -0.556473 0.000000
vt 1.302350 -0.577876 0.000000
vt 1.302350 -0.599279 0.000000
vt 1.302350 -0.620682 0.000000
vt 1.302350 -0.642084 0.000000
vt 1.302350 -0.663487 0.000000
vt 1.302350 -0.684890 0.000000
vt 1.302350 -0.706293 0.000000
vt 1.302350 -0.727696 0.000000
vt 1.302350 -0.749098 0.000000
vt 1.302350 -0.770501 0.000000
vt 1.302350 -0.791904 0.000000
vt 1.302350 -0.813307 0.000000
vt 1.302350 -0.834710 0.000000
vt 1.302350 -0.856113 0.000000
vt 1.302350 -0.877515 0.000000
vt 1.302350 -0.898918 0.000000
vt 1.302350 -0.920321 0.000000
vt 1.302350 -0.941724 0.000000
vt 1.302350 -0.963127 0.000000
vt 1.302350 -0.984529 0.000000
vt 1.302350 -1.005932 0.000000
vt 1.302350 -1.027335 0.000000
vt 1.302350 -1.048738 0.000000
vt 1.302350 -1.070141 0.000000
vt 1.302350 -1.091544 0.000000
vt 1.302350 -1.112946 0.000000
vt 1.302350 -1.134349 0.000000
vt 1.302350 -1.155752 0.000000
vt 1.302350 -1.177155 0.000000
vt 0.868233 1.177155 0.000000
vt 0.868233 1.155752 0.000000
vt 0.868233 1.134349 0.000000
vt 0.868233 1.112946 0.000000
vt 0.868233 1.091544 0.000000
vt 0.868233 1.070141 0.000000
vt 0.868233 1.048738 0.000000
vt 0.868233 1.027335 0.000000
vt 0.868233 1.005932 0.000000
vt 0.868233 0.984529 0.000000
vt 0.868233 0.963127 0.000000
vt 0.868233 0.941724 0.000000
vt 0.868233 0.920321 0.000000
vt 0.868233 0.898918 0.000000
vt 0.868233 0.877515 0.000000
vt 0.868233 0.856113 0.000000
vt 0.868233 0.834710 0.000000
vt 0.868233 0.813307 0.000000
vt 0.868233 0.791904 0.000000
vt 0.868233 0.770501 0.000000
vt 0.868233 0.749098 0.000000
vt 0.868233 0.727696 0.000000
vt 0.868233 0.706293 0.000000
vt 0.868233 0.684890 0.000000
vt 0.868233 0.663487 0.000000
vt 0.868233 0.642084 0.000000
vt 0.868233 0.620682 0.000000
vt 0.868233 0.599279 0.000000
vt 0.868233 0.577876 0.000000
vt 0.868233 0.556473 0.000000
vt 0.868233 0.535070 0.000000
vt 0.868233 0.513668 0.000000
vt 0.868233 0.492265 0.000000
vt 0.868233 0.470862 0.000000
vt 0.868233 0.449459 0.000000
vt 0.868233 0.428056 0.000000
vt 0.868233 0.406653 0.000000
vt 0.868233 0.385251 0.000000
vt 0.868233 0.363848 0.000000
vt 0.868233 0.342445 0.000000
vt 0.868233 0.321042 0.000000
vt 0.868233 0.299639 0.000000
vt 0.868233 0.278237 0.000000
vt 0.868233 0.256834 0.000000
vt 0.868233 0.235431 0.000000
vt 0.868233 0.214028 0.000000
vt 0.868233 0.192625 0.000000
vt 0.868233 0.171223 0.000000
vt 0.868233 0.149820 0.000000
vt 0.868233 0.128417 0.000000
vt 0.868233 0.107014 0.000000
vt 0.868233 0.085611 0.000000
vt 0.868233 0.064208 0.000000
vt 0.868233 0.042806 0.000000
vt 0.868233 0.021403 0.000000
vt 0.868233 0.000000 0.000000
vt 0.868233 -0.021403 0.000000
vt 0.868233 -0.042806 0.000000
vt 0.868233 -0.064208 0.000000
vt 0.868233 -0.085611 0.000000
vt 0.868233 -0.107014 0.000000
vt 0.868233 -0.128417 0.000000
vt 0.868233 -0.149820 0.000000
vt 0.868233 -0.171223 0.000000
vt 0.868233 -0.192625 0.000000
vt 0.868233 -0.214028 0.000000
vt 0.868233 -0.235431 0.000000
vt 0.868233 -0.256834 0.000000
vt 0.868233 -0.278237 0.000000
vt 0.868233 -0.299639 0.000000
vt 0.868233 -0.321042 0.000000
vt 0.868233 -0.342445 0.000000
vt 0.868233 -0.363848 0.000000
vt 0.868233 -0.385251 0.000000
vt 0.868233 -0.406653 0.000000
vt 0.868233 -0.428056 0.000000
vt 0.868233 -0.449459 0.000000
vt 0.868233 -0.470862 0.000000
vt 0.868233 -0.492265 0.000000
vt 0.868233 -0.513668 0.000000
vt 0.868233 -0.535070 0.000000
vt 0.868233 -0.556473 0.000000
vt 0.868233 -0.577876 0.000000
vt 0.868233 -0.599279 0.000000
vt 0.868233 -0.620682 0.000000
vt 0.868233 -0.642084 0.000000
vt 0.868233 -0.663487 0.000000
vt 0.868233 -0.684890 0.000000
vt 0.868233 -0.706293 0.000000
vt 0.868233 -0.727696 0.000000
vt 0.868233 -0.749098 0.000000
vt 0.868233 -0.770501 0.000000
vt 0.868233 -0.791904 0.000000
vt 0.868233 -0.813307 0.000000
vt 0.868233 -0.834710 0.000000
vt 0.868233 -0.856113 0.000000
vt 0.868233 -0.877515 0.000000
vt 0.868233 -0.898918 0.000000
vt 0.868233 -0.920321 0.000000
vt 0.868233 -0.941724 0.000000
vt 0.868233 -0.963127 0.000000
vt 0.868233 -0.984529 0.000000
vt 0.868233 -1.005932 0.000000
vt 0.868233 -1.027335 0.000000
vt 0.868233 -1.048738 0.000000
vt 0.868233 -1.070141 0.000000
vt 0.868233 -1.091544 0.000000
vt 0.868233 -1.112946 0.000000
vt 0.868233 -1.134349 0.000000
vt 0.868233 -1.155752 0.000000
vt 0.868233 -1.177155 0.000000
vt -2.604700 1.739418 0.000000
vt -2.083760 1.739418 0.000000
vt -2.604700 1.765575 0.000000
vt -2.083760 1.765575 0.000000
vt -2.604700 -1.765575 0.000000
vt -2.083760 -1.765575 0.000000
vt -2.604700 -1.739418 0.000000
vt -2.083760 -1.739418 0.000000
vt -2.604700 -1.713262 0.000000
vt -2.083760 -1.713262 0.000000
vt -2.604700 -1.687105 0.000000
vt -2.083760 -1.687105 0.000000
vt -2.604700 -1.660948 0.000000
vt -2.083760 -1.660948 0.000000
vt -2.604700 -1.634792 0.000000
vt -2.083760 -1.634792 0.000000
vt -2.604700 -1.608635 0.000000
vt -2.083760 -1.608635 0.000000
vt -2.604700 -1.582478 0.000000
vt -2.083760 -1.582478 0.000000
vt -2.604700 -1.556322 0.000000
vt -2.083760 -1.556322 0.000000
vt -2.604700 -1.530165 0.000000
vt -2.083760 -1.530165 0.000000
vt -2.604700 -1.504008 0.000000
vt -2.083760 -1.504008 0.000000
vt -2.604700 -1.477852 0.000000
vt -2.083760 -1.477852 0.000000
vt -2.604700 -1.451695 0.000000
vt -2.083760 -1.451695 0.000000
vt -2.604700 -1.425538 0.000000
vt -2.083760 -1.425538 0.000000
vt -2.604700 -1.399382 0.000000
vt -2.083760 -1.399382 0.000000
vt -2.604700 -1.373225 0.000000
vt -2.083760 -1.373225 0.000000
vt -2.604700 -1.347068 0.000000
vt -2.083760 -1.347068 0.000000
vt -2.604700 -1.320912 0.000000
vt -2.083760 -1.320912 0.000000
vt -2.604700 -1.294755 0.000000
vt -2.083760 -1.294755 0.000000
vt -2.604700 -1.268598 0.000000
vt -2.083760 -1.268598 0.000000
vt -2.604700 -1.242442 0.000000
vt -2.083760 -1.242442 0.000000
vt -2.604700 -1.216285 0.000000
vt -2.083760 -1.216285 0.000000
vt -2.604700 -1.190128 0.000000
vt -2.083760 -1.190128 0.000000
vt -2.604700 -1.163972 0.000000
vt -2.083760 -1.163972 0.000000
vt -2.604700 -1.137815 0.000000
vt -2.083760 -1.137815 0.000000
vt -2.604700 -1.111658 0.000000
vt -2.083760 -1.111658 0.000000
vt -2.604700 -1.085502 0.000000
vt -2.083760 -1.085502 0.000000
vt -2.604700 -1.059345 0.000000
vt -2.083760 -1.059345 0.000000
vt -2.604700 -1.033188 0.000000
vt -2.083760 -1.033188 0.000000
vt -2.604700 -1.007032 0.000000
vt -2.083760 -1.007032 0.000000
vt -2.604700 -0.980875 0.000000
vt -2.083760 -0.980875 0.000000
vt -2.604700 -0.954718 0.000000
vt -2.083760 -0.954718 0.000000
vt -2.604700 -0.928562 0.000000
vt -2.083760 -0.928562 0.000000
vt -2.604700 -0.902405 0.000000
vt -2.083760 -0.902405 0.000000
vt -2.604700 -0.876248 0.000000
vt -2.083760 -0.876248 0.000000
vt -2.604700 -0.850092 0.000000
vt -2.083760 -0.850092 0.000000
vt -2.604700 -0.823935 0.000000
vt -2.083760 -0.823935 0.000000
vt -2.604700 -0.797778 0.000000
vt -2.083760 -0.797778 0.000000
vt -2.604700 -0.771622 0.000000
vt -2.083760 -0.771622 0.000000
vt -2.604700 -0.745465 0.000000
vt -2.083760 -0.745465 0.000000
vt -2.604700 -0.719308 0.000000
vt -2.083760 -0.719308 0.000000
vt -2.604700 -0.693152 0.000000
vt -2.083760 -0.693152 0.000000
vt -2.604700 -0.666995 0.000000
vt -2.083760 -0.666995 0.000000
vt -2.604700 -0.640838 0.000000
vt -2.083760 -0.640838 0.000000
vt -2.604700 -0.614682 0.000000
vt -2.083760 -0.614682 0.000000
vt -2.604700 -0.588525 0.000000
vt -2.083760 -0.588525 0.000000
vt -2.604700 -0.562368 0.000000
vt -2.083760 -0.562368 0.000000
vt -2.604700 -0.536212 0.000000
vt -2.083760 -0.536212 0.000000
vt -2.604700 -0.510055 0.000000
vt -2.083760 -0.510055 0.000000
vt -2.604700 -0.483898 0.000000
vt -2.083760 -0.483898 0.000000
vt -2.604700 -0.457742 0.000000
vt -2.083760 -0.457742 0.000000
vt -2.604700 -0.431585 0.000000
vt -2.083760 -0.431585 0.000000
vt -2.604700 -0.405428 0.000000
vt -2.083760 -0.405428 0.000000
vt -2.604700 -0.379272 0.000000
vt -2.083760 -0.379272 0.000000
vt -2.604700 -0.353115 0.000000
vt -2.083760 -0.353115 0.000000
vt -2.604700 -0.326958 0.000000
vt -2.083760 -0.326958 0.000000
vt -2.604700 -0.300802 0.000000
vt -2.083760 -0.300802 0.000000
vt -2.604700 -0.274645 0.000000
vt -2.083760 -0.274645 0.000000
vt -2.604700 -0.248488 0.000000
vt -2.083760 -0.248488 0.000000
vt -2.604700 -0.222332 0.000000
vt -2.083760 -0.222332 0.000000
vt -2.604700 -0.196175 0.000000
vt -2.083760 -0.196175 0.000000
vt -2.604700 -0.170018 0.000000
vt -2.083760 -0.170018 0.000000
vt -2.604700 -0.143862 0.000000
vt -2.083760 -0.143862 0.000000
vt -2.604700 -0.117705 0.000000
vt -2.083760 -0.117705 0.000000
vt -2.604700 -0.091548 0.000000
vt -2.083760 -0.091548 0.000000
vt -2.604700 -0.065392 0.000000
vt -2.083760 -0.065392 0.000000
vt -2.604700 -0.039235 0.000000
vt -2.083760 -0.039235 0.000000
vt -2.604700 -0.013078 0.000000
vt -2.083760 -0.013078 0.000000
vt -2.604700 0.013078 0.000000
vt -2.083760 0.013078 0.000000
vt -2.604700 0.039235 0.000000
vt -2.083760 0.039235 0.000000
vt -2.604700 0.065392 0.000000
vt -2.083760 0.065392 0.000000
vt -2.604700 0.091548 0.000000
vt -2.083760 0.091548 0.000000
vt -2.604700 0.117705 0.000000
vt -2.083760 0.117705 0.000000
vt -2.604700 0.143862 0.000000
vt -2.083760 0.143862 0.000000
vt -2.604700 0.170018 0.000000
vt -2.083760 0.170018 0.000000
vt -2.604700 0.196175 0.000000
vt -2.083760 0.196175 0.000000
vt -2.604700 0.222332 0.000000
vt -2.083760 0.222332 0.000000
vt -2.604700 0.248488 0.000000
vt -2.083760 0.248488 0.000000
vt -2.604700 0.274645 0.000000
vt -2.083760 0.274645 0.000000
vt -2.604700 0.300802 0.000000
vt -2.083760 0.300802 0.000000
vt -2.604700 0.326958 0.000000
vt -2.083760 0.326958 0.000000
vt -2.604700 0.353115 0.000000
vt -2.083760 0.353115 0.000000
vt -2.604700 0.379272 0.000000
vt -2.083760 0.379272 0.000000
vt -2.604700 0.405428 0.000000
vt -2.083760 0.405428 0.000000
vt -2.604700 0.431585 0.000000
vt -2.083760 0.431585 0.000000
vt -2.604700 0.457742 0.000000
vt -2.083760 0.457742 0.000000
vt -2.604700 0.483898 0.000000
vt -2.083760 0.483898 0.000000
vt -2.604700 0.510055 0.000000
vt -2.083760 0.510055 0.000000
vt -2.604700 0.536212 0.000000
vt -2.083760 0.536212 0.000000
vt -2.604700 0.562368 0.000000
vt -2.083760 0.562368 0.000000
vt -2.604700 0.588525 0.000000
vt -2.083760 0.588525 0.000000
vt -2.604700 0.614682 0.000000
vt -2.083760 0.614682 0.000000
vt -2.604700 0.640838 0.000000
vt -2.083760 0.640838 0.000000
vt -2.604700 0.666995 0.000000
vt -2.083760 0.666995 0.000000
vt -2.604700 0.693152 0.000000
vt -2.083760 0.693152 0.000000
vt -2.604700 0.719308 0.000000
vt -2.083760 0.719308 0.000000
vt -2.604700 0.745465 0.000000
vt -2.083760 0.745465 0.000000
vt -2.604700 0.771622 0.000000
vt -2.083760 0.771622 0.000000
vt -2.604700 0.797778 0.000000
vt -2.083760 0.797778 0.000000
vt -2.604700 0.823935 0.000000
vt -2.083760 0.823935 0.000000
vt -2.604700 0.850092 0.000000
vt -2.083760 0.850092 0.000000
vt -2.604700 0.876248 0.000000
vt -2.083760 0.876248 0.000000
vt -2.604700 0.902405 0.000000
vt -2.083760 0.902405 0.000000
vt -2.604700 0.928562 0.000000
vt -2.083760 0.928562 0.000000
vt -2.604700 0.954718 0.000000
vt -2.083760 0.954718 0.000000
vt -2.604700 0.980875 0.000000
vt -2.083760 0.980875 0.000000
vt -2.604700 1.007032 0.000000
vt -2.083760 1.007032 0.000000
vt -2.604700 1.033188 0.000000
vt -2.083760 1.033188 0.000000
vt -2.604700 1.059345 0.000000
vt -2.083760 1.059345 0.000000
vt -2.604700 1.085502 0.000000
vt -2.083760 1.085502 0.000000
vt -2.604700 1.111658 0.000000
vt -2.083760 1.111658 0.000000
vt -2.604700 1.137815 0.000000
vt -2.083760 1.137815 0.000000
vt -2.604700 1.163972 0.000000
vt -2.083760 1.163972 0.000000
vt -2.604700 1.190128 0.000000
vt -2.083760 1.190128 0.000000
vt -2.604700 1.216285 0.000000
vt -2.083760 1.216285 0.000000
vt -2.604700 1.242442 0.000000
vt -2.083760 1.242442 0.000000
vt -2.604700 1.268598 0.000000
vt -2.083760 1.268598 0.000000
vt -2.604700 1.294755 0.000000
vt -2.083760 1.294755 0.000000
vt -2.604700 1.320912 0.000000
vt -2.083760 1.320912 0.000000
vt -2.604700 1.347068 0.000000
vt -2.083760 1.347068 0.000000
vt -2.604700 1.373225 0.000000
vt -2.083760 1.373225 0.000000
vt -2.604700 1.399382 0.000000
vt -2.083760 1.399382 0.000000
vt -2.604700 1.425538 0.000000
vt -2.083760 1.425538 0.000000
vt -2.604700 1.451695 0.000000
vt -2.083760 1.451695 0.000000
vt -2.604700 1.477852 0.000000
vt -2.083760 1.477852 0.000000
vt -2.604700 1.504008 0.000000
vt -2.083760 1.504008 0.000000
vt -2.604700 1.530165 0.000000
vt -2.083760 1.530165 0.000000
vt -2.604700 1.556322 0.000000
vt -2.083760 1.556322 0.000000
vt -2.604700 1.582478 0.000000
vt -2.083760 1.582478 0.000000
vt -2.604700 1.608635 0.000000
vt -2.083760 1.608635 0.000000
vt -2.604700 1.634792 0.000000
vt -2.083760 1.634792 0.000000
vt -2.604700 1.660948 0.000000
vt -2.083760 1.660948 0.000000
vt -2.604700 1.687105 0.000000
vt -2.083760 1.687105 0.000000
vt -2.604700 1.713262 0.000000
vt -2.083760 1.713262 0.000000
vt -0.000000 -1.739418 0.000000
vt -0.520940 -1.739418 0.000000
vt -0.000000 -1.765575 0.000000
vt -0.520940 -1.765575 0.000000
vt -0.000000 1.765575 0.000000
vt -0.520940 1.765575 0.000000
vt -0.000000 1.739418 0.000000
vt -0.520940 1.739418 0.000000
vt -0.000000 1.713262 0.000000
vt -0.520940 1.713262 0.000000
vt -0.000000 1.687105 0.000000
vt -0.520940 1.687105 0.000000
vt -0.000000 1.660948 0.000000
vt -0.520940 1.660948 0.000000
vt -0.000000 1.634792 0.000000
vt -0.520940 1.634792 0.000000
vt -0.000000 1.608635 0.000000
vt -0.520940 1.608635 0.000000
vt -0.000000 1.582478 0.000000
vt -0.520940 1.582478 0.000000
vt -0.000000 1.556322 0.000000
vt -0.520940 1.556322 0.000000
vt -0.000000 1.530165 0.000000
vt -0.520940 1.530165 0.000000
vt -0.000000 1.504008 0.000000
vt -0.520940 1.504008 0.000000
vt -0.000000 1.477852 0.000000
vt -0.520940 1.477852 0.000000
vt -0.000000 1.451695 0.000000
vt -0.520940 1.451695 0.000000
vt -0.000000 1.425538 0.000000
vt -0.520940 1.425538 0.000000
vt -0.000000 1.399382 0.000000
vt -0.520940 1.399382 0.000000
vt -0.000000 1.373225 0.000000
vt -0.520940 1.373225 0.000000
vt -0.000000 1.347068 0.000000
vt -0.520940 1.347068 0.000000
vt -0.000000 1.320912 0.000000
vt -0.520940 1.320912 0.000000
vt -0.000000 1.294755 0.000000
vt -0.520940 1.294755 0.000000
vt -0.000000 1.268598 0.000000
vt -0.520940 1.268598 0.000000
vt -0.000000 1.242442 0.000000
vt -0.520940 1.242442 0.000000
vt -0.000000 1.216285 0.000000
vt -0.520940 1.216285 0.000000
vt -0.000000 1.190128 0.000000
vt -0.520940 1.190128 0.000000
vt -0.000000 1.163972 0.000000
vt -0.520940 1.163972 0.000000
vt -0.000000 1.137815 0.000000
vt -0.520940 1.137815 0.000000
vt -0.000000 1.111658 0.000000
vt -0.520940 1.111658 0.000000
vt -0.000000 1.085502 0.000000
vt -0.520940 1.085502 0.000000
vt -0.000000 1.059345 0.000000
vt -0.520940 1.059345 0.000000
vt -0.000000 1.033188 0.000000
vt -0.520940 1.033188 0.000000
vt -0.000000 1.007032 0.000000
vt -0.520940 1.007032 0.000000
vt -0.000000 0.980875 0.000000
vt -0.520940 0.980875 0.000000
vt -0.000000 0.954718 0.000000
vt -0.520940 0.954718 0.000000
vt -0.000000 0.928562 0.000000
vt -0.520940 0.928562 0.000000
vt -0.000000 0.902405 0.000000
vt -0.520940 0.902405 0.000000
vt -0.000000 0.876248 0.000000
vt -0.520940 0.876248 0.000000
vt -0.000000 0.850092 0.000000
vt -0.520940 0.850092 0.000000
vt -0.000000 0.823935 0.000000
vt -0.520940 0.823935 0.000000
vt -0.000000 0.797778 0.000000
vt -0.520940 0.797778 0.000000
vt -0.000000 0.771622 0.000000
vt -0.520940 0.771622 0.000000
vt -0.000000 0.745465 0.000000
vt -0.520940 0.745465 0.000000
vt -0.000000 0.719308 0.000000
vt -0.520940 0.719308 0.000000
vt -0.000000 0.693152 0.000000
vt -0.520940 0.693152 0.000000
vt -0.000000 0.666995 0.000000
vt -0.520940 0.666995 0.000000
vt -0.000000 0.640838 0.000000
vt -0.520940 0.640838 0.000000
vt -0.000000 0.614682 0.000000
vt -0.520940 0.614682 0.000000
vt -0.000000 0.588525 0.000000
vt -0.520940 0.588525 0.000000
vt -0.000000 0.562368 0.000000
vt -0.520940 0.562368 0.000000
vt -0.000000 0.536212 0.000000
vt -0.520940 0.536212 0.000000
vt -0.000000 0.510055 0.000000
vt -0.520940 0.510055 0.000000
vt -0.000000 0.483898 0.000000
vt -0.520940 0.483898 0.000000
vt -0.000000 0.457742 0.000000
vt -0.520940 0.457742 0.000000
vt -0.000000 0.431585 0.000000
vt -0.520940 0.431585 0.000000
vt -0.000000 0.405428 0.000000
vt -0.520940 0.405428 0.000000
vt -0.000000 0.379272 0.000000
vt -0.520940 0.379272 0.000000
vt -0.000000 0.353115 0.000000
vt -0.520940 0.353115 0.000000
vt -0.000000 0.326958 0.000000
vt -0.520940 0.326958 0.000000
vt -0.000000 0.300802 0.000000
vt -0.520940 0.300802 0.000000
vt -0.000000 0.274645 0.000000
vt -0.520940 0.274645 0.000000
vt -0.000000 0.248488 0.000000
vt -0.520940 0.248488 0.000000
vt -0.000000 0.222332 0.000000
vt -0.520940 0.222332 0.000000
vt -0.000000 0.196175 0.000000
vt -0.520940 0.196175 0.000000
vt -0.000000 0.170018 0.000000
vt -0.520940 0.170018 0.000000
vt -0.000000 0.143862 0.000000
vt -0.520940 0.143862 0.000000
vt -0.000000 0.117705 0.000000
vt -0.520940 0.117705 0.000000
vt -0.000000 0.091548 0.000000
vt -0.520940 0.091548 0.000000
vt -0.000000 0.065392 0.000000
vt -0.520940 0.065392 0.000000
vt -0.000000 0.039235 0.000000
vt -0.520940 0.039235 0.000000
vt -0.000000 0.013078 0.000000
vt -0.520940 0.013078 0.000000
vt -0.000000 -0.013078 0.000000
vt -0.520940 -0.013078 0.000000
vt -0.000000 -0.039235 0.000000
vt -0.520940 -0.039235 0.000000
vt -0.000000 -0.065392 0.000000
vt -0.520940 -0.065392 0.000000
vt -0.000000 -0.091548 0.000000
vt -0.520940 -0.091548 0.000000
vt -0.000000 -0.117705 0.000000
vt -0.520940 -0.117705 0.000000
vt -0.000000 -0.143862 0.000000
vt -0.520940 -0.143862 0.000000
vt -0.000000 -0.170018 0.000000
vt -0.520940 -0.170018 0.000000
vt -0.000000 -0.196175 0.000000
vt -0.520940 -0.196175 0.000000
vt -0.000000 -0.222332 0.000000
vt -0.520940 -0.222332 0.000000
vt -0.000000 -0.248488 0.000000
vt -0.520940 -0.248488 0.000000
vt -0.000000 -0.274645 0.000000
vt -0.520940 -0.274645 0.000000
vt -0.000000 -0.300802 0.000000
vt -0.520940 -0.300802 0.000000
vt -0.000000 -0.326958 0.000000
vt -0.520940 -0.326958 0.000000
vt -0.000000 -0.353115 0.000000
vt -0.520940 -0.353115 0.000000
vt -0.000000 -0.379272 0.000000
vt -0.520940 -0.379272 0.000000
vt -0.000000 -0.405428 0.000000
vt -0.520940 -0.405428 0.000000
vt -0.000000 -0.431585 0.000000
vt -0.520940 -0.431585 0.000000
vt -0.000000 -0.457742 0.000000
vt -0.520940 -0.457742 0.000000
vt -0.000000 -0.483898 0.000000
vt -0.520940 -0.483898 0.000000
vt -0.000000 -0.510055 0.000000
vt -0.520940 -0.510055 0.000000
vt -0.000000 -0.536212 0.000000
vt -0.520940 -0.536212 0.000000
vt -0.000000 -0.562368 0.000000
vt -0.520940 -0.562368 0.000000
vt -0.000000 -0.588525 0.000000
vt -0.520940 -0.588525 0.000000
vt -0.000000 -0.614682 0.000000
vt -0.520940 -0.614682 0.000000
vt -0.000000 -0.640838 0.000000
vt -0.520940 -0.640838 0.000000
vt -0.000000 -0.666995 0.000000
vt -0.520940 -0.666995 0.000000
vt -0.000000 -0.693152 0.000000
vt -0.520940 -0.693152 0.000000
vt -0.000000 -0.719308 0.000000
vt -0.520940 -0.719308 0.000000
vt -0.000000 -0.745465 0.000000
vt -0.520940 -0.745465 0.000000
vt -0.000000 -0.771622 0.000000
vt -0.520940 -0.771622 0.000000
vt -0.000000 -0.797778 0.000000
vt -0.520940 -0.797778 0.000000
vt -0.000000 -0.823935 0.000000
vt -0.520940 -0.823935 0.000000
vt -0.000000 -0.850092 0.000000
vt -0.520940 -0.850092 0.000000
vt -0.000000 -0.876248 0.000000
vt -0.520940 -0.876248 0.000000
vt -0.000000 -0.902405 0.000000
vt -0.520940 -0.902405 0.000000
vt -0.000000 -0.928562 0.000000
vt -0.520940 -0.928562 0.000000
vt -0.000000 -0.954718 0.000000
vt -0.520940 -0.954718 0.000000
vt -0.000000 -0.980875 0.000000
vt -0.520940 -0.980875 0.000000
vt -0.000000 -1.007032 0.000000
vt -0.520940 -1.007032 0.000000
vt -0.000000 -1.033188 0.000000
vt -0.520940 -1.033188 0.000000
vt -0.000000 -1.059345 0.000000
vt -0.520940 -1.059345 0.000000
vt -0.000000 -1.085502 0.000000
vt -0.520940 -1.085502 0.000000
vt -0.000000 -1.111658 0.000000
vt -0.520940 -1.111658 0.000000
vt -0.000000 -1.137815 0.000000
vt -0.520940 -1.137815 0.000000
vt -0.000000 -1.163972 0.000000
vt -0.520940 -1.163972 0.000000
vt -0.000000 -1.190128 0.000000
vt -0.520940 -1.190128 0.000000
vt -0.000000 -1.216285 0.000000
vt -0.520940 -1.216285 0.000000
vt -0.000000 -1.242442 0.000000
vt -0.520940 -1.242442 0.000000
vt -0.000000 -1.268598 0.000000
vt -0.520940 -1.268598 0.000000
vt -0.000000 -1.294755 0.000000
vt -0.520940 -1.294755 0.000000
vt -0.000000 -1.320912 0.000000
vt -0.520940 -1.320912 0.000000
vt -0.000000 -1.347068 0.000000
vt -0.520940 -1.347068 0.000000
vt -0.000000 -1.373225 0.000000
vt -0.520940 -1.373225 0.000000
vt -0.000000 -1.399382 0.000000
vt -0.520940 -1.399382 0.000000
vt -0.000000 -1.425538 0.000000
vt -0.520940 -1.425538 0.000000
vt -0.000000 -1.451695 0.000000
vt -0.520940 -1.451695 0.000000
vt -0.000000 -1.477852 0.000000
vt -0.520940 -1.477852 0.000000
vt -0.000000 -1.504008 0.000000
vt -0.520940 -1.504008 0.000000
vt -0.000000 -1.530165 0.000000
vt -0.520940 -1.530165 0.000000
vt -0.000000 -1.556322 0.000000
vt -0.520940 -1.556322 0.000000
vt -0.000000 -1.582478 0.000000
vt -0.520940 -1.582478 0.000000
vt -0.000000 -1.608635 0.000000
vt -0.520940 -1.608635 0.000000
vt -0.000000 -1.634792 0.000000
vt -0.520940 -1.634792 0.000000
vt -0.000000 -1.660948 0.000000
vt -0.520940 -1.660948 0.000000
vt -0.000000 -1.687105 0.000000
vt -0.520940 -1.687105 0.000000
vt -0.000000 -1.713262 0.000000
vt -0.520940 -1.713262 0.000000
vt -1.562820 -1.765575 0.000000
vt -1.562820 -1.739418 0.000000
vt -1.562820 -1.713262 0.000000
vt -1.562820 -1.687105 0.000000
vt -1.562820 -1.660948 0.000000
vt -1.562820 -1.634792 0.000000
vt -1.562820 -1.608635 0.000000
vt -1.562820 -1.582478 0.000000
vt -1.562820 -1.556322 0.000000
vt -1.562820 -1.530165 0.000000
vt -1.562820 -1.504008 0.000000
vt -1.562820 -1.477852 0.000000
vt -1.562820 -1.451695 0.000000
vt -1.562820 -1.425538 0.000000
vt -1.562820 -1.399382 0.000000
vt -1.562820 -1.373225 0.000000
vt -1.562820 -1.347068 0.000000
vt -1.562820 -1.320912 0.000000
vt -1.562820 -1.294755 0.000000
vt -1.562820 -1.268598 0.000000
vt -1.562820 -1.242442 0.000000
vt -1.562820 -1.216285 0.000000
vt -1.562820 -1.190128 0.000000
vt -1.562820 -1.163972 0.000000
vt -1.562820 -1.137815 0.000000
vt -1.562820 -1.111658 0.000000
vt -1.562820 -1.085502 0.000000
vt -1.562820 -1.059345 0.000000
vt -1.562820 -1.033188 0.000000
vt -1.562820 -1.007032 0.000000
vt -1.562820 -0.980875 0.000000
vt -1.562820 -0.954718 0.000000
vt -1.562820 -0.928562 0.000000
vt -1.562820 -0.902405 0.000000
vt -1.562820 -0.876248 0.000000
vt -1.562820 -0.850092 0.000000
vt -1.562820 -0.823935 0.000000
vt -1.562820 -0.797778 0.000000
vt -1.562820 -0.771622 0.000000
vt -1.562820 -0.745465 0.000000
vt -1.562820 -0.719308 0.000000
vt -1.562820 -0.693152 0.000000
vt -1.562820 -0.666995 0.000000
vt -1.562820 -0.640838 0.000000
vt -1.562820 -0.614682 0.000000
vt -1.562820 -0.588525 0.000000
vt -1.562820 -0.562368 0.000000
vt -1.562820 -0.536212 0.000000
vt -1.562820 -0.510055 0.000000
vt -1.562820 -0.483898 0.000000
vt -1.562820 -0.457742 0.000000
vt -1.562820 -0.431585 0.000000
vt -1.562820 -0.405428 0.000000
vt -1.562820 -0.379272 0.000000
vt -1.562820 -0.353115 0.000000
vt -1.562820 -0.326958 0.000000
vt -1.562820 -0.300802 0.000000
vt -1.562820 -0.274645 0.000000
vt -1.562820 -0.248488 0.000000
vt -1.562820 -0.222332 0.000000
vt -1.562820 -0.196175 0.000000
vt -1.562820 -0.170018 0.000000
vt -1.562820 -0.143862 0.000000
vt -1.562820 -0.117705 0.000000
vt -1.562820 -0.091548 0.000000
vt -1.562820 -0.065392 0.000000
vt -1.562820 -0.039235 0.000000
vt -1.562820 -0.013078 0.000000
vt -1.562820 0.013078 0.000000
vt -1.562820 0.039235 0.000000
vt -1.562820 0.065392 0.000000
vt -1.562820 0.091548 0.000000
vt -1.562820 0.117705 0.000000
vt -1.562820 0.143862 0.000000
vt -1.562820 0.170018 0.000000
vt -1.562820 0.196175 0.000000
vt -1.562820 0.222332 0.000000
vt -1.562820 0.248488 0.000000
vt -1.562820 0.274645 0.000000
vt -1.562820 0.300802 0.000000
vt -1.562820 0.326958 0.000000
vt -1.562820 0.353115 0.000000
vt -1.562820 0.379272 0.000000
vt -1.562820 0.405428 0.000000
vt -1.562820 0.431585 0.000000
vt -1.562820 0.457742 0.000000
vt -1.562820 0.483898 0.000000
vt -1.562820 0.510055 0.000000
vt -1.562820 0.536212 0.000000
vt -1.562820 0.562368 0.000000
vt -1.562820 0.588525 0.000000
vt -1.562820 0.614682 0.000000
vt -1.562820 0.640838 0.000000
vt -1.562820 0.666995 0.000000
vt -1.562820 0.693152 0.000000
vt -1.562820 0.719308 0.000000
vt -1.562820 0.745465 0.000000
vt -1.562820 0.771622 0.000000
vt -1.562820 0.797778 0.000000
vt -1.562820 0.823935 0.000000
vt -1.562820 0.850092 0.000000
vt -1.562820 0.876248 0.000000
vt -1.562820 0.902405 0.000000
vt -1.562820 0.928562 0.000000
vt -1.562820 0.954718 0.000000
vt -1.562820 0.980875 0.000000
vt -1.562820 1.007032 0.000000
vt -1.562820 1.033188 0.000000
vt -1.562820 1.059345 0.000000
vt -1.562820 1.085502 0.000000
vt -1.562820 1.111658 0.000000
vt -1.562820 1.137815 0.000000
vt -1.562820 1.163972 0.000000
vt -1.562820 1.190128 0.000000
vt -1.562820 1.216285 0.000000
vt -1.562820 1.242442 0.000000
vt -1.562820 1.268598 0.000000
vt -1.562820 1.294755 0.000000
vt -1.562820 1.320912 0.000000
vt -1.562820 1.347068 0.000000
vt -1.562820 1.373225 0.000000
vt -1.562820 1.399382 0.000000
vt -1.562820 1.425538 0.000000
vt -1.562820 1.451695 0.000000
vt -1.562820 1.477852 0.000000
vt -1.562820 1.504008 0.000000
vt -1.562820 1.530165 0.000000
vt -1.562820 1.556322 0.000000
vt -1.562820 1.582478 0.000000
vt -1.562820 1.608635 0.000000
vt -1.562820 1.634792 0.000000
vt -1.562820 1.660948 0.000000
vt -1.562820 1.687105 0.000000
vt -1.562820 1.713262 0.000000
vt -1.562820 1.739418 0.000000
vt -1.562820 1.765575 0.000000
vt -1.041880 -1.765575 0.000000
vt -1.041880 -1.739418 0.000000
vt -1.041880 -1.713262 0.000000
vt -1.041880 -1.687105 0.000000
vt -1.041880 -1.660948 0.000000
vt -1.041880 -1.634792 0.000000
vt -1.041880 -1.608635 0.000000
vt -1.041880 -1.582478 0.000000
vt -1.041880 -1.556322 0.000000
vt -1.041880 -1.530165 0.000000
vt -1.041880 -1.504008 0.000000
vt -1.041880 -1.477852 0.000000
vt -1.041880 -1.451695 0.000000
vt -1.041880 -1.425538 0.000000
vt -1.041880 -1.399382 0.000000
vt -1.041880 -1.373225 0.000000
vt -1.041880 -1.347068 0.000000
vt -1.041880 -1.320912 0.000000
vt -1.041880 -1.294755 0.000000
vt -1.041880 -1.268598 0.000000
vt -1.041880 -1.242442 0.000000
vt -1.041880 -1.216285 0.000000
vt -1.041880 -1.190128 0.000000
vt -1.041880 -1.163972 0.000000
vt -1.041880 -1.137815 0.000000
vt -1.041880 -1.111658 0.000000
vt -1.041880 -1.085502 0.000000
vt -1.041880 -1.059345 0.000000
vt -1.041880 -1.033188 0.000000
vt -1.041880 -1.007032 0.000000
vt -1.041880 -0.980875 0.000000
vt -1.041880 -0.954718 0.000000
vt -1.041880 -0.928562 0.000000
vt -1.041880 -0.902405 0.000000
vt -1.041880 -0.876248 0.000000
vt -1.041880 -0.850092 0.000000
vt -1.041880 -0.823935 0.000000
vt -1.041880 -0.797778 0.000000
vt -1.041880 -0.771622 0.000000
vt -1.041880 -0.745465 0.000000
vt -1.041880 -0.719308 0.000000
vt -1.041880 -0.693152 0.000000
vt -1.041880 -0.666995 0.000000
vt -1.041880 -0.640838 0.000000
vt -1.041880 -0.614682 0.000000
vt -1.041880 -0.588525 0.000000
vt -1.041880 -0.562368 0.000000
vt -1.041880 -0.536212 0.000000
vt -1.041880 -0.510055 0.000000
vt -1.041880 -0.483898 0.000000
vt -1.041880 -0.457742 0.000000
vt -1.041880 -0.431585 0.000000
vt -1.041880 -0.405428 0.000000
vt -1.041880 -0.379272 0.000000
vt -1.041880 -0.353115 0.000000
vt -1.041880 -0.326958 0.000000
vt -1.041880 -0.300802 0.000000
vt -1.041880 -0.274645 0.000000
vt -1.041880 -0.248488 0.000000
vt -1.041880 -0.222332 0.000000
vt -1.041880 -0.196175 0.000000
vt -1.041880 -0.170018 0.000000
vt -1.041880 -0.143862 0.000000
vt -1.041880 -0.117705 0.000000
vt -1.041880 -0.091548 0.000000
vt -1.041880 -0.065392 0.000000
vt -1.041880 -0.039235 0.000000
vt -1.041880 -0.013078 0.000000
vt -1.041880 0.013078 0.000000
vt -1.041880 0.039235 0.000000
vt -1.041880 0.065392 0.000000
vt -1.041880 0.091548 0.000000
vt -1.041880 0.117705 0.000000
vt -1.041880 0.143862 0.000000
vt -1.041880 0.170018 0.000000
vt -1.041880 0.196175 0.000000
vt -1.041880 0.222332 0.000000
vt -1.041880 0.248488 0.000000
vt -1.041880 0.274645 0.000000
vt -1.041880 0.300802 0.000000
vt -1.041880 0.326958 0.000000
vt -1.041880 0.353115 0.000000
vt -1.041880 0.379272 0.000000
vt -1.041880 0.405428 0.000000
vt -1.041880 0.431585 0.000000
vt -1.041880 0.457742 0.000000
vt -1.041880 0.483898 0.000000
vt -1.041880 0.510055 0.000000
vt -1.041880 0.536212 0.000000
vt -1.041880 0.562368 0.000000
vt -1.041880 0.588525 0.000000
vt -1.041880 0.614682 0.000000
vt -1.041880 0.640838 0.000000
vt -1.041880 0.666995 0.000000
vt -1.041880 0.693152 0.000000
vt -1.041880 0.719308 0.000000
vt -1.041880 0.745465 0.000000
vt -1.041880 0.771622 0.000000
vt -1.041880 0.797778 0.000000
vt -1.041880 0.823935 0.000000
vt -1.041880 0.850092 0.000000
vt -1.041880 0.876248 0.000000
vt -1.041880 0.902405 0.000000
vt -1.041880 0.928562 0.000000
vt -1.041880 0.954718 0.000000
vt -1.041880 0.980875 0.000000
vt -1.041880 1.007032 0.000000
vt -1.041880 1.033188 0.000000
vt -1.041880 1.059345 0.000000
vt -1.041880 1.085502 0.000000
vt -1.041880 1.111658 0.000000
vt -1.041880 1.137815 0.000000
vt -1.041880 1.163972 0.000000
vt -1.041880 1.190128 0.000000
vt -1.041880 1.216285 0.000000
vt -1.041880 1.242442 0.000000
vt -1.041880 1.268598 0.000000
vt -1.041880 1.294755 0.000000
vt -1.041880 1.320912 0.000000
vt -1.041880 1.347068 0.000000
vt -1.041880 1.373225 0.000000
vt -1.041880 1.399382 0.000000
vt -1.041880 1.425538 0.000000
vt -1.041880 1.451695 0.000000
vt -1.041880 1.477852 0.000000
vt -1.041880 1.504008 0.000000
vt -1.041880 1.530165 0.000000
vt -1.041880 1.556322 0.000000
vt -1.041880 1.582478 0.000000
vt -1.041880 1.608635 0.000000
vt -1.041880 1.634792 0.000000
vt -1.041880 1.660948 0.000000
vt -1.041880 1.687105 0.000000
vt -1.041880 1.713262 0.000000
vt -1.041880 1.739418 0.000000
vt -1.041880 1.765575 0.000000
vt -0.374089 0.021391 0.000000
vt -0.561391 0.026147 0.000000
vt -0.374700 -0.000000 0.000000
vt -0.562000 -0.000000 0.000000
vt -0.561391 -0.026147 0.000000
vt -0.559567 0.052238 0.000000
vt -0.372258 0.042713 0.000000
vt -0.556531 0.078215 0.000000
vt -0.369212 0.063895 0.000000
vt -0.552289 0.104023 0.000000
vt -0.364962 0.084868 0.000000
vt -0.546851 0.129606 0.000000
vt -0.540229 0.154908 0.000000
vt -0.359522 0.105565 0.000000
vt -0.532437 0.179875 0.000000
vt -0.352909 0.125918 0.000000
vt -0.523492 0.204452 0.000000
vt -0.345145 0.145860 0.000000
vt -0.513413 0.228586 0.000000
vt -0.336255 0.165326 0.000000
vt -0.502222 0.252225 0.000000
vt -0.326269 0.184252 0.000000
vt -0.489943 0.275318 0.000000
vt -0.476603 0.297815 0.000000
vt -0.315218 0.202578 0.000000
vt -0.462231 0.319666 0.000000
vt -0.303139 0.220243 0.000000
vt -0.446858 0.340826 0.000000
vt -0.290071 0.237190 0.000000
vt -0.430517 0.361247 0.000000
vt -0.276057 0.253363 0.000000
vt -0.413244 0.380885 0.000000
vt -0.261143 0.268709 0.000000
vt -0.245376 0.283179 0.000000
vt -0.228810 0.296726 0.000000
vt -0.211497 0.309304 0.000000
vt -0.193494 0.320874 0.000000
vt -0.174860 0.331397 0.000000
vt -0.155656 0.340839 0.000000
vt -0.135944 0.349169 0.000000
vt -0.115789 0.356361 0.000000
vt -0.095256 0.362390 0.000000
vt -0.074412 0.367237 0.000000
vt -0.053325 0.370886 0.000000
vt -0.032065 0.373325 0.000000
vt -0.010700 0.374547 0.000000
vt 0.010700 0.374547 0.000000
vt -0.395075 0.399699 0.000000
vt -0.376051 0.417647 0.000000
vt -0.356213 0.434691 0.000000
vt -0.335603 0.450793 0.000000
vt -0.314266 0.465919 0.000000
vt -0.292249 0.480036 0.000000
vt -0.269599 0.493113 0.000000
vt -0.246365 0.505122 0.000000
vt -0.222597 0.516037 0.000000
vt -0.198347 0.525835 0.000000
vt -0.173668 0.534494 0.000000
vt -0.148612 0.541995 0.000000
vt -0.123235 0.548322 0.000000
vt -0.097590 0.553462 0.000000
vt -0.071735 0.557403 0.000000
vt -0.045724 0.560137 0.000000
vt -0.019614 0.561658 0.000000
vt 0.006539 0.561962 0.000000
vt 0.032677 0.561049 0.000000
vt 0.032065 0.373325 0.000000
vt 0.058745 0.558921 0.000000
vt 0.053325 0.370886 0.000000
vt 0.084685 0.555583 0.000000
vt 0.074412 0.367237 0.000000
vt 0.110442 0.551041 0.000000
vt 0.135960 0.545306 0.000000
vt 0.095256 0.362390 0.000000
vt 0.161183 0.538390 0.000000
vt 0.115789 0.356361 0.000000
vt 0.186058 0.530308 0.000000
vt 0.135944 0.349169 0.000000
vt 0.210529 0.521077 0.000000
vt 0.155656 0.340839 0.000000
vt 0.234544 0.510718 0.000000
vt 0.258052 0.499253 0.000000
vt 0.174860 0.331397 0.000000
vt 0.281000 0.486706 0.000000
vt 0.193494 0.320874 0.000000
vt 0.303340 0.473106 0.000000
vt 0.211497 0.309304 0.000000
vt 0.325023 0.458480 0.000000
vt 0.228810 0.296726 0.000000
vt 0.346002 0.442862 0.000000
vt 0.245376 0.283179 0.000000
vt 0.366231 0.426285 0.000000
vt 0.385668 0.408784 0.000000
vt 0.261143 0.268709 0.000000
vt 0.404269 0.390398 0.000000
vt 0.276057 0.253363 0.000000
vt 0.421995 0.371167 0.000000
vt 0.290071 0.237190 0.000000
vt 0.438806 0.351131 0.000000
vt 0.303139 0.220243 0.000000
vt 0.454668 0.330335 0.000000
vt 0.469544 0.308824 0.000000
vt 0.315218 0.202578 0.000000
vt 0.483404 0.286644 0.000000
vt 0.326269 0.184252 0.000000
vt 0.496217 0.263843 0.000000
vt 0.336255 0.165326 0.000000
vt 0.507955 0.240471 0.000000
vt 0.345145 0.145860 0.000000
vt 0.518592 0.216578 0.000000
vt 0.528107 0.192215 0.000000
vt 0.352909 0.125918 0.000000
vt 0.536478 0.167437 0.000000
vt 0.359522 0.105565 0.000000
vt 0.543687 0.142296 0.000000
vt 0.364962 0.084868 0.000000
vt 0.549719 0.116846 0.000000
vt 0.369212 0.063895 0.000000
vt 0.554560 0.091144 0.000000
vt 0.372258 0.042713 0.000000
vt 0.558200 0.065244 0.000000
vt 0.560631 0.039203 0.000000
vt 0.374089 0.021391 0.000000
vt 0.561848 0.013077 0.000000
vt 0.374700 0.000000 0.000000
vt 0.561848 -0.013077 0.000000
vt 0.374089 -0.021391 0.000000
vt 0.560631 -0.039203 0.000000
vt 0.372258 -0.042713 0.000000
vt 0.558200 -0.065244 0.000000
vt 0.554560 -0.091144 0.000000
vt 0.369212 -0.063895 0.000000
vt 0.549719 -0.116846 0.000000
vt 0.364962 -0.084868 0.000000
vt 0.543687 -0.142296 0.000000
vt 0.359522 -0.105565 0.000000
vt 0.536478 -0.167437 0.000000
vt 0.352909 -0.125918 0.000000
vt 0.528107 -0.192215 0.000000
vt 0.345145 -0.145860 0.000000
vt 0.518592 -0.216578 0.000000
vt 0.507955 -0.240471 0.000000
vt 0.336255 -0.165326 0.000000
vt 0.496217 -0.263843 0.000000
vt 0.326269 -0.184252 0.000000
vt 0.483404 -0.286644 0.000000
vt 0.315218 -0.202578 0.000000
vt 0.469544 -0.308824 0.000000
vt 0.303139 -0.220243 0.000000
vt 0.454668 -0.330335 0.000000
vt 0.438806 -0.351131 0.000000
vt 0.290071 -0.237190 0.000000
vt 0.421995 -0.371167 0.000000
vt 0.276057 -0.253363 0.000000
vt 0.404269 -0.390398 0.000000
vt 0.261143 -0.268709 0.000000
vt 0.385668 -0.408784 0.000000
vt 0.245376 -0.283179 0.000000
vt 0.366231 -0.426285 0.000000
vt 0.346002 -0.442862 0.000000
vt 0.228810 -0.296726 0.000000
vt 0.325023 -0.458480 0.000000
vt 0.211497 -0.309304 0.000000
vt 0.303340 -0.473106 0.000000
vt 0.193494 -0.320874 0.000000
vt 0.281000 -0.486706 0.000000
vt 0.174860 -0.331397 0.000000
vt 0.258052 -0.499253 0.000000
vt 0.155656 -0.340839 0.000000
vt 0.234544 -0.510718 0.000000
vt 0.210529 -0.521077 0.000000
vt 0.135944 -0.349169 0.000000
vt 0.186058 -0.530308 0.000000
vt 0.115789 -0.356361 0.000000
vt 0.161183 -0.538390 0.000000
vt 0.095256 -0.362390 0.000000
vt 0.135960 -0.545306 0.000000
vt 0.074412 -0.367237 0.000000
vt 0.110442 -0.551041 0.000000
vt 0.084685 -0.555583 0.000000
vt 0.053325 -0.370886 0.000000
vt 0.058745 -0.558921 0.000000
vt 0.032065 -0.373325 0.000000
vt 0.032677 -0.561049 0.000000
vt 0.010700 -0.374547 0.000000
vt 0.006539 -0.561962 0.000000
vt -0.010700 -0.374547 0.000000
vt -0.019614 -0.561658 0.000000
vt -0.045724 -0.560137 0.000000
vt -0.071735 -0.557403 0.000000
vt -0.097590 -0.553462 0.000000
vt -0.123235 -0.548322 0.000000
vt -0.148612 -0.541995 0.000000
vt -0.173668 -0.534494 0.000000
vt -0.198347 -0.525835 0.000000
vt -0.222597 -0.516037 0.000000
vt -0.246365 -0.505122 0.000000
vt -0.269599 -0.493113 0.000000
vt -0.292249 -0.480036 0.000000
vt -0.314266 -0.465919 0.000000
vt -0.335603 -0.450793 0.000000
vt -0.356213 -0.434691 0.000000
vt -0.376051 -0.417647 0.000000
vt -0.395075 -0.399699 0.000000
vt -0.413244 -0.380885 0.000000
vt -0.032065 -0.373325 0.000000
vt -0.053325 -0.370886 0.000000
vt -0.074412 -0.367237 0.000000
vt -0.095256 -0.362390 0.000000
vt -0.430517 -0.361247 0.000000
vt -0.115789 -0.356361 0.000000
vt -0.135944 -0.349169 0.000000
vt -0.155656 -0.340839 0.000000
vt -0.174860 -0.331397 0.000000
vt -0.193494 -0.320874 0.000000
vt -0.446858 -0.340826 0.000000
vt -0.211497 -0.309304 0.000000
vt -0.228810 -0.296726 0.000000
vt -0.245376 -0.283179 0.000000
vt -0.261143 -0.268709 0.000000
vt -0.276057 -0.253363 0.000000
vt -0.290071 -0.237190 0.000000
vt -0.303139 -0.220243 0.000000
vt -0.462231 -0.319666 0.000000
vt -0.315218 -0.202578 0.000000
vt -0.476603 -0.297815 0.000000
vt -0.326269 -0.184252 0.000000
vt -0.489943 -0.275318 0.000000
vt -0.502222 -0.252225 0.000000
vt -0.336255 -0.165326 0.000000
vt -0.513413 -0.228586 0.000000
vt -0.345145 -0.145860 0.000000
vt -0.523492 -0.204452 0.000000
vt -0.352909 -0.125918 0.000000
vt -0.532437 -0.179875 0.000000
vt -0.359522 -0.105565 0.000000
vt -0.540229 -0.154908 0.000000
vt -0.364962 -0.084868 0.000000
vt -0.546851 -0.129606 0.000000
vt -0.552289 -0.104023 0.000000
vt -0.369212 -0.063895 0.000000
vt -0.556531 -0.078215 0.000000
vt -0.372258 -0.042713 0.000000
vt -0.559567 -0.052238 0.000000
vt -0.374089 -0.021391 0.000000
vt 0.374089 -0.021391 0.000000
vt 0.561391 -0.026147 0.000000
vt 0.374700 -0.000000 0.000000
vt 0.562000 -0.000000 0.000000
vt 0.561391 0.026147 0.000000
vt 0.559567 -0.052238 0.000000
vt 0.372258 -0.042713 0.000000
vt 0.556531 -0.078215 0.000000
vt 0.369212 -0.063895 0.000000
vt 0.552289 -0.104023 0.000000
vt 0.364962 -0.084868 0.000000
vt 0.546851 -0.129606 0.000000
vt 0.540229 -0.154908 0.000000
vt 0.359522 -0.105565 0.000000
vt 0.532437 -0.179875 0.000000
vt 0.352909 -0.125918 0.000000
vt 0.523492 -0.204452 0.000000
vt 0.345145 -0.145860 0.000000
vt 0.513413 -0.228586 0.000000
vt 0.336255 -0.165326 0.000000
vt 0.502222 -0.252225 0.000000
vt 0.326269 -0.184252 0.000000
vt 0.489943 -0.275318 0.000000
vt 0.476603 -0.297815 0.000000
vt 0.315218 -0.202578 0.000000
vt 0.462231 -0.319666 0.000000
vt 0.303139 -0.220243 0.000000
vt 0.446858 -0.340826 0.000000
vt 0.290071 -0.237190 0.000000
vt 0.430517 -0.361247 0.000000
vt 0.276057 -0.253363 0.000000
vt 0.413244 -0.380885 0.000000
vt 0.261143 -0.268709 0.000000
vt 0.245376 -0.283179 0.000000
vt 0.228810 -0.296726 0.000000
vt 0.211497 -0.309304 0.000000
vt 0.193494 -0.320874 0.000000
vt 0.174860 -0.331397 0.000000
vt 0.155656 -0.340839 0.000000
vt 0.135944 -0.349169 0.000000
vt 0.115789 -0.356361 0.000000
vt 0.095256 -0.362390 0.000000
vt 0.074412 -0.367237 0.000000
vt 0.053325 -0.370886 0.000000
vt 0.032065 -0.373325 0.000000
vt 0.010700 -0.374547 0.000000
vt -0.010700 -0.374547 0.000000
vt 0.395075 -0.399699 0.000000
vt 0.376051 -0.417647 0.000000
vt 0.356213 -0.434691 0.000000
vt 0.335603 -0.450793 0.000000
vt 0.314266 -0.465919 0.000000
vt 0.292249 -0.480036 0.000000
vt 0.269599 -0.493113 0.000000
vt 0.246365 -0.505122 0.000000
vt 0.222597 -0.516037 0.000000
vt 0.198347 -0.525835 0.000000
vt 0.173668 -0.534494 0.000000
vt 0.148612 -0.541995 0.000000
vt 0.123235 -0.548322 0.000000
vt 0.097590 -0.553462 0.000000
vt 0.071735 -0.557403 0.000000
vt 0.045724 -0.560137 0.000000
vt 0.019614 -0.561658 0.000000
vt -0.006539 -0.561962 0.000000
vt -0.032677 -0.561049 0.000000
vt -0.032065 -0.373325 0.000000
vt -0.058745 -0.558921 0.000000
vt -0.053325 -0.370886 0.000000
vt -0.084685 -0.555583 0.000000
vt -0.074412 -0.367237 0.000000
vt -0.110442 -0.551041 0.000000
vt -0.135960 -0.545306 0.000000
vt -0.095256 -0.362390 0.000000
vt -0.161183 -0.538390 0.000000
vt -0.115789 -0.356361 0.000000
vt -0.186058 -0.530308 0.000000
vt -0.135944 -0.349169 0.000000
vt -0.210529 -0.521077 0.000000
vt -0.155656 -0.340839 0.000000
vt -0.234544 -0.510718 0.000000
vt -0.258052 -0.499253 0.000000
vt -0.174860 -0.331397 0.000000
vt -0.281000 -0.486706 0.000000
vt -0.193494 -0.320874 0.000000
vt -0.303340 -0.473106 0.000000
vt -0.211497 -0.309304 0.000000
vt -0.325023 -0.458480 0.000000
vt -0.228810 -0.296726 0.000000
vt -0.346002 -0.442862 0.000000
vt -0.245376 -0.283179 0.000000
vt -0.366231 -0.426285 0.000000
vt -0.385668 -0.408784 0.000000
vt -0.261143 -0.268709 0.000000
vt -0.404269 -0.390398 0.000000
vt -0.276057 -0.253363 0.000000
vt -0.421995 -0.371167 0.000000
vt -0.290071 -0.237190 0.000000
vt -0.438806 -0.351131 0.000000
vt -0.303139 -0.220243 0.000000
vt -0.454668 -0.330335 0.000000
vt -0.469544 -0.308824 0.000000
vt -0.315218 -0.202578 0.000000
vt -0.483404 -0.286644 0.000000
vt -0.326269 -0.184252 0.000000
vt -0.496217 -0.263843 0.000000
vt -0.336255 -0.165326 0.000000
vt -0.507955 -0.240471 0.000000
vt -0.345145 -0.145860 0.000000
vt -0.518592 -0.216578 0.000000
vt -0.528107 -0.192215 0.000000
vt -0.352909 -0.125918 0.000000
vt -0.536478 -0.167437 0.000000
vt -0.359522 -0.105565 0.000000
vt -0.543687 -0.142296 0.000000
vt -0.364962 -0.084868 0.000000
vt -0.549719 -0.116846 0.000000
vt -0.369212 -0.063895 0.000000
vt -0.554560 -0.091144 0.000000
vt -0.372258 -0.042713 0.000000
vt -0.558200 -0.065244 0.000000
vt -0.560631 -0.039203 0.000000
vt -0.374089 -0.021391 0.000000
vt -0.561848 -0.013077 0.000000
vt -0.374700 0.000000 0.000000
vt -0.561848 0.013077 0.000000
vt -0.374089 0.021391 0.000000
vt -0.560631 0.039203 0.000000
vt -0.372258 0.042713 0.000000
vt -0.558200 0.065244 0.000000
vt -0.554560 0.091144 0.000000
vt -0.369212 0.063895 0.000000
vt -0.549719 0.116846 0.000000
vt -0.364962 0.084868 0.000000
vt -0.543687 0.142296 0.000000
vt -0.359522 0.105565 0.000000
vt -0.536478 0.167437 0.000000
vt -0.352909 0.125918 0.000000
vt -0.528107 0.192215 0.000000
vt -0.345145 0.145860 0.000000
vt -0.518592 0.216578 0.000000
vt -0.507955 0.240471 0.000000
vt -0.336255 0.165326 0.000000
vt -0.496217 0.263843 0.000000
vt -0.326269 0.184252 0.000000
vt -0.483404 0.286644 0.000000
vt -0.315218 0.202578 0.000000
vt -0.469544 0.308824 0.000000
vt -0.303139 0.220243 0.000000
vt -0.454668 0.330335 0.000000
vt -0.438806 0.351131 0.000000
vt -0.290071 0.237190 0.000000
vt -0.421995 0.371167 0.000000
vt -0.276057 0.253363 0.000000
vt -0.404269 0.390398 0.000000
vt -0.261143 0.268709 0.000000
vt -0.385668 0.408784 0.000000
vt -0.245376 0.283179 0.000000
vt -0.366231 0.426285 0.000000
vt -0.346002 0.442862 0.000000
vt -0.228810 0.296726 0.000000
vt -0.325023 0.458480 0.000000
vt -0.211497 0.309304 0.000000
vt -0.303340 0.473106 0.000000
vt -0.193494 0.320874 0.000000
vt -0.281000 0.486706 0.000000
vt -0.174860 0.331397 0.000000
vt -0.258052 0.499253 0.000000
vt -0.155656 0.340839 0.000000
vt -0.234544 0.510718 0.000000
vt -0.210529 0.521077 0.000000
vt -0.135944 0.349169 0.000000
vt -0.186058 0.530308 0.000000
vt -0.115789 0.356361 0.000000
vt -0.161183 0.538390 0.000000
vt -0.095256 0.362390 0.000000
vt -0.135960 0.545306 0.000000
vt -0.074412 0.367237 0.000000
vt -0.110442 0.551041 0.000000
vt -0.084685 0.555583 0.000000
vt -0.053325 0.370886 0.000000
vt -0.058745 0.558921 0.000000
vt -0.032065 0.373325 0.000000
vt -0.032677 0.561049 0.000000
vt -0.010700 0.374547 0.000000
vt -0.006539 0.561962 0.000000
vt 0.010700 0.374547 0.000000
vt 0.019614 0.561658 0.000000
vt 0.045724 0.560137 0.000000
vt 0.071735 0.557403 0.000000
vt 0.097590 0.553462 0.000000
vt 0.123235 0.548322 0.000000
vt 0.148612 0.541995 0.000000
vt 0.173668 0.534494 0.000000
vt 0.198347 0.525835 0.000000
vt 0.222597 0.516037 0.000000
vt 0.246365 0.505122 0.000000
vt 0.269599 0.493113 0.000000
vt 0.292249 0.480036 0.000000
vt 0.314266 0.465919 0.000000
vt 0.335603 0.450793 0.000000
vt 0.356213 0.434691 0.000000
vt 0.376051 0.417647 0.000000
vt 0.395075 0.399699 0.000000
vt 0.032065 0.373325 0.000000
vt 0.053325 0.370886 0.000000
vt 0.413244 0.380885 0.000000
vt 0.074412 0.367237 0.000000
vt 0.095256 0.362390 0.000000
vt 0.115789 0.356361 0.000000
vt 0.135944 0.349169 0.000000
vt 0.155656 0.340839 0.000000
vt 0.174860 0.331397 0.000000
vt 0.193494 0.320874 0.000000
vt 0.211497 0.309304 0.000000
vt 0.228810 0.296726 0.000000
vt 0.245376 0.283179 0.000000
vt 0.261143 0.268709 0.000000
vt 0.276057 0.253363 0.000000
vt 0.430517 0.361247 0.000000
vt 0.290071 0.237190 0.000000
vt 0.446858 0.340826 0.000000
vt 0.303139 0.220243 0.000000
vt 0.462231 0.319666 0.000000
vt 0.315218 0.202578 0.000000
vt 0.476603 0.297815 0.000000
vt 0.326269 0.184252 0.000000
vt 0.489943 0.275318 0.000000
vt 0.502222 0.252225 0.000000
vt 0.336255 0.165326 0.000000
vt 0.513413 0.228586 0.000000
vt 0.345145 0.145860 0.000000
vt 0.523492 0.204452 0.000000
vt 0.352909 0.125918 0.000000
vt 0.532437 0.179875 0.000000
vt 0.359522 0.105565 0.000000
vt 0.540229 0.154908 0.000000
vt 0.364962 0.084868 0.000000
vt 0.546851 0.129606 0.000000
vt 0.552289 0.104023 0.000000
vt 0.369212 0.063895 0.000000
vt 0.556531 0.078215 0.000000
vt 0.372258 0.042713 0.000000
vt 0.559567 0.052238 0.000000
vt 0.374089 0.021391 0.000000
vn 99.836910 5.708881 0.000000
vn 99.836910 5.708881 0.000000
vn 100.000000 0.000000 0.000000
vn 100.000000 0.000000 0.000000
vn 99.836910 -5.708881 0.000000
vn 99.836910 -5.708881 0.000000
vn 99.348174 -11.399141 0.000000
vn 99.348174 -11.399141 0.000000
vn 98.535384 -17.052219 0.000000
vn 98.535384 -17.052219 0.000000
vn 97.401192 -22.649677 0.000000
vn 97.401192 -22.649677 0.000000
vn 95.949297 -28.173256 0.000000
vn 95.949297 -28.173256 0.000000
vn 94.184436 -33.604939 0.000000
vn 94.184436 -33.604939 0.000000
vn 92.112365 -38.927011 0.000000
vn 92.112365 -38.927011 0.000000
vn 89.739843 -44.122110 0.000000
vn 89.739843 -44.122110 0.000000
vn 87.074608 -49.173292 0.000000
vn 87.074608 -49.173292 0.000000
vn 84.125353 -54.064082 0.000000
vn 84.125353 -54.064082 0.000000
vn 80.901699 -58.778525 0.000000
vn 80.901699 -58.778525 0.000000
vn 77.414161 -63.301245 0.000000
vn 77.414161 -63.301245 0.000000
vn 73.674114 -67.617490 0.000000
vn 73.674114 -67.617490 0.000000
vn 69.693757 -71.713180 0.000000
vn 69.693757 -71.713180 0.000000
vn 65.486073 -75.574957 0.000000
vn 65.486073 -75.574957 0.000000
vn 61.064788 -79.190225 0.000000
vn 61.064788 -79.190225 0.000000
vn 56.444322 -82.547190 0.000000
vn 56.444322 -82.547190 0.000000
vn 51.639746 -85.634903 0.000000
vn 51.639746 -85.634903 0.000000
vn 46.666732 -88.443293 0.000000
vn 46.666732 -88.443293 0.000000
vn 41.541501 -90.963200 0.000000
vn 41.541501 -90.963200 0.000000
vn 36.280771 -93.186403 0.000000
vn 36.280771 -93.186403 0.000000
vn 30.901699 -95.105652 0.000000
vn 30.901699 -95.105652 0.000000
vn 25.421833 -96.714685 0.000000
vn 25.421833 -96.714685 0.000000
vn 19.859047 -98.008256 0.000000
vn 19.859047 -98.008256 0.000000
vn 14.231484 -98.982144 0.000000
vn 14.231484 -98.982144 0.000000
vn 8.557501 -99.633173 0.000000
vn 8.557501 -99.633173 0.000000
vn 2.855605 -99.959219 0.000000
vn 2.855605 -99.959219 0.000000
vn -2.855605 -99.959219 0.000000
vn -2.855605 -99.959219 0.000000
vn -8.557501 -99.633173 0.000000
vn -8.557501 -99.633173 0.000000
vn -14.231484 -98.982144 0.000000
vn -14.231484 -98.982144 0.000000
vn -19.859047 -98.008256 0.000000
vn -19.859047 -98.008256 0.000000
vn -25.421833 -96.714685 0.000000
vn -25.421833 -96.714685 0.000000
vn -30.901699 -95.105652 0.000000
vn -30.901699 -95.105652 0.000000
vn -36.280771 -93.186403 0.000000
vn -36.280771 -93.186403 0.000000
vn -41.541501 -90.963200 0.000000
vn -41.541501 -90.963200 0.000000
vn -46.666732 -88.443293 0.000000
vn -46.666732 -88.443293 0.000000
vn -51.639746 -85.634903 0.000000
vn -51.639746 -85.634903 0.000000
vn -56.444322 -82.547190 0.000000
vn -56.444322 -82.547190 0.000000
vn -61.064788 -79.190225 0.000000
vn -61.064788 -79.190225 0.000000
vn -65.486073 -75.574957 0.000000
vn -65.486073 -75.574957 0.000000
vn -69.693757 -71.713180 0.000000
vn -69.693757 -71.713180 0.000000
vn -73.674114 -67.617490 0.000000
vn -73.674114 -67.617490 0.000000
vn -77.414161 -63.301245 0.000000
vn -77.414161 -63.301245 0.000000
vn -80.901699 -58.778525 0.000000
vn -80.901699 -58.778525 0.000000
vn -84.125353 -54.064082 0.000000
vn -84.125353 -54.064082 0.000000
vn -87.074608 -49.173292 0.000000
vn -87.074608 -49.173292 0.000000
vn -89.739843 -44.122110 0.000000
vn -89.739843 -44.122110 0.000000
vn -92.112365 -38.927011 0.000000
vn -92.112365 -38.927011 0.000000
vn -94.184436 -33.604939 0.000000
vn -94.184436 -33.604939 0.000000
vn -95.949297 -28.173256 0.000000
vn -95.949297 -28.173256 0.000000
vn -97.401192 -22.649677 0.000000
vn -97.401192 -22.649677 0.000000
vn -98.535384 -17.052219 0.000000
vn -98.535384 -17.052219 0.000000
vn -99.348174 -11.399141 0.000000
vn -99.348174 -11.399141 0.000000
vn -99.836910 -5.708881 0.000000
vn -99.836910 -5.708881 0.000000
vn -100.000000 0.000000 0.000000
vn -100.000000 0.000000 0.000000
vn -99.836910 5.708881 0.000000
vn -99.836910 5.708881 0.000000
vn -99.348174 11.399141 0.000000
vn -99.348174 11.399141 0.000000
vn -98.535384 17.052219 0.000000
vn -98.535384 17.052219 0.000000
vn -97.401192 22.649677 0.000000
vn -97.401192 22.649677 0.000000
vn -95.949297 28.173256 0.000000
vn -95.949297 28.173256 0.000000
vn -94.184436 33.604939 0.000000
vn -94.184436 33.604939 0.000000
vn -92.112365 38.927011 0.000000
vn -92.112365 38.927011 0.000000
vn -89.739843 44.122110 0.000000
vn -89.739843 44.122110 0.000000
vn -87.074608 49.173292 0.000000
vn -87.074608 49.173292 0.000000
vn -84.125353 54.064082 0.000000
vn -84.125353 54.064082 0.000000
vn -80.901699 58.778525 0.000000
vn -80.901699 58.778525 0.000000
vn -77.414161 63.301245 0.000000
vn -77.414161 63.301245 0.000000
vn -73.674114 67.617490 0.000000
vn -73.674114 67.617490 0.000000
vn -69.693757 71.713180 0.000000
vn -69.693757 71.713180 0.000000
vn -65.486073 75.574957 0.000000
vn -65.486073 75.574957 0.000000
vn -61.064788 79.190225 0.000000
vn -61.064788 79.190225 0.000000
vn -56.444322 82.547190 0.000000
vn -56.444322 82.547190 0.000000
vn -51.639746 85.634903 0.000000
vn -51.639746 85.634903 0.000000
vn -46.666732 88.443293 0.000000
vn -46.666732 88.443293 0.000000
vn -41.541501 90.963200 0.000000
vn -41.541501 90.963200 0.000000
vn -36.280771 93.186403 0.000000
vn -36.280771 93.186403 0.000000
vn -30.901699 95.105652 0.000000
vn -30.901699 95.105652 0.000000
vn -25.421833 96.714685 0.000000
vn -25.421833 96.714685 0.000000
vn -19.859047 98.008256 0.000000
vn -19.859047 98.008256 0.000000
vn -14.231484 98.982144 0.000000
vn -14.231484 98.982144 0.000000
vn -8.557501 99.633173 0.000000
vn -8.557501 99.633173 0.000000
vn -2.855605 99.959219 0.000000
vn -2.855605 99.959219 0.000000
vn 2.855605 99.959219 0.000000
vn 2.855605 99.959219 0.000000
vn 8.557501 99.633173 0.000000
vn 8.557501 99.633173 0.000000
vn 14.231484 98.982144 0.000000
vn 14.231484 98.982144 0.000000
vn 19.859047 98.008256 0.000000
vn 19.859047 98.008256 0.000000
vn 25.421833 96.714685 0.000000
vn 25.421833 96.714685 0.000000
vn 30.901699 95.105652 0.000000
vn 30.901699 95.105652 0.000000
vn 36.280771 93.186403 0.000000
vn 36.280771 93.186403 0.000000
vn 41.541501 90.963200 0.000000
vn 41.541501 90.963200 0.000000
vn 46.666732 88.443293 0.000000
vn 46.666732 88.443293 0.000000
vn 51.639746 85.634903 0.000000
vn 51.639746 85.634903 0.000000
vn 56.444322 82.547190 0.000000
vn 56.444322 82.547190 0.000000
vn 61.064788 79.190225 0.000000
vn 61.064788 79.190225 0.000000
vn 65.486073 75.574957 0.000000
vn 65.486073 75.574957 0.000000
vn 69.693757 71.713180 0.000000
vn 69.693757 71.713180 0.000000
vn 73.674114 67.617490 0.000000
vn 73.674114 67.617490 0.000000
vn 77.414161 63.301245 0.000000
vn 77.414161 63.301245 0.000000
vn 80.901699 58.778525 0.000000
vn 80.901699 58.778525 0.000000
vn 84.125353 54.064082 0.000000
vn 84.125353 54.064082 0.000000
vn 87.074608 49.173292 0.000000
vn 87.074608 49.173292 0.000000
vn 89.739843 44.122110 0.000000
vn 89.739843 44.122110 0.000000
vn 92.112365 38.927011 0.000000
vn 92.112365 38.927011 0.000000
vn 94.184436 33.604939 0.000000
vn 94.184436 33.604939 0.000000
vn 95.949297 28.173256 0.000000
vn 95.949297 28.173256 0.000000
vn 97.401192 22.649677 0.000000
vn 97.401192 22.649677 0.000000
vn 98.535384 17.052219 0.000000
vn 98.535384 17.052219 0.000000
vn 99.348174 11.399141 0.000000
vn 99.348174 11.399141 0.000000
vn 99.836910 -5.708881 0.000000
vn 99.836910 -5.708881 0.000000
vn 100.000000 -0.000000 0.000000
vn 100.000000 -0.000000 0.000000
vn 99.836910 5.708881 0.000000
vn 99.836910 5.708881 0.000000
vn 99.348174 11.399141 0.000000
vn 99.348174 11.399141 0.000000
vn 98.535384 17.052219 0.000000
vn 98.535384 17.052219 0.000000
vn 97.401192 22.649677 0.000000
vn 97.401192 22.649677 0.000000
vn 95.949297 28.173256 0.000000
vn 95.949297 28.173256 0.000000
vn 94.184436 33.604939 0.000000
vn 94.184436 33.604939 0.000000
vn 92.112365 38.927011 0.000000
vn 92.112365 38.927011 0.000000
vn 89.739843 44.122110 0.000000
vn 89.739843 44.122110 0.000000
vn 87.074608 49.173292 0.000000
vn 87.074608 49.173292 0.000000
vn 84.125353 54.064082 0.000000
vn 84.125353 54.064082 0.000000
vn 80.901699 58.778525 0.000000
vn 80.901699 58.778525 0.000000
vn 77.414161 63.301245 0.000000
vn 77.414161 63.301245 0.000000
vn 73.674114 67.617490 0.000000
vn 73.674114 67.617490 0.000000
vn 69.693757 71.713180 0.000000
vn 69.693757 71.713180 0.000000
vn 65.486073 75.574957 0.000000
vn 65.486073 75.574957 0.000000
vn 61.064788 79.190225 0.000000
vn 61.064788 79.190225 0.000000
vn 56.444322 82.547190 0.000000
vn 56.444322 82.547190 0.000000
vn 51.639746 85.634903 0.000000
vn 51.639746 85.634903 0.000000
vn 46.666732 88.443293 0.000000
vn 46.666732 88.443293 0.000000
vn 41.541501 90.963200 0.000000
vn 41.541501 90.963200 0.000000
vn 36.280771 93.186403 0.000000
vn 36.280771 93.186403 0.000000
vn 30.901699 95.105652 0.000000
vn 30.901699 95.105652 0.000000
vn 25.421833 96.714685 0.000000
vn 25.421833 96.714685 0.000000
vn 19.859047 98.008256 0.000000
vn 19.859047 98.008256 0.000000
vn 14.231484 98.982144 0.000000
vn 14.231484 98.982144 0.000000
vn 8.557501 99.633173 0.000000
vn 8.557501 99.633173 0.000000
vn 2.855605 99.959219 0.000000
vn 2.855605 99.959219 0.000000
vn -2.855605 99.959219 0.000000
vn -2.855605 99.959219 0.000000
vn -8.557501 99.633173 0.000000
vn -8.557501 99.633173 0.000000
vn -14.231484 98.982144 0.000000
vn -14.231484 98.982144 0.000000
vn -19.859047 98.008256 0.000000
vn -19.859047 98.008256 0.000000
vn -25.421833 96.714685 0.000000
vn -25.421833 96.714685 0.000000
vn -30.901699 95.105652 0.000000
vn -30.901699 95.105652 0.000000
vn -36.280771 93.186403 0.000000
vn -36.280771 93.186403 0.000000
vn -41.541501 90.963200 0.000000
vn -41.541501 90.963200 0.000000
vn -46.666732 88.443293 0.000000
vn -46.666732 88.443293 0.000000
vn -51.639746 85.634903 0.000000
vn -51.639746 85.634903 0.000000
vn -56.444322 82.547190 0.000000
vn -56.444322 82.547190 0.000000
vn -61.064788 79.190225 0.000000
vn -61.064788 79.190225 0.000000
vn -65.486073 75.574957 0.000000
vn -65.486073 75.574957 0.000000
vn -69.693757 71.713180 0.000000
vn -69.693757 71.713180 0.000000
vn -73.674114 67.617490 0.000000
vn -73.674114 67.617490 0.000000
vn -77.414161 63.301245 0.000000
vn -77.414161 63.301245 0.000000
vn -80.901699 58.778525 0.000000
vn -80.901699 58.778525 0.000000
vn -84.125353 54.064082 0.000000
vn -84.125353 54.064082 0.000000
vn -87.074608 49.173292 0.000000
vn -87.074608 49.173292 0.000000
vn -89.739843 44.122110 0.000000
vn -89.739843 44.122110 0.000000
vn -92.112365 38.927011 0.000000
vn -92.112365 38.927011 0.000000
vn -94.184436 33.604939 0.000000
vn -94.184436 33.604939 0.000000
vn -95.949297 28.173256 0.000000
vn -95.949297 28.173256 0.000000
vn -97.401192 22.649677 0.000000
vn -97.401192 22.649677 0.000000
vn -98.535384 17.052219 0.000000
vn -98.535384 17.052219 0.000000
vn -99.348174 11.399141 0.000000
vn -99.348174 11.399141 0.000000
vn -99.836910 5.708881 0.000000
vn -99.836910 5.708881 0.000000
vn -100.000000 0.000000 0.000000
vn -100.000000 0.000000 0.000000
vn -99.836910 -5.708881 0.000000
vn -99.836910 -5.708881 0.000000
vn -99.348174 -11.399141 0.000000
vn -99.348174 -11.399141 0.000000
vn -98.535384 -17.052219 0.000000
vn -98.535384 -17.052219 0.000000
vn -97.401192 -22.649677 0.000000
vn -97.401192 -22.649677 0.000000
vn -95.949297 -28.173256 0.000000
vn -95.949297 -28.173256 0.000000
vn -94.184436 -33.604939 0.000000
vn -94.184436 -33.604939 0.000000
vn -92.112365 -38.927011 0.000000
vn -92.112365 -38.927011 0.000000
vn -89.739843 -44.122110 0.000000
vn -89.739843 -44.122110 0.000000
vn -87.074608 -49.173292 0.000000
vn -87.074608 -49.173292 0.000000
vn -84.125353 -54.064082 0.000000
vn -84.125353 -54.064082 0.000000
vn -80.901699 -58.778525 0.000000
vn -80.901699 -58.778525 0.000000
vn -77.414161 -63.301245 0.000000
vn -77.414161 -63.301245 0.000000
vn -73.674114 -67.617490 0.000000
vn -73.674114 -67.617490 0.000000
vn -69.693757 -71.713180 0.000000
vn -69.693757 -71.713180 0.000000
vn -65.486073 -75.574957 0.000000
vn -65.486073 -75.574957 0.000000
vn -61.064788 -79.190225 0.000000
vn -61.064788 -79.190225 0.000000
vn -56.444322 -82.547190 0.000000
vn -56.444322 -82.547190 0.000000
vn -51.639746 -85.634903 0.000000
vn -51.639746 -85.634903 0.000000
vn -46.666732 -88.443293 0.000000
vn -46.666732 -88.443293 0.000000
vn -41.541501 -90.963200 0.000000
vn -41.541501 -90.963200 0.000000
vn -36.280771 -93.186403 0.000000
vn -36.280771 -93.186403 0.000000
vn -30.901699 -95.105652 0.000000
vn -30.901699 -95.105652 0.000000
vn -25.421833 -96.714685 0.000000
vn -25.421833 -96.714685 0.000000
vn -19.859047 -98.008256 0.000000
vn -19.859047 -98.008256 0.000000
vn -14.231484 -98.982144 0.000000
vn -14.231484 -98.982144 0.000000
vn -8.557501 -99.633173 0.000000
vn -8.557501 -99.633173 0.000000
vn -2.855605 -99.959219 0.000000
vn -2.855605 -99.959219 0.000000
vn 2.855605 -99.959219 0.000000
vn 2.855605 -99.959219 0.000000
vn 8.557501 -99.633173 0.000000
vn 8.557501 -99.633173 0.000000
vn 14.231484 -98.982144 0.000000
vn 14.231484 -98.982144 0.000000
vn 19.859047 -98.008256 0.000000
vn 19.859047 -98.008256 0.000000
vn 25.421833 -96.714685 0.000000
vn 25.421833 -96.714685 0.000000
vn 30.901699 -95.105652 0.000000
vn 30.901699 -95.105652 0.000000
vn 36.280771 -93.186403 0.000000
vn 36.280771 -93.186403 0.000000
vn 41.541501 -90.963200 0.000000
vn 41.541501 -90.963200 0.000000
vn 46.666732 -88.443293 0.000000
vn 46.666732 -88.443293 0.000000
vn 51.639746 -85.634903 0.000000
vn 51.639746 -85.634903 0.000000
vn 56.444322 -82.547190 0.000000
vn 56.444322 -82.547190 0.000000
vn 61.064788 -79.190225 0.000000
vn 61.064788 -79.190225 0.000000
vn 65.486073 -75.574957 0.000000
vn 65.486073 -75.574957 0.000000
vn 69.693757 -71.713180 0.000000
vn 69.693757 -71.713180 0.000000
vn 73.674114 -67.617490 0.000000
vn 73.674114 -67.617490 0.000000
vn 77.414161 -63.301245 0.000000
vn 77.414161 -63.301245 0.000000
vn 80.901699 -58.778525 0.000000
vn 80.901699 -58.778525 0.000000
vn 84.125353 -54.064082 0.000000
vn 84.125353 -54.064082 0.000000
vn 87.074608 -49.173292 0.000000
vn 87.074608 -49.173292 0.000000
vn 89.739843 -44.122110 0.000000
vn 89.739843 -44.122110 0.000000
vn 92.112365 -38.927011 0.000000
vn 92.112365 -38.927011 0.000000
vn 94.184436 -33.604939 0.000000
vn 94.184436 -33.604939 0.000000
vn 95.949297 -28.173256 0.000000
vn 95.949297 -28.173256 0.000000
vn 97.401192 -22.649677 0.000000
vn 97.401192 -22.649677 0.000000
vn 98.535384 -17.052219 0.000000
vn 98.535384 -17.052219 0.000000
vn 99.348174 -11.399141 0.000000
vn 99.348174 -11.399141 0.000000
vn 100.000000 -0.000000 0.000000
vn 99.836910 -5.708881 0.000000
vn 99.348174 -11.399141 0.000000
vn 98.535384 -17.052219 0.000000
vn 97.401192 -22.649677 0.000000
vn 95.949297 -28.173256 0.000000
vn 94.184436 -33.604939 0.000000
vn 92.112365 -38.927011 0.000000
vn 89.739843 -44.122110 0.000000
vn 87.074608 -49.173292 0.000000
vn 84.125353 -54.064082 0.000000
vn 80.901699 -58.778525 0.000000
vn 77.414161 -63.301245 0.000000
vn 73.674114 -67.617490 0.000000
vn 69.693757 -71.713180 0.000000
vn 65.486073 -75.574957 0.000000
vn 61.064788 -79.190225 0.000000
vn 56.444322 -82.547190 0.000000
vn 51.639746 -85.634903 0.000000
vn 46.666732 -88.443293 0.000000
vn 41.541501 -90.963200 0.000000
vn 36.280771 -93.186403 0.000000
vn 30.901699 -95.105652 0.000000
vn 25.421833 -96.714685 0.000000
vn 19.859047 -98.008256 0.000000
vn 14.231484 -98.982144 0.000000
vn 8.557501 -99.633173 0.000000
vn 2.855605 -99.959219 0.000000
vn -2.855605 -99.959219 0.000000
vn -8.557501 -99.633173 0.000000
vn -14.231484 -98.982144 0.000000
vn -19.859047 -98.008256 0.000000
vn -25.421833 -96.714685 0.000000
vn -30.901699 -95.105652 0.000000
vn -36.280771 -93.186403 0.000000
vn -41.541501 -90.963200 0.000000
vn -46.666732 -88.443293 0.000000
vn -51.639746 -85.634903 0.000000
vn -56.444322 -82.547190 0.000000
vn -61.064788 -79.190225 0.000000
vn -65.486073 -75.574957 0.000000
vn -69.693757 -71.713180 0.000000
vn -73.674114 -67.617490 0.000000
vn -77.414161 -63.301245 0.000000
vn -80.901699 -58.778525 0.000000
vn -84.125353 -54.064082 0.000000
vn -87.074608 -49.173292 0.000000
vn -89.739843 -44.122110 0.000000
vn -92.112365 -38.927011 0.000000
vn -94.184436 -33.604939 0.000000
vn -95.949297 -28.173256 0.000000
vn -97.401192 -22.649677 0.000000
vn -98.535384 -17.052219 0.000000
vn -99.348174 -11.399141 0.000000
vn -99.836910 -5.708881 0.000000
vn -100.000000 0.000000 0.000000
vn -99.836910 5.708881 0.000000
vn -99.348174 11.399141 0.000000
vn -98.535384 17.052219 0.000000
vn -97.401192 22.649677 0.000000
vn -95.949297 28.173256 0.000000
vn -94.184436 33.604939 0.000000
vn -92.112365 38.927011 0.000000
vn -89.739843 44.122110 0.000000
vn -87.074608 49.173292 0.000000
vn -84.125353 54.064082 0.000000
vn -80.901699 58.778525 0.000000
vn -77.414161 63.301245 0.000000
vn -73.674114 67.617490 0.000000
vn -69.693757 71.713180 0.000000
vn -65.486073 75.574957 0.000000
vn -61.064788 79.190225 0.000000
vn -56.444322 82.547190 0.000000
vn -51.639746 85.634903 0.000000
vn -46.666732 88.443293 0.000000
vn -41.541501 90.963200 0.000000
vn -36.280771 93.186403 0.000000
vn -30.901699 95.105652 0.000000
vn -25.421833 96.714685 0.000000
vn -19.859047 98.008256 0.000000
vn -14.231484 98.982144 0.000000
vn -8.557501 99.633173 0.000000
vn -2.855605 99.959219 0.000000
vn 2.855605 99.959219 0.000000
vn 8.557501 99.633173 0.000000
vn 14.231484 98.982144 0.000000
vn 19.859047 98.008256 0.000000
vn 25.421833 96.714685 0.000000
vn 30.901699 95.105652 0.000000
vn 36.280771 93.186403 0.000000
vn 41.541501 90.963200 0.000000
vn 46.666732 88.443293 0.000000
vn 51.639746 85.634903 0.000000
vn 56.444322 82.547190 0.000000
vn 61.064788 79.190225 0.000000
vn 65.486073 75.574957 0.000000
vn 69.693757 71.713180 0.000000
vn 73.674114 67.617490 0.000000
vn 77.414161 63.301245 0.000000
vn 80.901699 58.778525 0.000000
vn 84.125353 54.064082 0.000000
vn 87.074608 49.173292 0.000000
vn 89.739843 44.122110 0.000000
vn 92.112365 38.927011 0.000000
vn 94.184436 33.604939 0.000000
vn 95.949297 28.173256 0.000000
vn 97.401192 22.649677 0.000000
vn 98.535384 17.052219 0.000000
vn 99.348174 11.399141 0.000000
vn 99.836910 5.708881 0.000000
vn 100.000000 -0.000000 0.000000
vn 99.836910 -5.708881 0.000000
vn 99.348174 -11.399141 0.000000
vn 98.535384 -17.052219 0.000000
vn 97.401192 -22.649677 0.000000
vn 95.949297 -28.173256 0.000000
vn 94.184436 -33.604939 0.000000
vn 92.112365 -38.927011 0.000000
vn 89.739843 -44.122110 0.000000
vn 87.074608 -49.173292 0.000000
vn 84.125353 -54.064082 0.000000
vn 80.901699 -58.778525 0.000000
vn 77.414161 -63.301245 0.000000
vn 73.674114 -67.617490 0.000000
vn 69.693757 -71.713180 0.000000
vn 65.486073 -75.574957 0.000000
vn 61.064788 -79.190225 0.000000
vn 56.444322 -82.547190 0.000000
vn 51.639746 -85.634903 0.000000
vn 46.666732 -88.443293 0.000000
vn 41.541501 -90.963200 0.000000
vn 36.280771 -93.186403 0.000000
vn 30.901699 -95.105652 0.000000
vn 25.421833 -96.714685 0.000000
vn 19.859047 -98.008256 0.000000
vn 14.231484 -98.982144 0.000000
vn 8.557501 -99.633173 0.000000
vn 2.855605 -99.959219 0.000000
vn -2.855605 -99.959219 0.000000
vn -8.557501 -99.633173 0.000000
vn -14.231484 -98.982144 0.000000
vn -19.859047 -98.008256 0.000000
vn -25.421833 -96.714685 0.000000
vn -30.901699 -95.105652 0.000000
vn -36.280771 -93.186403 0.000000
vn -41.541501 -90.963200 0.000000
vn -46.666732 -88.443293 0.000000
vn -51.639746 -85.634903 0.000000
vn -56.444322 -82.547190 0.000000
vn -61.064788 -79.190225 0.000000
vn -65.486073 -75.574957 0.000000
vn -69.693757 -71.713180 0.000000
vn -73.674114 -67.617490 0.000000
vn -77.414161 -63.301245 0.000000
vn -80.901699 -58.778525 0.000000
vn -84.125353 -54.064082 0.000000
vn -87.074608 -49.173292 0.000000
vn -89.739843 -44.122110 0.000000
vn -92.112365 -38.927011 0.000000
vn -94.184436 -33.604939 0.000000
vn -95.949297 -28.173256 0.000000
vn -97.401192 -22.649677 0.000000
vn -98.535384 -17.052219 0.000000
vn -99.348174 -11.399141 0.000000
vn -99.836910 -5.708881 0.000000
vn -100.000000 0.000000 0.000000
vn -99.836910 5.708881 0.000000
vn -99.348174 11.399141 0.000000
vn -98.535384 17.052219 0.000000
vn -97.401192 22.649677 0.000000
vn -95.949297 28.173256 0.000000
vn -94.184436 33.604939 0.000000
vn -92.112365 38.927011 0.000000
vn -89.739843 44.122110 0.000000
vn -87.074608 49.173292 0.000000
vn -84.125353 54.064082 0.000000
vn -80.901699 58.778525 0.000000
vn -77.414161 63.301245 0.000000
vn -73.674114 67.617490 0.000000
vn -69.693757 71.713180 0.000000
vn -65.486073 75.574957 0.000000
vn -61.064788 79.190225 0.000000
vn -56.444322 82.547190 0.000000
vn -51.639746 85.634903 0.000000
vn -46.666732 88.443293 0.000000
vn -41.541501 90.963200 0.000000
vn -36.280771 93.186403 0.000000
vn -30.901699 95.105652 0.000000
vn -25.421833 96.714685 0.000000
vn -19.859047 98.008256 0.000000
vn -14.231484 98.982144 0.000000
vn -8.557501 99.633173 0.000000
vn -2.855605 99.959219 0.000000
vn 2.855605 99.959219 0.000000
vn 8.557501 99.633173 0.000000
vn 14.231484 98.982144 0.000000
vn 19.859047 98.008256 0.000000
vn 25.421833 96.714685 0.000000
vn 30.901699 95.105652 0.000000
vn 36.280771 93.186403 0.000000
vn 41.541501 90.963200 0.000000
vn 46.666732 88.443293 0.000000
vn 51.639746 85.634903 0.000000
vn 56.444322 82.547190 0.000000
vn 61.064788 79.190225 0.000000
vn 65.486073 75.574957 0.000000
vn 69.693757 71.713180 0.000000
vn 73.674114 67.617490 0.000000
vn 77.414161 63.301245 0.000000
vn 80.901699 58.778525 0.000000
vn 84.125353 54.064082 0.000000
vn 87.074608 49.173292 0.000000
vn 89.739843 44.122110 0.000000
vn 92.112365 38.927011 0.000000
vn 94.184436 33.604939 0.000000
vn 95.949297 28.173256 0.000000
vn 97.401192 22.649677 0.000000
vn 98.535384 17.052219 0.000000
vn 99.348174 11.399141 0.000000
vn 99.836910 5.708881 0.000000
vn 100.000000 -0.000000 0.000000
vn 99.836910 -5.708881 0.000000
vn 99.348174 -11.399141 0.000000
vn 98.535384 -17.052219 0.000000
vn 97.401192 -22.649677 0.000000
vn 95.949297 -28.173256 0.000000
vn 94.184436 -33.604939 0.000000
vn 92.112365 -38.927011 0.000000
vn 89.739843 -44.122110 0.000000
vn 87.074608 -49.173292 0.000000
vn 84.125353 -54.064082 0.000000
vn 80.901699 -58.778525 0.000000
vn 77.414161 -63.301245 0.000000
vn 73.674114 -67.617490 0.000000
vn 69.693757 -71.713180 0.000000
vn 65.486073 -75.574957 0.000000
vn 61.064788 -79.190225 0.000000
vn 56.444322 -82.547190 0.000000
vn 51.639746 -85.634903 0.000000
vn 46.666732 -88.443293 0.000000
vn 41.541501 -90.963200 0.000000
vn 36.280771 -93.186403 0.000000
vn 30.901699 -95.105652 0.000000
vn 25.421833 -96.714685 0.000000
vn 19.859047 -98.008256 0.000000
vn 14.231484 -98.982144 0.000000
vn 8.557501 -99.633173 0.000000
vn 2.855605 -99.959219 0.000000
vn -2.855605 -99.959219 0.000000
vn -8.557501 -99.633173 0.000000
vn -14.231484 -98.982144 0.000000
vn -19.859047 -98.008256 0.000000
vn -25.421833 -96.714685 0.000000
vn -30.901699 -95.105652 0.000000
vn -36.280771 -93.186403 0.000000
vn -41.541501 -90.963200 0.000000
vn -46.666732 -88.443293 0.000000
vn -51.639746 -85.634903 0.000000
vn -56.444322 -82.547190 0.000000
vn -61.064788 -79.190225 0.000000
vn -65.486073 -75.574957 0.000000
vn -69.693757 -71.713180 0.000000
vn -73.674114 -67.617490 0.000000
vn -77.414161 -63.301245 0.000000
vn -80.901699 -58.778525 0.000000
vn -84.125353 -54.064082 0.000000
vn -87.074608 -49.173292 0.000000
vn -89.739843 -44.122110 0.000000
vn -92.112365 -38.927011 0.000000
vn -94.184436 -33.604939 0.000000
vn -95.949297 -28.173256 0.000000
vn -97.401192 -22.649677 0.000000
vn -98.535384 -17.052219 0.000000
vn -99.348174 -11.399141 0.000000
vn -99.836910 -5.708881 0.000000
vn -100.000000 0.000000 0.000000
vn -99.836910 5.708881 0.000000
vn -99.348174 11.399141 0.000000
vn -98.535384 17.052219 0.000000
vn -97.401192 22.649677 0.000000
vn -95.949297 28.173256 0.000000
vn -94.184436 33.604939 0.000000
vn -92.112365 38.927011 0.000000
vn -89.739843 44.122110 0.000000
vn -87.074608 49.173292 0.000000
vn -84.125353 54.064082 0.000000
vn -80.901699 58.778525 0.000000
vn -77.414161 63.301245 0.000000
vn -73.674114 67.617490 0.000000
vn -69.693757 71.713180 0.000000
vn -65.486073 75.574957 0.000000
vn -61.064788 79.190225 0.000000
vn -56.444322 82.547190 0.000000
vn -51.639746 85.634903 0.000000
vn -46.666732 88.443293 0.000000
vn -41.541501 90.963200 0.000000
vn -36.280771 93.186403 0.000000
vn -30.901699 95.105652 0.000000
vn -25.421833 96.714685 0.000000
vn -19.859047 98.008256 0.000000
vn -14.231484 98.982144 0.000000
vn -8.557501 99.633173 0.000000
vn -2.855605 99.959219 0.000000
vn 2.855605 99.959219 0.000000
vn 8.557501 99.633173 0.000000
vn 14.231484 98.982144 0.000000
vn 19.859047 98.008256 0.000000
vn 25.421833 96.714685 0.000000
vn 30.901699 95.105652 0.000000
vn 36.280771 93.186403 0.000000
vn 41.541501 90.963200 0.000000
vn 46.666732 88.443293 0.000000
vn 51.639746 85.634903 0.000000
vn 56.444322 82.547190 0.000000
vn 61.064788 79.190225 0.000000
vn 65.486073 75.574957 0.000000
vn 69.693757 71.713180 0.000000
vn 73.674114 67.617490 0.000000
vn 77.414161 63.301245 0.000000
vn 80.901699 58.778525 0.000000
vn 84.125353 54.064082 0.000000
vn 87.074608 49.173292 0.000000
vn 89.739843 44.122110 0.000000
vn 92.112365 38.927011 0.000000
vn 94.184436 33.604939 0.000000
vn 95.949297 28.173256 0.000000
vn 97.401192 22.649677 0.000000
vn 98.535384 17.052219 0.000000
vn 99.348174 11.399141 0.000000
vn 99.836910 5.708881 0.000000
vn -99.891711 4.652531 -0.000000
vn -99.891711 4.652531 -0.000000
vn -100.000000 0.000000 -0.000000
vn -100.000000 0.000000 -0.000000
vn -99.891711 -4.652531 0.000000
vn -99.891711 -4.652531 0.000000
vn -99.567079 -9.294986 0.000000
vn -99.567079 -9.294986 0.000000
vn -99.026807 -13.917310 0.000000
vn -99.026807 -13.917310 0.000000
vn -98.272065 -18.509492 0.000000
vn -98.272065 -18.509492 0.000000
vn -97.304487 -23.061587 0.000000
vn -97.304487 -23.061587 0.000000
vn -96.126170 -27.563736 0.000000
vn -96.126170 -27.563736 0.000000
vn -94.739664 -32.006187 0.000000
vn -94.739664 -32.006187 0.000000
vn -93.147974 -36.379320 0.000000
vn -93.147974 -36.379320 0.000000
vn -91.354546 -40.673664 0.000000
vn -91.354546 -40.673664 0.000000
vn -89.363264 -44.879918 0.000000
vn -89.363264 -44.879918 0.000000
vn -87.178441 -48.988972 0.000000
vn -87.178441 -48.988972 0.000000
vn -84.804810 -52.991926 0.000000
vn -84.804810 -52.991926 0.000000
vn -82.247510 -56.880112 0.000000
vn -82.247510 -56.880112 0.000000
vn -79.512080 -60.645109 0.000000
vn -79.512080 -60.645109 0.000000
vn -76.604444 -64.278761 0.000000
vn -76.604444 -64.278761 0.000000
vn -73.530901 -67.773200 0.000000
vn -73.530901 -67.773200 0.000000
vn -70.298106 -71.120857 0.000000
vn -70.298106 -71.120857 0.000000
vn -66.913061 -74.314483 0.000000
vn -66.913061 -74.314483 0.000000
vn -63.383097 -77.347159 0.000000
vn -63.383097 -77.347159 0.000000
vn -59.715859 -80.212319 0.000000
vn -59.715859 -80.212319 0.000000
vn -55.919290 -82.903757 0.000000
vn -55.919290 -82.903757 0.000000
vn -52.001613 -85.415644 0.000000
vn -52.001613 -85.415644 0.000000
vn -47.971311 -87.742540 0.000000
vn -47.971311 -87.742540 0.000000
vn -43.837115 -89.879405 0.000000
vn -43.837115 -89.879405 0.000000
vn -39.607977 -91.821611 0.000000
vn -39.607977 -91.821611 0.000000
vn -35.293056 -93.564952 0.000000
vn -35.293056 -93.564952 0.000000
vn -30.901699 -95.105652 0.000000
vn -30.901699 -95.105652 0.000000
vn -26.443416 -96.440374 0.000000
vn -26.443416 -96.440374 0.000000
vn -21.927862 -97.566228 0.000000
vn -21.927862 -97.566228 0.000000
vn -17.364818 -98.480775 0.000000
vn -17.364818 -98.480775 0.000000
vn -12.764165 -99.182035 0.000000
vn -12.764165 -99.182035 0.000000
vn -8.135867 -99.668489 0.000000
vn -8.135867 -99.668489 0.000000
vn -3.489950 -99.939083 0.000000
vn -3.489950 -99.939083 0.000000
vn 1.163527 -99.993231 0.000000
vn 1.163527 -99.993231 0.000000
vn 5.814483 -99.830816 0.000000
vn 5.814483 -99.830816 0.000000
vn 10.452846 -99.452190 0.000000
vn 10.452846 -99.452190 0.000000
vn 15.068571 -98.858172 0.000000
vn 15.068571 -98.858172 0.000000
vn 19.651661 -98.050050 0.000000
vn 19.651661 -98.050050 0.000000
vn 24.192190 -97.029573 0.000000
vn 24.192190 -97.029573 0.000000
vn 28.680323 -95.798951 0.000000
vn 28.680323 -95.798951 0.000000
vn 33.106342 -94.360851 0.000000
vn 33.106342 -94.360851 0.000000
vn 37.460659 -92.718385 0.000000
vn 37.460659 -92.718385 0.000000
vn 41.733845 -90.875113 0.000000
vn 41.733845 -90.875113 0.000000
vn 45.916645 -88.835025 0.000000
vn 45.916645 -88.835025 0.000000
vn 50.000000 -86.602540 0.000000
vn 50.000000 -86.602540 0.000000
vn 53.975066 -84.182494 0.000000
vn 53.975066 -84.182494 0.000000
vn 57.833234 -81.580127 0.000000
vn 57.833234 -81.580127 0.000000
vn 61.566148 -78.801075 0.000000
vn 61.566148 -78.801075 0.000000
vn 65.165723 -75.851358 0.000000
vn 65.165723 -75.851358 0.000000
vn 68.624164 -72.737364 0.000000
vn 68.624164 -72.737364 0.000000
vn 71.933980 -69.465837 0.000000
vn 71.933980 -69.465837 0.000000
vn 75.088003 -66.043862 0.000000
vn 75.088003 -66.043862 0.000000
vn 78.079403 -62.478851 0.000000
vn 78.079403 -62.478851 0.000000
vn 80.901699 -58.778525 0.000000
vn 80.901699 -58.778525 0.000000
vn 83.548781 -54.950898 0.000000
vn 83.548781 -54.950898 0.000000
vn 86.014915 -51.004259 0.000000
vn 86.014915 -51.004259 0.000000
vn 88.294759 -46.947156 0.000000
vn 88.294759 -46.947156 0.000000
vn 90.383377 -42.788376 0.000000
vn 90.383377 -42.788376 0.000000
vn 92.276244 -38.536927 0.000000
vn 92.276244 -38.536927 0.000000
vn 93.969262 -34.202014 0.000000
vn 93.969262 -34.202014 0.000000
vn 95.458763 -29.793028 0.000000
vn 95.458763 -29.793028 0.000000
vn 96.741522 -25.319517 0.000000
vn 96.741522 -25.319517 0.000000
vn 97.814760 -20.791169 0.000000
vn 97.814760 -20.791169 0.000000
vn 98.676153 -16.217792 0.000000
vn 98.676153 -16.217792 0.000000
vn 99.323836 -11.609291 0.000000
vn 99.323836 -11.609291 0.000000
vn 99.756405 -6.975647 0.000000
vn 99.756405 -6.975647 0.000000
vn 99.972924 -2.326896 0.000000
vn 99.972924 -2.326896 0.000000
vn 99.972924 2.326896 0.000000
vn 99.972924 2.326896 0.000000
vn 99.756405 6.975647 0.000000
vn 99.756405 6.975647 0.000000
vn 99.323836 11.609291 0.000000
vn 99.323836 11.609291 0.000000
vn 98.676153 16.217792 0.000000
vn 98.676153 16.217792 0.000000
vn 97.814760 20.791169 0.000000
vn 97.814760 20.791169 0.000000
vn 96.741522 25.319517 0.000000
vn 96.741522 25.319517 0.000000
vn 95.458763 29.793028 0.000000
vn 95.458763 29.793028 0.000000
vn 93.969262 34.202014 0.000000
vn 93.969262 34.202014 0.000000
vn 92.276244 38.536927 0.000000
vn 92.276244 38.536927 0.000000
vn 90.383377 42.788376 0.000000
vn 90.383377 42.788376 0.000000
vn 88.294759 46.947156 0.000000
vn 88.294759 46.947156 0.000000
vn 86.014915 51.004259 0.000000
vn 86.014915 51.004259 0.000000
vn 83.548781 54.950898 0.000000
vn 83.548781 54.950898 0.000000
vn 80.901699 58.778525 0.000000
vn 80.901699 58.778525 0.000000
vn 78.079403 62.478851 0.000000
vn 78.079403 62.478851 0.000000
vn 75.088003 66.043862 0.000000
vn 75.088003 66.043862 0.000000
vn 71.933980 69.465837 0.000000
vn 71.933980 69.465837 0.000000
vn 68.624164 72.737364 0.000000
vn 68.624164 72.737364 0.000000
vn 65.165723 75.851358 0.000000
vn 65.165723 75.851358 0.000000
vn 61.566148 78.801075 0.000000
vn 61.566148 78.801075 0.000000
vn 57.833234 81.580127 0.000000
vn 57.833234 81.580127 0.000000
vn 53.975066 84.182494 0.000000
vn 53.975066 84.182494 0.000000
vn 50.000000 86.602540 0.000000
vn 50.000000 86.602540 0.000000
vn 45.916645 88.835025 0.000000
vn 45.916645 88.835025 0.000000
vn 41.733845 90.875113 0.000000
vn 41.733845 90.875113 0.000000
vn 37.460659 92.718385 0.000000
vn 37.460659 92.718385 0.000000
vn 33.106342 94.360851 0.000000
vn 33.106342 94.360851 0.000000
vn 28.680323 95.798951 0.000000
vn 28.680323 95.798951 0.000000
vn 24.192190 97.029573 0.000000
vn 24.192190 97.029573 0.000000
vn 19.651661 98.050050 0.000000
vn 19.651661 98.050050 0.000000
vn 15.068571 98.858172 0.000000
vn 15.068571 98.858172 0.000000
vn 10.452846 99.452190 0.000000
vn 10.452846 99.452190 0.000000
vn 5.814483 99.830816 0.000000
vn 5.814483 99.830816 0.000000
vn 1.163527 99.993231 0.000000
vn 1.163527 99.993231 0.000000
vn -3.489950 99.939083 -0.000000
vn -3.489950 99.939083 -0.000000
vn -8.135867 99.668489 -0.000000
vn -8.135867 99.668489 -0.000000
vn -12.764165 99.182035 -0.000000
vn -12.764165 99.182035 -0.000000
vn -17.364818 98.480775 -0.000000
vn -17.364818 98.480775 -0.000000
vn -21.927862 97.566228 -0.000000
vn -21.927862 97.566228 -0.000000
vn -26.443416 96.440374 -0.000000
vn -26.443416 96.440374 -0.000000
vn -30.901699 95.105652 -0.000000
vn -30.901699 95.105652 -0.000000
vn -35.293056 93.564952 -0.000000
vn -35.293056 93.564952 -0.000000
vn -39.607977 91.821611 -0.000000
vn -39.607977 91.821611 -0.000000
vn -43.837115 89.879405 -0.000000
vn -43.837115 89.879405 -0.000000
vn -47.971311 87.742540 -0.000000
vn -47.971311 87.742540 -0.000000
vn -52.001613 85.415644 -0.000000
vn -52.001613 85.415644 -0.000000
vn -55.919290 82.903757 -0.000000
vn -55.919290 82.903757 -0.000000
vn -59.715859 80.212319 -0.000000
vn -59.715859 80.212319 -0.000000
vn -63.383097 77.347159 -0.000000
vn -63.383097 77.347159 -0.000000
vn -66.913061 74.314483 -0.000000
vn -66.913061 74.314483 -0.000000
vn -70.298106 71.120857 -0.000000
vn -70.298106 71.120857 -0.000000
vn -73.530901 67.773200 -0.000000
vn -73.530901 67.773200 -0.000000
vn -76.604444 64.278761 -0.000000
vn -76.604444 64.278761 -0.000000
vn -79.512080 60.645109 -0.000000
vn -79.512080 60.645109 -0.000000
vn -82.247510 56.880112 -0.000000
vn -82.247510 56.880112 -0.000000
vn -84.804810 52.991926 -0.000000
vn -84.804810 52.991926 -0.000000
vn -87.178441 48.988972 -0.000000
vn -87.178441 48.988972 -0.000000
vn -89.363264 44.879918 -0.000000
vn -89.363264 44.879918 -0.000000
vn -91.354546 40.673664 -0.000000
vn -91.354546 40.673664 -0.000000
vn -93.147974 36.379320 -0.000000
vn -93.147974 36.379320 -0.000000
vn -94.739664 32.006187 -0.000000
vn -94.739664 32.006187 -0.000000
vn -96.126170 27.563736 -0.000000
vn -96.126170 27.563736 -0.000000
vn -97.304487 23.061587 -0.000000
vn -97.304487 23.061587 -0.000000
vn -98.272065 18.509492 -0.000000
vn -98.272065 18.509492 -0.000000
vn -99.026807 13.917310 -0.000000
vn -99.026807 13.917310 -0.000000
vn -99.567079 9.294986 -0.000000
vn -99.567079 9.294986 -0.000000
vn -99.891711 -4.652531 0.000000
vn -99.891711 -4.652531 0.000000
vn -100.000000 -0.000000 0.000000
vn -100.000000 -0.000000 0.000000
vn -99.891711 4.652531 -0.000000
vn -99.891711 4.652531 -0.000000
vn -99.567079 9.294986 -0.000000
vn -99.567079 9.294986 -0.000000
vn -99.026807 13.917310 -0.000000
vn -99.026807 13.917310 -0.000000
vn -98.272065 18.509492 -0.000000
vn -98.272065 18.509492 -0.000000
vn -97.304487 23.061587 -0.000000
vn -97.304487 23.061587 -0.000000
vn -96.126170 27.563736 -0.000000
vn -96.126170 27.563736 -0.000000
vn -94.739664 32.006187 -0.000000
vn -94.739664 32.006187 -0.000000
vn -93.147974 36.379320 -0.000000
vn -93.147974 36.379320 -0.000000
vn -91.354546 40.673664 -0.000000
vn -91.354546 40.673664 -0.000000
vn -89.363264 44.879918 -0.000000
vn -89.363264 44.879918 -0.000000
vn -87.178441 48.988972 -0.000000
vn -87.178441 48.988972 -0.000000
vn -84.804810 52.991926 -0.000000
vn -84.804810 52.991926 -0.000000
vn -82.247510 56.880112 -0.000000
vn -82.247510 56.880112 -0.000000
vn -79.512080 60.645109 -0.000000
vn -79.512080 60.645109 -0.000000
vn -76.604444 64.278761 -0.000000
vn -76.604444 64.278761 -0.000000
vn -73.530901 67.773200 -0.000000
vn -73.530901 67.773200 -0.000000
vn -70.298106 71.120857 -0.000000
vn -70.298106 71.120857 -0.000000
vn -66.913061 74.314483 -0.000000
vn -66.913061 74.314483 -0.000000
vn -63.383097 77.347159 -0.000000
vn -63.383097 77.347159 -0.000000
vn -59.715859 80.212319 -0.000000
vn -59.715859 80.212319 -0.000000
vn -55.919290 82.903757 -0.000000
vn -55.919290 82.903757 -0.000000
vn -52.001613 85.415644 -0.000000
vn -52.001613 85.415644 -0.000000
vn -47.971311 87.742540 -0.000000
vn -47.971311 87.742540 -0.000000
vn -43.837115 89.879405 -0.000000
vn -43.837115 89.879405 -0.000000
vn -39.607977 91.821611 -0.000000
vn -39.607977 91.821611 -0.000000
vn -35.293056 93.564952 -0.000000
vn -35.293056 93.564952 -0.000000
vn -30.901699 95.105652 -0.000000
vn -30.901699 95.105652 -0.000000
vn -26.443416 96.440374 -0.000000
vn -26.443416 96.440374 -0.000000
vn -21.927862 97.566228 -0.000000
vn -21.927862 97.566228 -0.000000
vn -17.364818 98.480775 -0.000000
vn -17.364818 98.480775 -0.000000
vn -12.764165 99.182035 -0.000000
vn -12.764165 99.182035 -0.000000
vn -8.135867 99.668489 -0.000000
vn -8.135867 99.668489 -0.000000
vn -3.489950 99.939083 -0.000000
vn -3.489950 99.939083 -0.000000
vn 1.163527 99.993231 0.000000
vn 1.163527 99.993231 0.000000
vn 5.814483 99.830816 0.000000
vn 5.814483 99.830816 0.000000
vn 10.452846 99.452190 0.000000
vn 10.452846 99.452190 0.000000
vn 15.068571 98.858172 0.000000
vn 15.068571 98.858172 0.000000
vn 19.651661 98.050050 0.000000
vn 19.651661 98.050050 0.000000
vn 24.192190 97.029573 0.000000
vn 24.192190 97.029573 0.000000
vn 28.680323 95.798951 0.000000
vn 28.680323 95.798951 0.000000
vn 33.106342 94.360851 0.000000
vn 33.106342 94.360851 0.000000
vn 37.460659 92.718385 0.000000
vn 37.460659 92.718385 0.000000
vn 41.733845 90.875113 0.000000
vn 41.733845 90.875113 0.000000
vn 45.916645 88.835025 0.000000
vn 45.916645 88.835025 0.000000
vn 50.000000 86.602540 0.000000
vn 50.000000 86.602540 0.000000
vn 53.975066 84.182494 0.000000
vn 53.975066 84.182494 0.000000
vn 57.833234 81.580127 0.000000
vn 57.833234 81.580127 0.000000
vn 61.566148 78.801075 0.000000
vn 61.566148 78.801075 0.000000
vn 65.165723 75.851358 0.000000
vn 65.165723 75.851358 0.000000
vn 68.624164 72.737364 0.000000
vn 68.624164 72.737364 0.000000
vn 71.933980 69.465837 0.000000
vn 71.933980 69.465837 0.000000
vn 75.088003 66.043862 0.000000
vn 75.088003 66.043862 0.000000
vn 78.079403 62.478851 0.000000
vn 78.079403 62.478851 0.000000
vn 80.901699 58.778525 0.000000
vn 80.901699 58.778525 0.000000
vn 83.548781 54.950898 0.000000
vn 83.548781 54.950898 0.000000
vn 86.014915 51.004259 0.000000
vn 86.014915 51.004259 0.000000
vn 88.294759 46.947156 0.000000
vn 88.294759 46.947156 0.000000
vn 90.383377 42.788376 0.000000
vn 90.383377 42.788376 0.000000
vn 92.276244 38.536927 0.000000
vn 92.276244 38.536927 0.000000
vn 93.969262 34.202014 0.000000
vn 93.969262 34.202014 0.000000
vn 95.458763 29.793028 0.000000
vn 95.458763 29.793028 0.000000
vn 96.741522 25.319517 0.000000
vn 96.741522 25.319517 0.000000
vn 97.814760 20.791169 0.000000
vn 97.814760 20.791169 0.000000
vn 98.676153 16.217792 0.000000
vn 98.676153 16.217792 0.000000
vn 99.323836 11.609291 0.000000
vn 99.323836 11.609291 0.000000
vn 99.756405 6.975647 0.000000
vn 99.756405 6.975647 0.000000
vn 99.972924 2.326896 0.000000
vn 99.972924 2.326896 0.000000
vn 99.972924 -2.326896 0.000000
vn 99.972924 -2.326896 0.000000
vn 99.756405 -6.975647 0.000000
vn 99.756405 -6.975647 0.000000
vn 99.323836 -11.609291 0.000000
vn 99.323836 -11.609291 0.000000
vn 98.676153 -16.217792 0.000000
vn 98.676153 -16.217792 0.000000
vn 97.814760 -20.791169 0.000000
vn 97.814760 -20.791169 0.000000
vn 96.741522 -25.319517 0.000000
vn 96.741522 -25.319517 0.000000
vn 95.458763 -29.793028 0.000000
vn 95.458763 -29.793028 0.000000
vn 93.969262 -34.202014 0.000000
vn 93.969262 -34.202014 0.000000
vn 92.276244 -38.536927 0.000000
vn 92.276244 -38.536927 0.000000
vn 90.383377 -42.788376 0.000000
vn 90.383377 -42.788376 0.000000
vn 88.294759 -46.947156 0.000000
vn 88.294759 -46.947156 0.000000
vn 86.014915 -51.004259 0.000000
vn 86.014915 -51.004259 0.000000
vn 83.548781 -54.950898 0.000000
vn 83.548781 -54.950898 0.000000
vn 80.901699 -58.778525 0.000000
vn 80.901699 -58.778525 0.000000
vn 78.079403 -62.478851 0.000000
vn 78.079403 -62.478851 0.000000
vn 75.088003 -66.043862 0.000000
vn 75.088003 -66.043862 0.000000
vn 71.933980 -69.465837 0.000000
vn 71.933980 -69.465837 0.000000
vn 68.624164 -72.737364 0.000000
vn 68.624164 -72.737364 0.000000
vn 65.165723 -75.851358 0.000000
vn 65.165723 -75.851358 0.000000
vn 61.566148 -78.801075 0.000000
vn 61.566148 -78.801075 0.000000
vn 57.833234 -81.580127 0.000000
vn 57.833234 -81.580127 0.000000
vn 53.975066 -84.182494 0.000000
vn 53.975066 -84.182494 0.000000
vn 50.000000 -86.602540 0.000000
vn 50.000000 -86.602540 0.000000
vn 45.916645 -88.835025 0.000000
vn 45.916645 -88.835025 0.000000
vn 41.733845 -90.875113 0.000000
vn 41.733845 -90.875113 0.000000
vn 37.460659 -92.718385 0.000000
vn 37.460659 -92.718385 0.000000
vn 33.106342 -94.360851 0.000000
vn 33.106342 -94.360851 0.000000
vn 28.680323 -95.798951 0.000000
vn 28.680323 -95.798951 0.000000
vn 24.192190 -97.029573 0.000000
vn 24.192190 -97.029573 0.000000
vn 19.651661 -98.050050 0.000000
vn 19.651661 -98.050050 0.000000
vn 15.068571 -98.858172 0.000000
vn 15.068571 -98.858172 0.000000
vn 10.452846 -99.452190 0.000000
vn 10.452846 -99.452190 0.000000
vn 5.814483 -99.830816 0.000000
vn 5.814483 -99.830816 0.000000
vn 1.163527 -99.993231 0.000000
vn 1.163527 -99.993231 0.000000
vn -3.489950 -99.939083 0.000000
vn -3.489950 -99.939083 0.000000
vn -8.135867 -99.668489 0.000000
vn -8.135867 -99.668489 0.000000
vn -12.764165 -99.182035 0.000000
vn -12.764165 -99.182035 0.000000
vn -17.364818 -98.480775 0.000000
vn -17.364818 -98.480775 0.000000
vn -21.927862 -97.566228 0.000000
vn -21.927862 -97.566228 0.000000
vn -26.443416 -96.440374 0.000000
vn -26.443416 -96.440374 0.000000
vn -30.901699 -95.105652 0.000000
vn -30.901699 -95.105652 0.000000
vn -35.293056 -93.564952 0.000000
vn -35.293056 -93.564952 0.000000
vn -39.607977 -91.821611 0.000000
vn -39.607977 -91.821611 0.000000
vn -43.837115 -89.879405 0.000000
vn -43.837115 -89.879405 0.000000
vn -47.971311 -87.742540 0.000000
vn -47.971311 -87.742540 0.000000
vn -52.001613 -85.415644 0.000000
vn -52.001613 -85.415644 0.000000
vn -55.919290 -82.903757 0.000000
vn -55.919290 -82.903757 0.000000
vn -59.715859 -80.212319 0.000000
vn -59.715859 -80.212319 0.000000
vn -63.383097 -77.347159 0.000000
vn -63.383097 -77.347159 0.000000
vn -66.913061 -74.314483 0.000000
vn -66.913061 -74.314483 0.000000
vn -70.298106 -71.120857 0.000000
vn -70.298106 -71.120857 0.000000
vn -73.530901 -67.773200 0.000000
vn -73.530901 -67.773200 0.000000
vn -76.604444 -64.278761 0.000000
vn -76.604444 -64.278761 0.000000
vn -79.512080 -60.645109 0.000000
vn -79.512080 -60.645109 0.000000
vn -82.247510 -56.880112 0.000000
vn -82.247510 -56.880112 0.000000
vn -84.804810 -52.991926 0.000000
vn -84.804810 -52.991926 0.000000
vn -87.178441 -48.988972 0.000000
vn -87.178441 -48.988972 0.000000
vn -89.363264 -44.879918 0.000000
vn -89.363264 -44.879918 0.000000
vn -91.354546 -40.673664 0.000000
vn -91.354546 -40.673664 0.000000
vn -93.147974 -36.379320 0.000000
vn -93.147974 -36.379320 0.000000
vn -94.739664 -32.006187 0.000000
vn -94.739664 -32.006187 0.000000
vn -96.126170 -27.563736 0.000000
vn -96.126170 -27.563736 0.000000
vn -97.304487 -23.061587 0.000000
vn -97.304487 -23.061587 0.000000
vn -98.272065 -18.509492 0.000000
vn -98.272065 -18.509492 0.000000
vn -99.026807 -13.917310 0.000000
vn -99.026807 -13.917310 0.000000
vn -99.567079 -9.294986 0.000000
vn -99.567079 -9.294986 0.000000
vn -100.000000 -0.000000 0.000000
vn -99.891711 -4.652531 0.000000
vn -99.567079 -9.294986 0.000000
vn -99.026807 -13.917310 0.000000
vn -98.272065 -18.509492 0.000000
vn -97.304487 -23.061587 0.000000
vn -96.126170 -27.563736 0.000000
vn -94.739664 -32.006187 0.000000
vn -93.147974 -36.379320 0.000000
vn -91.354546 -40.673664 0.000000
vn -89.363264 -44.879918 0.000000
vn -87.178441 -48.988972 0.000000
vn -84.804810 -52.991926 0.000000
vn -82.247510 -56.880112 0.000000
vn -79.512080 -60.645109 0.000000
vn -76.604444 -64.278761 0.000000
vn -73.530901 -67.773200 0.000000
vn -70.298106 -71.120857 0.000000
vn -66.913061 -74.314483 0.000000
vn -63.383097 -77.347159 0.000000
vn -59.715859 -80.212319 0.000000
vn -55.919290 -82.903757 0.000000
vn -52.001613 -85.415644 0.000000
vn -47.971311 -87.742540 0.000000
vn -43.837115 -89.879405 0.000000
vn -39.607977 -91.821611 0.000000
vn -35.293056 -93.564952 0.000000
vn -30.901699 -95.105652 0.000000
vn -26.443416 -96.440374 0.000000
vn -21.927862 -97.566228 0.000000
vn -17.364818 -98.480775 0.000000
vn -12.764165 -99.182035 0.000000
vn -8.135867 -99.668489 0.000000
vn -3.489950 -99.939083 0.000000
vn 1.163527 -99.993231 0.000000
vn 5.814483 -99.830816 0.000000
vn 10.452846 -99.452190 0.000000
vn 15.068571 -98.858172 0.000000
vn 19.651661 -98.050050 0.000000
vn 24.192190 -97.029573 0.000000
vn 28.680323 -95.798951 0.000000
vn 33.106342 -94.360851 0.000000
vn 37.460659 -92.718385 0.000000
vn 41.733845 -90.875113 0.000000
vn 45.916645 -88.835025 0.000000
vn 50.000000 -86.602540 0.000000
vn 53.975066 -84.182494 0.000000
vn 57.833234 -81.580127 0.000000
vn 61.566148 -78.801075 0.000000
vn 65.165723 -75.851358 0.000000
vn 68.624164 -72.737364 0.000000
vn 71.933980 -69.465837 0.000000
vn 75.088003 -66.043862 0.000000
vn 78.079403 -62.478851 0.000000
vn 80.901699 -58.778525 0.000000
vn 83.548781 -54.950898 0.000000
vn 86.014915 -51.004259 0.000000
vn 88.294759 -46.947156 0.000000
vn 90.383377 -42.788376 0.000000
vn 92.276244 -38.536927 0.000000
vn 93.969262 -34.202014 0.000000
vn 95.458763 -29.793028 0.000000
vn 96.741522 -25.319517 0.000000
vn 97.814760 -20.791169 0.000000
vn 98.676153 -16.217792 0.000000
vn 99.323836 -11.609291 0.000000
vn 99.756405 -6.975647 0.000000
vn 99.972924 -2.326896 0.000000
vn 99.972924 2.326896 0.000000
vn 99.756405 6.975647 0.000000
vn 99.323836 11.609291 0.000000
vn 98.676153 16.217792 0.000000
vn 97.814760 20.791169 0.000000
vn 96.741522 25.319517 0.000000
vn 95.458763 29.793028 0.000000
vn 93.969262 34.202014 0.000000
vn 92.276244 38.536927 0.000000
vn 90.383377 42.788376 0.000000
vn 88.294759 46.947156 0.000000
vn 86.014915 51.004259 0.000000
vn 83.548781 54.950898 0.000000
vn 80.901699 58.778525 0.000000
vn 78.079403 62.478851 0.000000
vn 75.088003 66.043862 0.000000
vn 71.933980 69.465837 0.000000
vn 68.624164 72.737364 0.000000
vn 65.165723 75.851358 0.000000
vn 61.566148 78.801075 0.000000
vn 57.833234 81.580127 0.000000
vn 53.975066 84.182494 0.000000
vn 50.000000 86.602540 0.000000
vn 45.916645 88.835025 0.000000
vn 41.733845 90.875113 0.000000
vn 37.460659 92.718385 0.000000
vn 33.106342 94.360851 0.000000
vn 28.680323 95.798951 0.000000
vn 24.192190 97.029573 0.000000
vn 19.651661 98.050050 0.000000
vn 15.068571 98.858172 0.000000
vn 10.452846 99.452190 0.000000
vn 5.814483 99.830816 0.000000
vn 1.163527 99.993231 0.000000
vn -3.489950 99.939083 -0.000000
vn -8.135867 99.668489 -0.000000
vn -12.764165 99.182035 -0.000000
vn -17.364818 98.480775 -0.000000
vn -21.927862 97.566228 -0.000000
vn -26.443416 96.440374 -0.000000
vn -30.901699 95.105652 -0.000000
vn -35.293056 93.564952 -0.000000
vn -39.607977 91.821611 -0.000000
vn -43.837115 89.879405 -0.000000
vn -47.971311 87.742540 -0.000000
vn -52.001613 85.415644 -0.000000
vn -55.919290 82.903757 -0.000000
vn -59.715859 80.212319 -0.000000
vn -63.383097 77.347159 -0.000000
vn -66.913061 74.314483 -0.000000
vn -70.298106 71.120857 -0.000000
vn -73.530901 67.773200 -0.000000
vn -76.604444 64.278761 -0.000000
vn -79.512080 60.645109 -0.000000
vn -82.247510 56.880112 -0.000000
vn -84.804810 52.991926 -0.000000
vn -87.178441 48.988972 -0.000000
vn -89.363264 44.879918 -0.000000
vn -91.354546 40.673664 -0.000000
vn -93.147974 36.379320 -0.000000
vn -94.739664 32.006187 -0.000000
vn -96.126170 27.563736 -0.000000
vn -97.304487 23.061587 -0.000000
vn -98.272065 18.509492 -0.000000
vn -99.026807 13.917310 -0.000000
vn -99.567079 9.294986 -0.000000
vn -99.891711 4.652531 -0.000000
vn -100.000000 -0.000000 0.000000
vn -99.891711 -4.652531 0.000000
vn -99.567079 -9.294986 0.000000
vn -99.026807 -13.917310 0.000000
vn -98.272065 -18.509492 0.000000
vn -97.304487 -23.061587 0.000000
vn -96.126170 -27.563736 0.000000
vn -94.739664 -32.006187 0.000000
vn -93.147974 -36.379320 0.000000
vn -91.354546 -40.673664 0.000000
vn -89.363264 -44.879918 0.000000
vn -87.178441 -48.988972 0.000000
vn -84.804810 -52.991926 0.000000
vn -82.247510 -56.880112 0.000000
vn -79.512080 -60.645109 0.000000
vn -76.604444 -64.278761 0.000000
vn -73.530901 -67.773200 0.000000
vn -70.298106 -71.120857 0.000000
vn -66.913061 -74.314483 0.000000
vn -63.383097 -77.347159 0.000000
vn -59.715859 -80.212319 0.000000
vn -55.919290 -82.903757 0.000000
vn -52.001613 -85.415644 0.000000
vn -47.971311 -87.742540 0.000000
vn -43.837115 -89.879405 0.000000
vn -39.607977 -91.821611 0.000000
vn -35.293056 -93.564952 0.000000
vn -30.901699 -95.105652 0.000000
vn -26.443416 -96.440374 0.000000
vn -21.927862 -97.566228 0.000000
vn -17.364818 -98.480775 0.000000
vn -12.764165 -99.182035 0.000000
vn -8.135867 -99.668489 0.000000
vn -3.489950 -99.939083 0.000000
vn 1.163527 -99.993231 0.000000
vn 5.814483 -99.830816 0.000000
vn 10.452846 -99.452190 0.000000
vn 15.068571 -98.858172 0.000000
vn 19.651661 -98.050050 0.000000
vn 24.192190 -97.029573 0.000000
vn 28.680323 -95.798951 0.000000
vn 33.106342 -94.360851 0.000000
vn 37.460659 -92.718385 0.000000
vn 41.733845 -90.875113 0.000000
vn 45.916645 -88.835025 0.000000
vn 50.000000 -86.602540 0.000000
vn 53.975066 -84.182494 0.000000
vn 57.833234 -81.580127 0.000000
vn 61.566148 -78.801075 0.000000
vn 65.165723 -75.851358 0.000000
vn 68.624164 -72.737364 0.000000
vn 71.933980 -69.465837 0.000000
vn 75.088003 -66.043862 0.000000
vn 78.079403 -62.478851 0.000000
vn 80.901699 -58.778525 0.000000
vn 83.548781 -54.950898 0.000000
vn 86.014915 -51.004259 0.000000
vn 88.294759 -46.947156 0.000000
vn 90.383377 -42.788376 0.000000
vn 92.276244 -38.536927 0.000000
vn 93.969262 -34.202014 0.000000
vn 95.458763 -29.793028 0.000000
vn 96.741522 -25.319517 0.000000
vn 97.814760 -20.791169 0.000000
vn 98.676153 -16.217792 0.000000
vn 99.323836 -11.609291 0.000000
vn 99.756405 -6.975647 0.000000
vn 99.972924 -2.326896 0.000000
vn 99.972924 2.326896 0.000000
vn 99.756405 6.975647 0.000000
vn 99.323836 11.609291 0.000000
vn 98.676153 16.217792 0.000000
vn 97.814760 20.791169 0.000000
vn 96.741522 25.319517 0.000000
vn 95.458763 29.793028 0.000000
vn 93.969262 34.202014 0.000000
vn 92.276244 38.536927 0.000000
vn 90.383377 42.788376 0.000000
vn 88.294759 46.947156 0.000000
vn 86.014915 51.004259 0.000000
vn 83.548781 54.950898 0.000000
vn 80.901699 58.778525 0.000000
vn 78.079403 62.478851 0.000000
vn 75.088003 66.043862 0.000000
vn 71.933980 69.465837 0.000000
vn 68.624164 72.737364 0.000000
vn 65.165723 75.851358 0.000000
vn 61.566148 78.801075 0.000000
vn 57.833234 81.580127 0.000000
vn 53.975066 84.182494 0.000000
vn 50.000000 86.602540 0.000000
vn 45.916645 88.835025 0.000000
vn 41.733845 90.875113 0.000000
vn 37.460659 92.718385 0.000000
vn 33.106342 94.360851 0.000000
vn 28.680323 95.798951 0.000000
vn 24.192190 97.029573 0.000000
vn 19.651661 98.050050 0.000000
vn 15.068571 98.858172 0.000000
vn 10.452846 99.452190 0.000000
vn 5.814483 99.830816 0.000000
vn 1.163527 99.993231 0.000000
vn -3.489950 99.939083 -0.000000
vn -8.135867 99.668489 -0.000000
vn -12.764165 99.182035 -0.000000
vn -17.364818 98.480775 -0.000000
vn -21.927862 97.566228 -0.000000
vn -26.443416 96.440374 -0.000000
vn -30.901699 95.105652 -0.000000
vn -35.293056 93.564952 -0.000000
vn -39.607977 91.821611 -0.000000
vn -43.837115 89.879405 -0.000000
vn -47.971311 87.742540 -0.000000
vn -52.001613 85.415644 -0.000000
vn -55.919290 82.903757 -0.000000
vn -59.715859 80.212319 -0.000000
vn -63.383097 77.347159 -0.000000
vn -66.913061 74.314483 -0.000000
vn -70.298106 71.120857 -0.000000
vn -73.530901 67.773200 -0.000000
vn -76.604444 64.278761 -0.000000
vn -79.512080 60.645109 -0.000000
vn -82.247510 56.880112 -0.000000
vn -84.804810 52.991926 -0.000000
vn -87.178441 48.988972 -0.000000
vn -89.363264 44.879918 -0.000000
vn -91.354546 40.673664 -0.000000
vn -93.147974 36.379320 -0.000000
vn -94.739664 32.006187 -0.000000
vn -96.126170 27.563736 -0.000000
vn -97.304487 23.061587 -0.000000
vn -98.272065 18.509492 -0.000000
vn -99.026807 13.917310 -0.000000
vn -99.567079 9.294986 -0.000000
vn -99.891711 4.652531 -0.000000
vn 0.000000 0.000000 100.000000
vn 0.000000 0.000000 100.000000
vn 0.000000 0.000000 100.000000
vn 0.000000 0.000000 100.000000
vn 0.000000 0.000000 100.000000
vn 0.000000 0.000000 100.000000
vn 0.000000 0.000000 100.000000
vn 0.000000 0.000000 100.000000
vn 0.000000 0.000000 100.000000
vn 0.000000 0.000000 100.000000
vn 0.000000 0.000000 100.000000
vn 0.000000 0.000000 100.000000
vn 0.000000 0.000000 100.000000
vn 0.000000 0.000000 100.000000
vn 0.000000 0.000000 100.000000
vn 0.000000 0.000000 100.000000
vn 0.000000 0.000000 100.000000
vn 0.000000 0.000000 100.000000
vn 0.000000 0.000000 100.000000
vn 0.000000 0.000000 100.000000
vn 0.000000 0.000000 100.000000
vn 0.000000 0.000000 100.000000
vn 0.000000 0.000000 100.000000
vn 0.000000 0.000000 100.000000
vn 0.000000 0.000000 100.000000
vn 0.000000 0.000000 100.000000
vn 0.000000 0.000000 100.000000
vn 0.000000 0.000000 100.000000
vn 0.000000 0.000000 100.000000
vn 0.000000 0.000000 100.000000
vn 0.000000 0.000000 100.000000
vn 0.000000 0.000000 100.000000
vn 0.000000 0.000000 100.000000
vn 0.000000 0.000000 100.000000
vn 0.000000 0.000000 100.000000
vn 0.000000 0.000000 100.000000
vn 0.000000 0.000000 100.000000
vn 0.000000 0.000000 100.000000
vn 0.000000 0.000000 100.000000
vn 0.000000 0.000000 100.000000
vn 0.000000 0.000000 100.000000
vn 0.000000 0.000000 100.000000
vn 0.000000 0.000000 100.000000
vn 0.000000 0.000000 100.000000
vn 0.000000 0.000000 100.000000
vn 0.000000 0.000000 100.000000
vn 0.000000 0.000000 100.000000
vn 0.000000 0.000000 100.000000
vn 0.000000 0.000000 100.000000
vn 0.000000 0.000000 100.000000
vn 0.000000 0.000000 100.000000
vn 0.000000 0.000000 100.000000
vn 0.000000 0.000000 100.000000
vn 0.000000 0.000000 100.000000
vn 0.000000 0.000000 100.000000
vn 0.000000 0.000000 100.000000
vn 0.000000 0.000000 100.000000
vn 0.000000 0.000000 100.000000
vn 0.000000 0.000000 100.000000
vn 0.000000 0.000000 100.000000
vn 0.000000 0.000000 100.000000
vn 0.000000 0.000000 100.000000
vn 0.000000 0.000000 100.000000
vn 0.000000 0.000000 100.000000
vn 0.000000 0.000000 100.000000
vn 0.000000 0.000000 100.000000
vn 0.000000 0.000000 100.000000
vn 0.000000 0.000000 100.000000
vn 0.000000 0.000000 100.000000
vn 0.000000 0.000000 100.000000
vn 0.000000 0.000000 100.000000
vn 0.000000 0.000000 100.000000
vn 0.000000 0.000000 100.000000
vn 0.000000 0.000000 100.000000
vn 0.000000 0.000000 100.000000
vn 0.000000 0.000000 100.000000
vn 0.000000 0.000000 100.000000
vn 0.000000 0.000000 100.000000
vn 0.000000 0.000000 100.000000
vn 0.000000 0.000000 100.000000
vn 0.000000 0.000000 100.000000
vn 0.000000 0.000000 100.000000
vn 0.000000 0.000000 100.000000
vn 0.000000 0.000000 100.000000
vn 0.000000 0.000000 100.000000
vn 0.000000 0.000000 100.000000
vn 0.000000 0.000000 100.000000
vn 0.000000 0.000000 100.000000
vn 0.000000 0.000000 100.000000
vn 0.000000 0.000000 100.000000
vn 0.000000 0.000000 100.000000
vn 0.000000 0.000000 100.000000
vn 0.000000 0.000000 100.000000
vn 0.000000 0.000000 100.000000
vn 0.000000 0.000000 100.000000
vn 0.000000 0.000000 100.000000
vn 0.000000 0.000000 100.000000
vn 0.000000 0.000000 100.000000
vn 0.000000 0.000000 100.000000
vn 0.000000 0.000000 100.000000
vn 0.000000 0.000000 100.000000
vn 0.000000 0.000000 100.000000
vn 0.000000 0.000000 100.000000
vn 0.000000 0.000000 100.000000
vn 0.000000 0.000000 100.000000
vn 0.000000 0.000000 100.000000
vn 0.000000 0.000000 100.000000
vn 0.000000 0.000000 100.000000
vn 0.000000 0.000000 100.000000
vn 0.000000 0.000000 100.000000
vn 0.000000 0.000000 100.000000
vn 0.000000 0.000000 100.000000
vn 0.000000 0.000000 100.000000
vn 0.000000 0.000000 100.000000
vn 0.000000 0.000000 100.000000
vn 0.000000 0.000000 100.000000
vn 0.000000 0.000000 100.000000
vn 0.000000 0.000000 100.000000
vn 0.000000 0.000000 100.000000
vn 0.000000 0.000000 100.000000
vn 0.000000 0.000000 100.000000
vn 0.000000 0.000000 100.000000
vn 0.000000 0.000000 100.000000
vn 0.000000 0.000000 100.000000
vn 0.000000 0.000000 100.000000
vn 0.000000 0.000000 100.000000
vn 0.000000 0.000000 100.000000
vn 0.000000 0.000000 100.000000
vn 0.000000 0.000000 100.000000
vn 0.000000 0.000000 100.000000
vn 0.000000 0.000000 100.000000
vn 0.000000 0.000000 100.000000
vn 0.000000 0.000000 100.000000
vn 0.000000 0.000000 100.000000
vn 0.000000 0.000000 100.000000
vn 0.000000 0.000000 100.000000
vn 0.000000 0.000000 100.000000
vn 0.000000 0.000000 100.000000
vn 0.000000 0.000000 100.000000
vn 0.000000 0.000000 100.000000
vn 0.000000 0.000000 100.000000
vn 0.000000 0.000000 100.000000
vn 0.000000 0.000000 100.000000
vn 0.000000 0.000000 100.000000
vn 0.000000 0.000000 100.000000
vn 0.000000 0.000000 100.000000
vn 0.000000 0.000000 100.000000
vn 0.000000 0.000000 100.000000
vn 0.000000 0.000000 100.000000
vn 0.000000 0.000000 100.000000
vn 0.000000 0.000000 100.000000
vn 0.000000 0.000000 100.000000
vn 0.000000 0.000000 100.000000
vn 0.000000 0.000000 100.000000
vn 0.000000 0.000000 100.000000
vn 0.000000 0.000000 100.000000
vn 0.000000 0.000000 100.000000
vn 0.000000 0.000000 100.000000
vn 0.000000 0.000000 100.000000
vn 0.000000 0.000000 100.000000
vn 0.000000 0.000000 100.000000
vn 0.000000 0.000000 100.000000
vn 0.000000 0.000000 100.000000
vn 0.000000 0.000000 100.000000
vn 0.000000 0.000000 100.000000
vn 0.000000 0.000000 100.000000
vn 0.000000 0.000000 100.000000
vn 0.000000 0.000000 100.000000
vn 0.000000 0.000000 100.000000
vn 0.000000 0.000000 100.000000
vn 0.000000 0.000000 100.000000
vn 0.000000 0.000000 100.000000
vn 0.000000 0.000000 100.000000
vn 0.000000 0.000000 100.000000
vn 0.000000 0.000000 100.000000
vn 0.000000 0.000000 100.000000
vn 0.000000 0.000000 100.000000
vn 0.000000 0.000000 100.000000
vn 0.000000 0.000000 100.000000
vn 0.000000 0.000000 100.000000
vn 0.000000 0.000000 100.000000
vn 0.000000 0.000000 100.000000
vn 0.000000 0.000000 100.000000
vn 0.000000 0.000000 100.000000
vn 0.000000 0.000000 100.000000
vn 0.000000 0.000000 100.000000
vn 0.000000 0.000000 100.000000
vn 0.000000 0.000000 100.000000
vn 0.000000 0.000000 100.000000
vn 0.000000 0.000000 100.000000
vn 0.000000 0.000000 100.000000
vn 0.000000 0.000000 100.000000
vn 0.000000 0.000000 100.000000
vn 0.000000 0.000000 100.000000
vn 0.000000 0.000000 100.000000
vn 0.000000 0.000000 100.000000
vn 0.000000 0.000000 100.000000
vn 0.000000 0.000000 100.000000
vn 0.000000 0.000000 100.000000
vn 0.000000 0.000000 100.000000
vn 0.000000 0.000000 100.000000
vn 0.000000 0.000000 100.000000
vn 0.000000 0.000000 100.000000
vn 0.000000 0.000000 100.000000
vn 0.000000 0.000000 100.000000
vn 0.000000 0.000000 100.000000
vn 0.000000 0.000000 100.000000
vn 0.000000 0.000000 100.000000
vn 0.000000 0.000000 100.000000
vn 0.000000 0.000000 100.000000
vn 0.000000 0.000000 100.000000
vn 0.000000 0.000000 100.000000
vn 0.000000 0.000000 100.000000
vn 0.000000 0.000000 100.000000
vn 0.000000 0.000000 100.000000
vn 0.000000 0.000000 100.000000
vn 0.000000 0.000000 100.000000
vn 0.000000 0.000000 100.000000
vn 0.000000 0.000000 100.000000
vn 0.000000 0.000000 100.000000
vn 0.000000 0.000000 100.000000
vn 0.000000 0.000000 100.000000
vn 0.000000 0.000000 100.000000
vn 0.000000 0.000000 100.000000
vn 0.000000 0.000000 100.000000
vn 0.000000 0.000000 100.000000
vn 0.000000 0.000000 100.000000
vn 0.000000 0.000000 100.000000
vn 0.000000 0.000000 100.000000
vn 0.000000 0.000000 100.000000
vn 0.000000 0.000000 100.000000
vn 0.000000 0.000000 100.000000
vn 0.000000 0.000000 100.000000
vn 0.000000 0.000000 100.000000
vn 0.000000 0.000000 100.000000
vn 0.000000 0.000000 100.000000
vn 0.000000 0.000000 100.000000
vn 0.000000 0.000000 100.000000
vn 0.000000 0.000000 100.000000
vn 0.000000 0.000000 100.000000
vn 0.000000 0.000000 100.000000
vn 0.000000 0.000000 100.000000
vn 0.000000 0.000000 100.000000
vn 0.000000 0.000000 100.000000
vn 0.000000 0.000000 100.000000
vn 0.000000 0.000000 -100.000000
vn 0.000000 0.000000 -100.000000
vn 0.000000 0.000000 -100.000000
vn 0.000000 0.000000 -100.000000
vn 0.000000 0.000000 -100.000000
vn 0.000000 0.000000 -100.000000
vn 0.000000 0.000000 -100.000000
vn 0.000000 0.000000 -100.000000
vn 0.000000 0.000000 -100.000000
vn 0.000000 0.000000 -100.000000
vn 0.000000 0.000000 -100.000000
vn 0.000000 0.000000 -100.000000
vn 0.000000 0.000000 -100.000000
vn 0.000000 0.000000 -100.000000
vn 0.000000 0.000000 -100.000000
vn 0.000000 0.000000 -100.000000
vn 0.000000 0.000000 -100.000000
vn 0.000000 0.000000 -100.000000
vn 0.000000 0.000000 -100.000000
vn 0.000000 0.000000 -100.000000
vn 0.000000 0.000000 -100.000000
vn 0.000000 0.000000 -100.000000
vn 0.000000 0.000000 -100.000000
vn 0.000000 0.000000 -100.000000
vn 0.000000 0.000000 -100.000000
vn 0.000000 0.000000 -100.000000
vn 0.000000 0.000000 -100.000000
vn 0.000000 0.000000 -100.000000
vn 0.000000 0.000000 -100.000000
vn 0.000000 0.000000 -100.000000
vn 0.000000 0.000000 -100.000000
vn 0.000000 0.000000 -100.000000
vn 0.000000 0.000000 -100.000000
vn 0.000000 0.000000 -100.000000
vn 0.000000 0.000000 -100.000000
vn 0.000000 0.000000 -100.000000
vn 0.000000 0.000000 -100.000000
vn 0.000000 0.000000 -100.000000
vn 0.000000 0.000000 -100.000000
vn 0.000000 0.000000 -100.000000
vn 0.000000 0.000000 -100.000000
vn 0.000000 0.000000 -100.000000
vn 0.000000 0.000000 -100.000000
vn 0.000000 0.000000 -100.000000
vn 0.000000 0.000000 -100.000000
vn 0.000000 0.000000 -100.000000
vn 0.000000 0.000000 -100.000000
vn 0.000000 0.000000 -100.000000
vn 0.000000 0.000000 -100.000000
vn 0.000000 0.000000 -100.000000
vn 0.000000 0.000000 -100.000000
vn 0.000000 0.000000 -100.000000
vn 0.000000 0.000000 -100.000000
vn 0.000000 0.000000 -100.000000
vn 0.000000 0.000000 -100.000000
vn 0.000000 0.000000 -100.000000
vn 0.000000 0.000000 -100.000000
vn 0.000000 0.000000 -100.000000
vn 0.000000 0.000000 -100.000000
vn 0.000000 0.000000 -100.000000
vn 0.000000 0.000000 -100.000000
vn 0.000000 0.000000 -100.000000
vn 0.000000 0.000000 -100.000000
vn 0.000000 0.000000 -100.000000
vn 0.000000 0.000000 -100.000000
vn 0.000000 0.000000 -100.000000
vn 0.000000 0.000000 -100.000000
vn 0.000000 0.000000 -100.000000
vn 0.000000 0.000000 -100.000000
vn 0.000000 0.000000 -100.000000
vn 0.000000 0.000000 -100.000000
vn 0.000000 0.000000 -100.000000
vn 0.000000 0.000000 -100.000000
vn 0.000000 0.000000 -100.000000
vn 0.000000 0.000000 -100.000000
vn 0.000000 0.000000 -100.000000
vn 0.000000 0.000000 -100.000000
vn 0.000000 0.000000 -100.000000
vn 0.000000 0.000000 -100.000000
vn 0.000000 0.000000 -100.000000
vn 0.000000 0.000000 -100.000000
vn 0.000000 0.000000 -100.000000
vn 0.000000 0.000000 -100.000000
vn 0.000000 0.000000 -100.000000
vn 0.000000 0.000000 -100.000000
vn 0.000000 0.000000 -100.000000
vn 0.000000 0.000000 -100.000000
vn 0.000000 0.000000 -100.000000
vn 0.000000 0.000000 -100.000000
vn 0.000000 0.000000 -100.000000
vn 0.000000 0.000000 -100.000000
vn 0.000000 0.000000 -100.000000
vn 0.000000 0.000000 -100.000000
vn 0.000000 0.000000 -100.000000
vn 0.000000 0.000000 -100.000000
vn 0.000000 0.000000 -100.000000
vn 0.000000 0.000000 -100.000000
vn 0.000000 0.000000 -100.000000
vn 0.000000 0.000000 -100.000000
vn 0.000000 0.000000 -100.000000
vn 0.000000 0.000000 -100.000000
vn 0.000000 0.000000 -100.000000
vn 0.000000 0.000000 -100.000000
vn 0.000000 0.000000 -100.000000
vn 0.000000 0.000000 -100.000000
vn 0.000000 0.000000 -100.000000
vn 0.000000 0.000000 -100.000000
vn 0.000000 0.000000 -100.000000
vn 0.000000 0.000000 -100.000000
vn 0.000000 0.000000 -100.000000
vn 0.000000 0.000000 -100.000000
vn 0.000000 0.000000 -100.000000
vn 0.000000 0.000000 -100.000000
vn 0.000000 0.000000 -100.000000
vn 0.000000 0.000000 -100.000000
vn 0.000000 0.000000 -100.000000
vn 0.000000 0.000000 -100.000000
vn 0.000000 0.000000 -100.000000
vn 0.000000 0.000000 -100.000000
vn 0.000000 0.000000 -100.000000
vn 0.000000 0.000000 -100.000000
vn 0.000000 0.000000 -100.000000
vn 0.000000 0.000000 -100.000000
vn 0.000000 0.000000 -100.000000
vn 0.000000 0.000000 -100.000000
vn 0.000000 0.000000 -100.000000
vn 0.000000 0.000000 -100.000000
vn 0.000000 0.000000 -100.000000
vn 0.000000 0.000000 -100.000000
vn 0.000000 0.000000 -100.000000
vn 0.000000 0.000000 -100.000000
vn 0.000000 0.000000 -100.000000
vn 0.000000 0.000000 -100.000000
vn 0.000000 0.000000 -100.000000
vn 0.000000 0.000000 -100.000000
vn 0.000000 0.000000 -100.000000
vn 0.000000 0.000000 -100.000000
vn 0.000000 0.000000 -100.000000
vn 0.000000 0.000000 -100.000000
vn 0.000000 0.000000 -100.000000
vn 0.000000 0.000000 -100.000000
vn 0.000000 0.000000 -100.000000
vn 0.000000 0.000000 -100.000000
vn 0.000000 0.000000 -100.000000
vn 0.000000 0.000000 -100.000000
vn 0.000000 0.000000 -100.000000
vn 0.000000 0.000000 -100.000000
vn 0.000000 0.000000 -100.000000
vn 0.000000 0.000000 -100.000000
vn 0.000000 0.000000 -100.000000
vn 0.000000 0.000000 -100.000000
vn 0.000000 0.000000 -100.000000
vn 0.000000 0.000000 -100.000000
vn 0.000000 0.000000 -100.000000
vn 0.000000 0.000000 -100.000000
vn 0.000000 0.000000 -100.000000
vn 0.000000 0.000000 -100.000000
vn 0.000000 0.000000 -100.000000
vn 0.000000 0.000000 -100.000000
vn 0.000000 0.000000 -100.000000
vn 0.000000 0.000000 -100.000000
vn 0.000000 0.000000 -100.000000
vn 0.000000 0.000000 -100.000000
vn 0.000000 0.000000 -100.000000
vn 0.000000 0.000000 -100.000000
vn 0.000000 0.000000 -100.000000
vn 0.000000 0.000000 -100.000000
vn 0.000000 0.000000 -100.000000
vn 0.000000 0.000000 -100.000000
vn 0.000000 0.000000 -100.000000
vn 0.000000 0.000000 -100.000000
vn 0.000000 0.000000 -100.000000
vn 0.000000 0.000000 -100.000000
vn 0.000000 0.000000 -100.000000
vn 0.000000 0.000000 -100.000000
vn 0.000000 0.000000 -100.000000
vn 0.000000 0.000000 -100.000000
vn 0.000000 0.000000 -100.000000
vn 0.000000 0.000000 -100.000000
vn 0.000000 0.000000 -100.000000
vn 0.000000 0.000000 -100.000000
vn 0.000000 0.000000 -100.000000
vn 0.000000 0.000000 -100.000000
vn 0.000000 0.000000 -100.000000
vn 0.000000 0.000000 -100.000000
vn 0.000000 0.000000 -100.000000
vn 0.000000 0.000000 -100.000000
vn 0.000000 0.000000 -100.000000
vn 0.000000 0.000000 -100.000000
vn 0.000000 0.000000 -100.000000
vn 0.000000 0.000000 -100.000000
vn 0.000000 0.000000 -100.000000
vn 0.000000 0.000000 -100.000000
vn 0.000000 0.000000 -100.000000
vn 0.000000 0.000000 -100.000000
vn 0.000000 0.000000 -100.000000
vn 0.000000 0.000000 -100.000000
vn 0.000000 0.000000 -100.000000
vn 0.000000 0.000000 -100.000000
vn 0.000000 0.000000 -100.000000
vn 0.000000 0.000000 -100.000000
vn 0.000000 0.000000 -100.000000
vn 0.000000 0.000000 -100.000000
vn 0.000000 0.000000 -100.000000
vn 0.000000 0.000000 -100.000000
vn 0.000000 0.000000 -100.000000
vn 0.000000 0.000000 -100.000000
vn 0.000000 0.000000 -100.000000
vn 0.000000 0.000000 -100.000000
vn 0.000000 0.000000 -100.000000
vn 0.000000 0.000000 -100.000000
vn 0.000000 0.000000 -100.000000
vn 0.000000 0.000000 -100.000000
vn 0.000000 0.000000 -100.000000
vn 0.000000 0.000000 -100.000000
vn 0.000000 0.000000 -100.000000
vn 0.000000 0.000000 -100.000000
vn 0.000000 0.000000 -100.000000
vn 0.000000 0.000000 -100.000000
vn 0.000000 0.000000 -100.000000
vn 0.000000 0.000000 -100.000000
vn 0.000000 0.000000 -100.000000
vn 0.000000 0.000000 -100.000000
vn 0.000000 0.000000 -100.000000
vn 0.000000 0.000000 -100.000000
vn 0.000000 0.000000 -100.000000
vn 0.000000 0.000000 -100.000000
vn 0.000000 0.000000 -100.000000
vn 0.000000 0.000000 -100.000000
vn 0.000000 0.000000 -100.000000
vn 0.000000 0.000000 -100.000000
vn 0.000000 0.000000 -100.000000
vn 0.000000 0.000000 -100.000000
vn 0.000000 0.000000 -100.000000
vn 0.000000 0.000000 -100.000000
vn 0.000000 0.000000 -100.000000
vn 0.000000 0.000000 -100.000000
vn 0.000000 0.000000 -100.000000
vn 0.000000 0.000000 -100.000000
vn 0.000000 0.000000 -100.000000
vn 0.000000 0.000000 -100.000000
vn 0.000000 0.000000 -100.000000
vn 0.000000 0.000000 -100.000000
vn 0.000000 0.000000 -100.000000
vn 0.000000 0.000000 -100.000000
usemtl Steel_-_Satin
f 2/1/1 226/2/2 1/3/3
f 1/3/3 226/2/2 221/4/4
f 1/5/3 221/6/4 110/7/5
f 110/7/5 221/6/4 766/8/6
f 110/7/5 766/8/6 109/9/7
f 109/9/7 766/8/6 761/10/8
f 109/9/7 761/10/8 108/11/9
f 108/11/9 761/10/8 756/12/10
f 108/11/9 756/12/10 107/13/11
f 107/13/11 756/12/10 751/14/12
f 107/13/11 751/14/12 106/15/13
f 106/15/13 751/14/12 746/16/14
f 106/15/13 746/16/14 105/17/15
f 105/17/15 746/16/14 741/18/16
f 105/17/15 741/18/16 104/19/17
f 104/19/17 741/18/16 736/20/18
f 104/19/17 736/20/18 103/21/19
f 103/21/19 736/20/18 731/22/20
f 103/21/19 731/22/20 102/23/21
f 102/23/21 731/22/20 726/24/22
f 102/23/21 726/24/22 101/25/23
f 101/25/23 726/24/22 721/26/24
f 101/25/23 721/26/24 100/27/25
f 100/27/25 721/26/24 716/28/26
f 100/27/25 716/28/26 99/29/27
f 99/29/27 716/28/26 711/30/28
f 99/29/27 711/30/28 98/31/29
f 98/31/29 711/30/28 706/32/30
f 98/31/29 706/32/30 97/33/31
f 97/33/31 706/32/30 701/34/32
f 97/33/31 701/34/32 96/35/33
f 96/35/33 701/34/32 696/36/34
f 96/35/33 696/36/34 95/37/35
f 95/37/35 696/36/34 691/38/36
f 95/37/35 691/38/36 94/39/37
f 94/39/37 691/38/36 686/40/38
f 94/39/37 686/40/38 93/41/39
f 93/41/39 686/40/38 681/42/40
f 93/41/39 681/42/40 92/43/41
f 92/43/41 681/42/40 676/44/42
f 92/43/41 676/44/42 91/45/43
f 91/45/43 676/44/42 671/46/44
f 91/45/43 671/46/44 90/47/45
f 90/47/45 671/46/44 666/48/46
f 90/47/45 666/48/46 89/49/47
f 89/49/47 666/48/46 661/50/48
f 89/49/47 661/50/48 88/51/49
f 88/51/49 661/50/48 656/52/50
f 88/51/49 656/52/50 87/53/51
f 87/53/51 656/52/50 651/54/52
f 87/53/51 651/54/52 86/55/53
f 86/55/53 651/54/52 646/56/54
f 86/55/53 646/56/54 85/57/55
f 85/57/55 646/56/54 641/58/56
f 85/57/55 641/58/56 84/59/57
f 84/59/57 641/58/56 636/60/58
f 84/59/57 636/60/58 83/61/59
f 83/61/59 636/60/58 631/62/60
f 83/61/59 631/62/60 82/63/61
f 82/63/61 631/62/60 626/64/62
f 82/63/61 626/64/62 81/65/63
f 81/65/63 626/64/62 621/66/64
f 81/65/63 621/66/64 80/67/65
f 80/67/65 621/66/64 616/68/66
f 80/67/65 616/68/66 79/69/67
f 79/69/67 616/68/66 611/70/68
f 79/69/67 611/70/68 78/71/69
f 78/71/69 611/70/68 606/72/70
f 78/71/69 606/72/70 77/73/71
f 77/73/71 606/72/70 601/74/72
f 77/73/71 601/74/72 76/75/73
f 76/75/73 601/74/72 596/76/74
f 76/75/73 596/76/74 75/77/75
f 75/77/75 596/76/74 591/78/76
f 75/77/75 591/78/76 74/79/77
f 74/79/77 591/78/76 586/80/78
f 74/79/77 586/80/78 73/81/79
f 73/81/79 586/80/78 581/82/80
f 73/81/79 581/82/80 72/83/81
f 72/83/81 581/82/80 576/84/82
f 72/83/81 576/84/82 71/85/83
f 71/85/83 576/84/82 571/86/84
f 71/85/83 571/86/84 70/87/85
f 70/87/85 571/86/84 566/88/86
f 70/87/85 566/88/86 69/89/87
f 69/89/87 566/88/86 561/90/88
f 69/89/87 561/90/88 68/91/89
f 68/91/89 561/90/88 556/92/90
f 68/91/89 556/92/90 67/93/91
f 67/93/91 556/92/90 551/94/92
f 67/93/91 551/94/92 66/95/93
f 66/95/93 551/94/92 546/96/94
f 66/95/93 546/96/94 65/97/95
f 65/97/95 546/96/94 541/98/96
f 65/97/95 541/98/96 64/99/97
f 64/99/97 541/98/96 536/100/98
f 64/99/97 536/100/98 63/101/99
f 63/101/99 536/100/98 531/102/100
f 63/101/99 531/102/100 62/103/101
f 62/103/101 531/102/100 526/104/102
f 62/103/101 526/104/102 61/105/103
f 61/105/103 526/104/102 521/106/104
f 61/105/103 521/106/104 60/107/105
f 60/107/105 521/106/104 516/108/106
f 60/107/105 516/108/106 59/109/107
f 59/109/107 516/108/106 511/110/108
f 59/109/107 511/110/108 58/111/109
f 58/111/109 511/110/108 506/112/110
f 58/111/109 506/112/110 57/113/111
f 57/113/111 506/112/110 501/114/112
f 57/113/111 501/114/112 56/115/113
f 56/115/113 501/114/112 496/116/114
f 56/115/113 496/116/114 55/117/115
f 55/117/115 496/116/114 491/118/116
f 55/117/115 491/118/116 54/119/117
f 54/119/117 491/118/116 486/120/118
f 54/119/117 486/120/118 53/121/119
f 53/121/119 486/120/118 481/122/120
f 53/121/119 481/122/120 52/123/121
f 52/123/121 481/122/120 476/124/122
f 52/123/121 476/124/122 51/125/123
f 51/125/123 476/124/122 471/126/124
f 51/125/123 471/126/124 50/127/125
f 50/127/125 471/126/124 466/128/126
f 50/127/125 466/128/126 49/129/127
f 49/129/127 466/128/126 461/130/128
f 49/129/127 461/130/128 48/131/129
f 48/131/129 461/130/128 456/132/130
f 48/131/129 456/132/130 47/133/131
f 47/133/131 456/132/130 451/134/132
f 47/133/131 451/134/132 46/135/133
f 46/135/133 451/134/132 446/136/134
f 46/135/133 446/136/134 45/137/135
f 45/137/135 446/136/134 441/138/136
f 45/137/135 441/138/136 44/139/137
f 44/139/137 441/138/136 436/140/138
f 44/139/137 436/140/138 43/141/139
f 43/141/139 436/140/138 431/142/140
f 43/141/139 431/142/140 42/143/141
f 42/143/141 431/142/140 426/144/142
f 42/143/141 426/144/142 41/145/143
f 41/145/143 426/144/142 421/146/144
f 41/145/143 421/146/144 40/147/145
f 40/147/145 421/146/144 416/148/146
f 40/147/145 416/148/146 39/149/147
f 39/149/147 416/148/146 411/150/148
f 39/149/147 411/150/148 38/151/149
f 38/151/149 411/150/148 406/152/150
f 38/151/149 406/152/150 37/153/151
f 37/153/151 406/152/150 401/154/152
f 37/153/151 401/154/152 36/155/153
f 36/155/153 401/154/152 396/156/154
f 36/155/153 396/156/154 35/157/155
f 35/157/155 396/156/154 391/158/156
f 35/157/155 391/158/156 34/159/157
f 34/159/157 391/158/156 386/160/158
f 34/159/157 386/160/158 33/161/159
f 33/161/159 386/160/158 381/162/160
f 33/161/159 381/162/160 32/163/161
f 32/163/161 381/162/160 376/164/162
f 32/163/161 376/164/162 31/165/163
f 31/165/163 376/164/162 371/166/164
f 31/165/163 371/166/164 30/167/165
f 30/167/165 371/166/164 366/168/166
f 30/167/165 366/168/166 29/169/167
f 29/169/167 366/168/166 361/170/168
f 29/169/167 361/170/168 28/171/169
f 28/171/169 361/170/168 356/172/170
f 28/171/169 356/172/170 27/173/171
f 27/173/171 356/172/170 351/174/172
f 27/173/171 351/174/172 26/175/173
f 26/175/173 351/174/172 346/176/174
f 26/175/173 346/176/174 25/177/175
f 25/177/175 346/176/174 341/178/176
f 25/177/175 341/178/176 24/179/177
f 24/179/177 341/178/176 336/180/178
f 24/179/177 336/180/178 23/181/179
f 23/181/179 336/180/178 331/182/180
f 23/181/179 331/182/180 22/183/181
f 22/183/181 331/182/180 326/184/182
f 22/183/181 326/184/182 21/185/183
f 21/185/183 326/184/182 321/186/184
f 21/185/183 321/186/184 20/187/185
f 20/187/185 321/186/184 316/188/186
f 20/187/185 316/188/186 19/189/187
f 19/189/187 316/188/186 311/190/188
f 19/189/187 311/190/188 18/191/189
f 18/191/189 311/190/188 306/192/190
f 18/191/189 306/192/190 17/193/191
f 17/193/191 306/192/190 301/194/192
f 17/193/191 301/194/192 16/195/193
f 16/195/193 301/194/192 296/196/194
f 16/195/193 296/196/194 15/197/195
f 15/197/195 296/196/194 291/198/196
f 15/197/195 291/198/196 14/199/197
f 14/199/197 291/198/196 286/200/198
f 14/199/197 286/200/198 13/201/199
f 13/201/199 286/200/198 281/202/200
f 13/201/199 281/202/200 12/203/201
f 12/203/201 281/202/200 276/204/202
f 12/203/201 276/204/202 11/205/203
f 11/205/203 276/204/202 271/206/204
f 11/205/203 271/206/204 10/207/205
f 10/207/205 271/206/204 266/208/206
f 10/207/205 266/208/206 9/209/207
f 9/209/207 266/208/206 261/210/208
f 9/209/207 261/210/208 8/211/209
f 8/211/209 261/210/208 256/212/210
f 8/211/209 256/212/210 7/213/211
f 7/213/211 256/212/210 251/214/212
f 7/213/211 251/214/212 6/215/213
f 6/215/213 251/214/212 246/216/214
f 6/215/213 246/216/214 5/217/215
f 5/217/215 246/216/214 241/218/216
f 5/217/215 241/218/216 4/219/217
f 4/219/217 241/218/216 236/220/218
f 4/219/217 236/220/218 3/221/219
f 3/221/219 236/220/218 231/222/220
f 3/221/219 231/222/220 2/1/1
f 2/1/1 231/222/220 226/2/2
f 112/223/221 770/224/222 111/225/223
f 111/225/223 770/224/222 225/226/224
f 111/227/223 225/228/224 220/229/225
f 220/229/225 225/228/224 230/230/226
f 220/229/225 230/230/226 219/231/227
f 219/231/227 230/230/226 235/232/228
f 219/231/227 235/232/228 218/233/229
f 218/233/229 235/232/228 240/234/230
f 218/233/229 240/234/230 217/235/231
f 217/235/231 240/234/230 245/236/232
f 217/235/231 245/236/232 216/237/233
f 216/237/233 245/236/232 250/238/234
f 216/237/233 250/238/234 215/239/235
f 215/239/235 250/238/234 255/240/236
f 215/239/235 255/240/236 214/241/237
f 214/241/237 255/240/236 260/242/238
f 214/241/237 260/242/238 213/243/239
f 213/243/239 260/242/238 265/244/240
f 213/243/239 265/244/240 212/245/241
f 212/245/241 265/244/240 270/246/242
f 212/245/241 270/246/242 211/247/243
f 211/247/243 270/246/242 275/248/244
f 211/247/243 275/248/244 210/249/245
f 210/249/245 275/248/244 280/250/246
f 210/249/245 280/250/246 209/251/247
f 209/251/247 280/250/246 285/252/248
f 209/251/247 285/252/248 208/253/249
f 208/253/249 285/252/248 290/254/250
f 208/253/249 290/254/250 207/255/251
f 207/255/251 290/254/250 295/256/252
f 207/255/251 295/256/252 206/257/253
f 206/257/253 295/256/252 300/258/254
f 206/257/253 300/258/254 205/259/255
f 205/259/255 300/258/254 305/260/256
f 205/259/255 305/260/256 204/261/257
f 204/261/257 305/260/256 310/262/258
f 204/261/257 310/262/258 203/263/259
f 203/263/259 310/262/258 315/264/260
f 203/263/259 315/264/260 202/265/261
f 202/265/261 315/264/260 320/266/262
f 202/265/261 320/266/262 201/267/263
f 201/267/263 320/266/262 325/268/264
f 201/267/263 325/268/264 200/269/265
f 200/269/265 325/268/264 330/270/266
f 200/269/265 330/270/266 199/271/267
f 199/271/267 330/270/266 335/272/268
f 199/271/267 335/272/268 198/273/269
f 198/273/269 335/272/268 340/274/270
f 198/273/269 340/274/270 197/275/271
f 197/275/271 340/274/270 345/276/272
f 197/275/271 345/276/272 196/277/273
f 196/277/273 345/276/272 350/278/274
f 196/277/273 350/278/274 195/279/275
f 195/279/275 350/278/274 355/280/276
f 195/279/275 355/280/276 194/281/277
f 194/281/277 355/280/276 360/282/278
f 194/281/277 360/282/278 193/283/279
f 193/283/279 360/282/278 365/284/280
f 193/283/279 365/284/280 192/285/281
f 192/285/281 365/284/280 370/286/282
f 192/285/281 370/286/282 191/287/283
f 191/287/283 370/286/282 375/288/284
f 191/287/283 375/288/284 190/289/285
f 190/289/285 375/288/284 380/290/286
f 190/289/285 380/290/286 189/291/287
f 189/291/287 380/290/286 385/292/288
f 189/291/287 385/292/288 188/293/289
f 188/293/289 385/292/288 390/294/290
f 188/293/289 390/294/290 187/295/291
f 187/295/291 390/294/290 395/296/292
f 187/295/291 395/296/292 186/297/293
f 186/297/293 395/296/292 400/298/294
f 186/297/293 400/298/294 185/299/295
f 185/299/295 400/298/294 405/300/296
f 185/299/295 405/300/296 184/301/297
f 184/301/297 405/300/296 410/302/298
f 184/301/297 410/302/298 183/303/299
f 183/303/299 410/302/298 415/304/300
f 183/303/299 415/304/300 182/305/301
f 182/305/301 415/304/300 420/306/302
f 182/305/301 420/306/302 181/307/303
f 181/307/303 420/306/302 425/308/304
f 181/307/303 425/308/304 180/309/305
f 180/309/305 425/308/304 430/310/306
f 180/309/305 430/310/306 179/311/307
f 179/311/307 430/310/306 435/312/308
f 179/311/307 435/312/308 178/313/309
f 178/313/309 435/312/308 440/314/310
f 178/313/309 440/314/310 177/315/311
f 177/315/311 440/314/310 445/316/312
f 177/315/311 445/316/312 176/317/313
f 176/317/313 445/316/312 450/318/314
f 176/317/313 450/318/314 175/319/315
f 175/319/315 450/318/314 455/320/316
f 175/319/315 455/320/316 174/321/317
f 174/321/317 455/320/316 460/322/318
f 174/321/317 460/322/318 173/323/319
f 173/323/319 460/322/318 465/324/320
f 173/323/319 465/324/320 172/325/321
f 172/325/321 465/324/320 470/326/322
f 172/325/321 470/326/322 171/327/323
f 171/327/323 470/326/322 475/328/324
f 171/327/323 475/328/324 170/329/325
f 170/329/325 475/328/324 480/330/326
f 170/329/325 480/330/326 169/331/327
f 169/331/327 480/330/326 485/332/328
f 169/331/327 485/332/328 168/333/329
f 168/333/329 485/332/328 490/334/330
f 168/333/329 490/334/330 167/335/331
f 167/335/331 490/334/330 495/336/332
f 167/335/331 495/336/332 166/337/333
f 166/337/333 495/336/332 500/338/334
f 166/337/333 500/338/334 165/339/335
f 165/339/335 500/338/334 505/340/336
f 165/339/335 505/340/336 164/341/337
f 164/341/337 505/340/336 510/342/338
f 164/341/337 510/342/338 163/343/339
f 163/343/339 510/342/338 515/344/340
f 163/343/339 515/344/340 162/345/341
f 162/345/341 515/344/340 520/346/342
f 162/345/341 520/346/342 161/347/343
f 161/347/343 520/346/342 525/348/344
f 161/347/343 525/348/344 160/349/345
f 160/349/345 525/348/344 530/350/346
f 160/349/345 530/350/346 159/351/347
f 159/351/347 530/350/346 535/352/348
f 159/351/347 535/352/348 158/353/349
f 158/353/349 535/352/348 540/354/350
f 158/353/349 540/354/350 157/355/351
f 157/355/351 540/354/350 545/356/352
f 157/355/351 545/356/352 156/357/353
f 156/357/353 545/356/352 550/358/354
f 156/357/353 550/358/354 155/359/355
f 155/359/355 550/358/354 555/360/356
f 155/359/355 555/360/356 154/361/357
f 154/361/357 555/360/356 560/362/358
f 154/361/357 560/362/358 153/363/359
f 153/363/359 560/362/358 565/364/360
f 153/363/359 565/364/360 152/365/361
f 152/365/361 565/364/360 570/366/362
f 152/365/361 570/366/362 151/367/363
f 151/367/363 570/366/362 575/368/364
f 151/367/363 575/368/364 150/369/365
f 150/369/365 575/368/364 580/370/366
f 150/369/365 580/370/366 149/371/367
f 149/371/367 580/370/366 585/372/368
f 149/371/367 585/372/368 148/373/369
f 148/373/369 585/372/368 590/374/370
f 148/373/369 590/374/370 147/375/371
f 147/375/371 590/374/370 595/376/372
f 147/375/371 595/376/372 146/377/373
f 146/377/373 595/376/372 600/378/374
f 146/377/373 600/378/374 145/379/375
f 145/379/375 600/378/374 605/380/376
f 145/379/375 605/380/376 144/381/377
f 144/381/377 605/380/376 610/382/378
f 144/381/377 610/382/378 143/383/379
f 143/383/379 610/382/378 615/384/380
f 143/383/379 615/384/380 142/385/381
f 142/385/381 615/384/380 620/386/382
f 142/385/381 620/386/382 141/387/383
f 141/387/383 620/386/382 625/388/384
f 141/387/383 625/388/384 140/389/385
f 140/389/385 625/388/384 630/390/386
f 140/389/385 630/390/386 139/391/387
f 139/391/387 630/390/386 635/392/388
f 139/391/387 635/392/388 138/393/389
f 138/393/389 635/392/388 640/394/390
f 138/393/389 640/394/390 137/395/391
f 137/395/391 640/394/390 645/396/392
f 137/395/391 645/396/392 136/397/393
f 136/397/393 645/396/392 650/398/394
f 136/397/393 650/398/394 135/399/395
f 135/399/395 650/398/394 655/400/396
f 135/399/395 655/400/396 134/401/397
f 134/401/397 655/400/396 660/402/398
f 134/401/397 660/402/398 133/403/399
f 133/403/399 660/402/398 665/404/400
f 133/403/399 665/404/400 132/405/401
f 132/405/401 665/404/400 670/406/402
f 132/405/401 670/406/402 131/407/403
f 131/407/403 670/406/402 675/408/404
f 131/407/403 675/408/404 130/409/405
f 130/409/405 675/408/404 680/410/406
f 130/409/405 680/410/406 129/411/407
f 129/411/407 680/410/406 685/412/408
f 129/411/407 685/412/408 128/413/409
f 128/413/409 685/412/408 690/414/410
f 128/413/409 690/414/410 127/415/411
f 127/415/411 690/414/410 695/416/412
f 127/415/411 695/416/412 126/417/413
f 126/417/413 695/416/412 700/418/414
f 126/417/413 700/418/414 125/419/415
f 125/419/415 700/418/414 705/420/416
f 125/419/415 705/420/416 124/421/417
f 124/421/417 705/420/416 710/422/418
f 124/421/417 710/422/418 123/423/419
f 123/423/419 710/422/418 715/424/420
f 123/423/419 715/424/420 122/425/421
f 122/425/421 715/424/420 720/426/422
f 122/425/421 720/426/422 121/427/423
f 121/427/423 720/426/422 725/428/424
f 121/427/423 725/428/424 120/429/425
f 120/429/425 725/428/424 730/430/426
f 120/429/425 730/430/426 119/431/427
f 119/431/427 730/430/426 735/432/428
f 119/431/427 735/432/428 118/433/429
f 118/433/429 735/432/428 740/434/430
f 118/433/429 740/434/430 117/435/431
f 117/435/431 740/434/430 745/436/432
f 117/435/431 745/436/432 116/437/433
f 116/437/433 745/436/432 750/438/434
f 116/437/433 750/438/434 115/439/435
f 115/439/435 750/438/434 755/440/436
f 115/439/435 755/440/436 114/441/437
f 114/441/437 755/440/436 760/442/438
f 114/441/437 760/442/438 113/443/439
f 113/443/439 760/442/438 765/444/440
f 113/443/439 765/444/440 112/223/221
f 112/223/221 765/444/440 770/224/222
f 221/6/4 222/445/441 766/8/6
f 766/8/6 222/445/441 767/446/442
f 766/8/6 767/446/442 761/10/8
f 761/10/8 767/446/442 762/447/443
f 761/10/8 762/447/443 756/12/10
f 756/12/10 762/447/443 757/448/444
f 756/12/10 757/448/444 751/14/12
f 751/14/12 757/448/444 752/449/445
f 751/14/12 752/449/445 746/16/14
f 746/16/14 752/449/445 747/450/446
f 746/16/14 747/450/446 741/18/16
f 741/18/16 747/450/446 742/451/447
f 741/18/16 742/451/447 736/20/18
f 736/20/18 742/451/447 737/452/448
f 736/20/18 737/452/448 731/22/20
f 731/22/20 737/452/448 732/453/449
f 731/22/20 732/453/449 726/24/22
f 726/24/22 732/453/449 727/454/450
f 726/24/22 727/454/450 721/26/24
f 721/26/24 727/454/450 722/455/451
f 721/26/24 722/455/451 716/28/26
f 716/28/26 722/455/451 717/456/452
f 716/28/26 717/456/452 711/30/28
f 711/30/28 717/456/452 712/457/453
f 711/30/28 712/457/453 706/32/30
f 706/32/30 712/457/453 707/458/454
f 706/32/30 707/458/454 701/34/32
f 701/34/32 707/458/454 702/459/455
f 701/34/32 702/459/455 696/36/34
f 696/36/34 702/459/455 697/460/456
f 696/36/34 697/460/456 691/38/36
f 691/38/36 697/460/456 692/461/457
f 691/38/36 692/461/457 686/40/38
f 686/40/38 692/461/457 687/462/458
f 686/40/38 687/462/458 681/42/40
f 681/42/40 687/462/458 682/463/459
f 681/42/40 682/463/459 676/44/42
f 676/44/42 682/463/459 677/464/460
f 676/44/42 677/464/460 671/46/44
f 671/46/44 677/464/460 672/465/461
f 671/46/44 672/465/461 666/48/46
f 666/48/46 672/465/461 667/466/462
f 666/48/46 667/466/462 661/50/48
f 661/50/48 667/466/462 662/467/463
f 661/50/48 662/467/463 656/52/50
f 656/52/50 662/467/463 657/468/464
f 656/52/50 657/468/464 651/54/52
f 651/54/52 657/468/464 652/469/465
f 651/54/52 652/469/465 646/56/54
f 646/56/54 652/469/465 647/470/466
f 646/56/54 647/470/466 641/58/56
f 641/58/56 647/470/466 642/471/467
f 641/58/56 642/471/467 636/60/58
f 636/60/58 642/471/467 637/472/468
f 636/60/58 637/472/468 631/62/60
f 631/62/60 637/472/468 632/473/469
f 631/62/60 632/473/469 626/64/62
f 626/64/62 632/473/469 627/474/470
f 626/64/62 627/474/470 621/66/64
f 621/66/64 627/474/470 622/475/471
f 621/66/64 622/475/471 616/68/66
f 616/68/66 622/475/471 617/476/472
f 616/68/66 617/476/472 611/70/68
f 611/70/68 617/476/472 612/477/473
f 611/70/68 612/477/473 606/72/70
f 606/72/70 612/477/473 607/478/474
f 606/72/70 607/478/474 601/74/72
f 601/74/72 607/478/474 602/479/475
f 601/74/72 602/479/475 596/76/74
f 596/76/74 602/479/475 597/480/476
f 596/76/74 597/480/476 591/78/76
f 591/78/76 597/480/476 592/481/477
f 591/78/76 592/481/477 586/80/78
f 586/80/78 592/481/477 587/482/478
f 586/80/78 587/482/478 581/82/80
f 581/82/80 587/482/478 582/483/479
f 581/82/80 582/483/479 576/84/82
f 576/84/82 582/483/479 577/484/480
f 576/84/82 577/484/480 571/86/84
f 571/86/84 577/484/480 572/485/481
f 571/86/84 572/485/481 566/88/86
f 566/88/86 572/485/481 567/486/482
f 566/88/86 567/486/482 561/90/88
f 561/90/88 567/486/482 562/487/483
f 561/90/88 562/487/483 556/92/90
f 556/92/90 562/487/483 557/488/484
f 556/92/90 557/488/484 551/94/92
f 551/94/92 557/488/484 552/489/485
f 551/94/92 552/489/485 546/96/94
f 546/96/94 552/489/485 547/490/486
f 546/96/94 547/490/486 541/98/96
f 541/98/96 547/490/486 542/491/487
f 541/98/96 542/491/487 536/100/98
f 536/100/98 542/491/487 537/492/488
f 536/100/98 537/492/488 531/102/100
f 531/102/100 537/492/488 532/493/489
f 531/102/100 532/493/489 526/104/102
f 526/104/102 532/493/489 527/494/490
f 526/104/102 527/494/490 521/106/104
f 521/106/104 527/494/490 522/495/491
f 521/106/104 522/495/491 516/108/106
f 516/108/106 522/495/491 517/496/492
f 516/108/106 517/496/492 511/110/108
f 511/110/108 517/496/492 512/497/493
f 511/110/108 512/497/493 506/112/110
f 506/112/110 512/497/493 507/498/494
f 506/112/110 507/498/494 501/114/112
f 501/114/112 507/498/494 502/499/495
f 501/114/112 502/499/495 496/116/114
f 496/116/114 502/499/495 497/500/496
f 496/116/114 497/500/496 491/118/116
f 491/118/116 497/500/496 492/501/497
f 491/118/116 492/501/497 486/120/118
f 486/120/118 492/501/497 487/502/498
f 486/120/118 487/502/498 481/122/120
f 481/122/120 487/502/498 482/503/499
f 481/122/120 482/503/499 476/124/122
f 476/124/122 482/503/499 477/504/500
f 476/124/122 477/504/500 471/126/124
f 471/126/124 477/504/500 472/505/501
f 471/126/124 472/505/501 466/128/126
f 466/128/126 472/505/501 467/506/502
f 466/128/126 467/506/502 461/130/128
f 461/130/128 467/506/502 462/507/503
f 461/130/128 462/507/503 456/132/130
f 456/132/130 462/507/503 457/508/504
f 456/132/130 457/508/504 451/134/132
f 451/134/132 457/508/504 452/509/505
f 451/134/132 452/509/505 446/136/134
f 446/136/134 452/509/505 447/510/506
f 446/136/134 447/510/506 441/138/136
f 441/138/136 447/510/506 442/511/507
f 441/138/136 442/511/507 436/140/138
f 436/140/138 442/511/507 437/512/508
f 436/140/138 437/512/508 431/142/140
f 431/142/140 437/512/508 432/513/509
f 431/142/140 432/513/509 426/144/142
f 426/144/142 432/513/509 427/514/510
f 426/144/142 427/514/510 421/146/144
f 421/146/144 427/514/510 422/515/511
f 421/146/144 422/515/511 416/148/146
f 416/148/146 422/515/511 417/516/512
f 416/148/146 417/516/512 411/150/148
f 411/150/148 417/516/512 412/517/513
f 411/150/148 412/517/513 406/152/150
f 406/152/150 412/517/513 407/518/514
f 406/152/150 407/518/514 401/154/152
f 401/154/152 407/518/514 402/519/515
f 401/154/152 402/519/515 396/156/154
f 396/156/154 402/519/515 397/520/516
f 396/156/154 397/520/516 391/158/156
f 391/158/156 397/520/516 392/521/517
f 391/158/156 392/521/517 386/160/158
f 386/160/158 392/521/517 387/522/518
f 386/160/158 387/522/518 381/162/160
f 381/162/160 387/522/518 382/523/519
f 381/162/160 382/523/519 376/164/162
f 376/164/162 382/523/519 377/524/520
f 376/164/162 377/524/520 371/166/164
f 371/166/164 377/524/520 372/525/521
f 371/166/164 372/525/521 366/168/166
f 366/168/166 372/525/521 367/526/522
f 366/168/166 367/526/522 361/170/168
f 361/170/168 367/526/522 362/527/523
f 361/170/168 362/527/523 356/172/170
f 356/172/170 362/527/523 357/528/524
f 356/172/170 357/528/524 351/174/172
f 351/174/172 357/528/524 352/529/525
f 351/174/172 352/529/525 346/176/174
f 346/176/174 352/529/525 347/530/526
f 346/176/174 347/530/526 341/178/176
f 341/178/176 347/530/526 342/531/527
f 341/178/176 342/531/527 336/180/178
f 336/180/178 342/531/527 337/532/528
f 336/180/178 337/532/528 331/182/180
f 331/182/180 337/532/528 332/533/529
f 331/182/180 332/533/529 326/184/182
f 326/184/182 332/533/529 327/534/530
f 326/184/182 327/534/530 321/186/184
f 321/186/184 327/534/530 322/535/531
f 321/186/184 322/535/531 316/188/186
f 316/188/186 322/535/531 317/536/532
f 316/188/186 317/536/532 311/190/188
f 311/190/188 317/536/532 312/537/533
f 311/190/188 312/537/533 306/192/190
f 306/192/190 312/537/533 307/538/534
f 306/192/190 307/538/534 301/194/192
f 301/194/192 307/538/534 302/539/535
f 301/194/192 302/539/535 296/196/194
f 296/196/194 302/539/535 297/540/536
f 296/196/194 297/540/536 291/198/196
f 291/198/196 297/540/536 292/541/537
f 291/198/196 292/541/537 286/200/198
f 286/200/198 292/541/537 287/542/538
f 286/200/198 287/542/538 281/202/200
f 281/202/200 287/542/538 282/543/539
f 281/202/200 282/543/539 276/204/202
f 276/204/202 282/543/539 277/544/540
f 276/204/202 277/544/540 271/206/204
f 271/206/204 277/544/540 272/545/541
f 271/206/204 272/545/541 266/208/206
f 266/208/206 272/545/541 267/546/542
f 266/208/206 267/546/542 261/210/208
f 261/210/208 267/546/542 262/547/543
f 261/210/208 262/547/543 256/212/210
f 256/212/210 262/547/543 257/548/544
f 256/212/210 257/548/544 251/214/212
f 251/214/212 257/548/544 252/549/545
f 251/214/212 252/549/545 246/216/214
f 246/216/214 252/549/545 247/550/546
f 246/216/214 247/550/546 241/218/216
f 241/218/216 247/550/546 242/551/547
f 241/218/216 242/551/547 236/220/218
f 236/220/218 242/551/547 237/552/548
f 236/220/218 237/552/548 231/222/220
f 231/222/220 237/552/548 232/553/549
f 231/222/220 232/553/549 226/2/2
f 226/2/2 232/553/549 227/554/550
f 226/2/2 227/554/550 221/4/4
f 221/4/4 227/554/550 222/555/441
f 222/445/441 223/556/551 767/446/442
f 767/446/442 223/556/551 768/557/552
f 767/446/442 768/557/552 762/447/443
f 762/447/443 768/557/552 763/558/553
f 762/447/443 763/558/553 757/448/444
f 757/448/444 763/558/553 758/559/554
f 757/448/444 758/559/554 752/449/445
f 752/449/445 758/559/554 753/560/555
f 752/449/445 753/560/555 747/450/446
f 747/450/446 753/560/555 748/561/556
f 747/450/446 748/561/556 742/451/447
f 742/451/447 748/561/556 743/562/557
f 742/451/447 743/562/557 737/452/448
f 737/452/448 743/562/557 738/563/558
f 737/452/448 738/563/558 732/453/449
f 732/453/449 738/563/558 733/564/559
f 732/453/449 733/564/559 727/454/450
f 727/454/450 733/564/559 728/565/560
f 727/454/450 728/565/560 722/455/451
f 722/455/451 728/565/560 723/566/561
f 722/455/451 723/566/561 717/456/452
f 717/456/452 723/566/561 718/567/562
f 717/456/452 718/567/562 712/457/453
f 712/457/453 718/567/562 713/568/563
f 712/457/453 713/568/563 707/458/454
f 707/458/454 713/568/563 708/569/564
f 707/458/454 708/569/564 702/459/455
f 702/459/455 708/569/564 703/570/565
f 702/459/455 703/570/565 697/460/456
f 697/460/456 703/570/565 698/571/566
f 697/460/456 698/571/566 692/461/457
f 692/461/457 698/571/566 693/572/567
f 692/461/457 693/572/567 687/462/458
f 687/462/458 693/572/567 688/573/568
f 687/462/458 688/573/568 682/463/459
f 682/463/459 688/573/568 683/574/569
f 682/463/459 683/574/569 677/464/460
f 677/464/460 683/574/569 678/575/570
f 677/464/460 678/575/570 672/465/461
f 672/465/461 678/575/570 673/576/571
f 672/465/461 673/576/571 667/466/462
f 667/466/462 673/576/571 668/577/572
f 667/466/462 668/577/572 662/467/463
f 662/467/463 668/577/572 663/578/573
f 662/467/463 663/578/573 657/468/464
f 657/468/464 663/578/573 658/579/574
f 657/468/464 658/579/574 652/469/465
f 652/469/465 658/579/574 653/580/575
f 652/469/465 653/580/575 647/470/466
f 647/470/466 653/580/575 648/581/576
f 647/470/466 648/581/576 642/471/467
f 642/471/467 648/581/576 643/582/577
f 642/471/467 643/582/577 637/472/468
f 637/472/468 643/582/577 638/583/578
f 637/472/468 638/583/578 632/473/469
f 632/473/469 638/583/578 633/584/579
f 632/473/469 633/584/579 627/474/470
f 627/474/470 633/584/579 628/585/580
f 627/474/470 628/585/580 622/475/471
f 622/475/471 628/585/580 623/586/581
f 622/475/471 623/586/581 617/476/472
f 617/476/472 623/586/581 618/587/582
f 617/476/472 618/587/582 612/477/473
f 612/477/473 618/587/582 613/588/583
f 612/477/473 613/588/583 607/478/474
f 607/478/474 613/588/583 608/589/584
f 607/478/474 608/589/584 602/479/475
f 602/479/475 608/589/584 603/590/585
f 602/479/475 603/590/585 597/480/476
f 597/480/476 603/590/585 598/591/586
f 597/480/476 598/591/586 592/481/477
f 592/481/477 598/591/586 593/592/587
f 592/481/477 593/592/587 587/482/478
f 587/482/478 593/592/587 588/593/588
f 587/482/478 588/593/588 582/483/479
f 582/483/479 588/593/588 583/594/589
f 582/483/479 583/594/589 577/484/480
f 577/484/480 583/594/589 578/595/590
f 577/484/480 578/595/590 572/485/481
f 572/485/481 578/595/590 573/596/591
f 572/485/481 573/596/591 567/486/482
f 567/486/482 573/596/591 568/597/592
f 567/486/482 568/597/592 562/487/483
f 562/487/483 568/597/592 563/598/593
f 562/487/483 563/598/593 557/488/484
f 557/488/484 563/598/593 558/599/594
f 557/488/484 558/599/594 552/489/485
f 552/489/485 558/599/594 553/600/595
f 552/489/485 553/600/595 547/490/486
f 547/490/486 553/600/595 548/601/596
f 547/490/486 548/601/596 542/491/487
f 542/491/487 548/601/596 543/602/597
f 542/491/487 543/602/597 537/492/488
f 537/492/488 543/602/597 538/603/598
f 537/492/488 538/603/598 532/493/489
f 532/493/489 538/603/598 533/604/599
f 532/493/489 533/604/599 527/494/490
f 527/494/490 533/604/599 528/605/600
f 527/494/490 528/605/600 522/495/491
f 522/495/491 528/605/600 523/606/601
f 522/495/491 523/606/601 517/496/492
f 517/496/492 523/606/601 518/607/602
f 517/496/492 518/607/602 512/497/493
f 512/497/493 518/607/602 513/608/603
f 512/497/493 513/608/603 507/498/494
f 507/498/494 513/608/603 508/609/604
f 507/498/494 508/609/604 502/499/495
f 502/499/495 508/609/604 503/610/605
f 502/499/495 503/610/605 497/500/496
f 497/500/496 503/610/605 498/611/606
f 497/500/496 498/611/606 492/501/497
f 492/501/497 498/611/606 493/612/607
f 492/501/497 493/612/607 487/502/498
f 487/502/498 493/612/607 488/613/608
f 487/502/498 488/613/608 482/503/499
f 482/503/499 488/613/608 483/614/609
f 482/503/499 483/614/609 477/504/500
f 477/504/500 483/614/609 478/615/610
f 477/504/500 478/615/610 472/505/501
f 472/505/501 478/615/610 473/616/611
f 472/505/501 473/616/611 467/506/502
f 467/506/502 473/616/611 468/617/612
f 467/506/502 468/617/612 462/507/503
f 462/507/503 468/617/612 463/618/613
f 462/507/503 463/618/613 457/508/504
f 457/508/504 463/618/613 458/619/614
f 457/508/504 458/619/614 452/509/505
f 452/509/505 458/619/614 453/620/615
f 452/509/505 453/620/615 447/510/506
f 447/510/506 453/620/615 448/621/616
f 447/510/506 448/621/616 442/511/507
f 442/511/507 448/621/616 443/622/617
f 442/511/507 443/622/617 437/512/508
f 437/512/508 443/622/617 438/623/618
f 437/512/508 438/623/618 432/513/509
f 432/513/509 438/623/618 433/624/619
f 432/513/509 433/624/619 427/514/510
f 427/514/510 433/624/619 428/625/620
f 427/514/510 428/625/620 422/515/511
f 422/515/511 428/625/620 423/626/621
f 422/515/511 423/626/621 417/516/512
f 417/516/512 423/626/621 418/627/622
f 417/516/512 418/627/622 412/517/513
f 412/517/513 418/627/622 413/628/623
f 412/517/513 413/628/623 407/518/514
f 407/518/514 413/628/623 408/629/624
f 407/518/514 408/629/624 402/519/515
f 402/519/515 408/629/624 403/630/625
f 402/519/515 403/630/625 397/520/516
f 397/520/516 403/630/625 398/631/626
f 397/520/516 398/631/626 392/521/517
f 392/521/517 398/631/626 393/632/627
f 392/521/517 393/632/627 387/522/518
f 387/522/518 393/632/627 388/633/628
f 387/522/518 388/633/628 382/523/519
f 382/523/519 388/633/628 383/634/629
f 382/523/519 383/634/629 377/524/520
f 377/524/520 383/634/629 378/635/630
f 377/524/520 378/635/630 372/525/521
f 372/525/521 378/635/630 373/636/631
f 372/525/521 373/636/631 367/526/522
f 367/526/522 373/636/631 368/637/632
f 367/526/522 368/637/632 362/527/523
f 362/527/523 368/637/632 363/638/633
f 362/527/523 363/638/633 357/528/524
f 357/528/524 363/638/633 358/639/634
f 357/528/524 358/639/634 352/529/525
f 352/529/525 358/639/634 353/640/635
f 352/529/525 353/640/635 347/530/526
f 347/530/526 353/640/635 348/641/636
f 347/530/526 348/641/636 342/531/527
f 342/531/527 348/641/636 343/642/637
f 342/531/527 343/642/637 337/532/528
f 337/532/528 343/642/637 338/643/638
f 337/532/528 338/643/638 332/533/529
f 332/533/529 338/643/638 333/644/639
f 332/533/529 333/644/639 327/534/530
f 327/534/530 333/644/639 328/645/640
f 327/534/530 328/645/640 322/535/531
f 322/535/531 328/645/640 323/646/641
f 322/535/531 323/646/641 317/536/532
f 317/536/532 323/646/641 318/647/642
f 317/536/532 318/647/642 312/537/533
f 312/537/533 318/647/642 313/648/643
f 312/537/533 313/648/643 307/538/534
f 307/538/534 313/648/643 308/649/644
f 307/538/534 308/649/644 302/539/535
f 302/539/535 308/649/644 303/650/645
f 302/539/535 303/650/645 297/540/536
f 297/540/536 303/650/645 298/651/646
f 297/540/536 298/651/646 292/541/537
f 292/541/537 298/651/646 293/652/647
f 292/541/537 293/652/647 287/542/538
f 287/542/538 293/652/647 288/653/648
f 287/542/538 288/653/648 282/543/539
f 282/543/539 288/653/648 283/654/649
f 282/543/539 283/654/649 277/544/540
f 277/544/540 283/654/649 278/655/650
f 277/544/540 278/655/650 272/545/541
f 272/545/541 278/655/650 273/656/651
f 272/545/541 273/656/651 267/546/542
f 267/546/542 273/656/651 268/657/652
f 267/546/542 268/657/652 262/547/543
f 262/547/543 268/657/652 263/658/653
f 262/547/543 263/658/653 257/548/544
f 257/548/544 263/658/653 258/659/654
f 257/548/544 258/659/654 252/549/545
f 252/549/545 258/659/654 253/660/655
f 252/549/545 253/660/655 247/550/546
f 247/550/546 253/660/655 248/661/656
f 247/550/546 248/661/656 242/551/547
f 242/551/547 248/661/656 243/662/657
f 242/551/547 243/662/657 237/552/548
f 237/552/548 243/662/657 238/663/658
f 237/552/548 238/663/658 232/553/549
f 232/553/549 238/663/658 233/664/659
f 232/553/549 233/664/659 227/554/550
f 227/554/550 233/664/659 228/665/660
f 227/554/550 228/665/660 222/555/441
f 222/555/441 228/665/660 223/666/551
f 223/556/551 224/667/661 768/557/552
f 768/557/552 224/667/661 769/668/662
f 768/557/552 769/668/662 763/558/553
f 763/558/553 769/668/662 764/669/663
f 763/558/553 764/669/663 758/559/554
f 758/559/554 764/669/663 759/670/664
f 758/559/554 759/670/664 753/560/555
f 753/560/555 759/670/664 754/671/665
f 753/560/555 754/671/665 748/561/556
f 748/561/556 754/671/665 749/672/666
f 748/561/556 749/672/666 743/562/557
f 743/562/557 749/672/666 744/673/667
f 743/562/557 744/673/667 738/563/558
f 738/563/558 744/673/667 739/674/668
f 738/563/558 739/674/668 733/564/559
f 733/564/559 739/674/668 734/675/669
f 733/564/559 734/675/669 728/565/560
f 728/565/560 734/675/669 729/676/670
f 728/565/560 729/676/670 723/566/561
f 723/566/561 729/676/670 724/677/671
f 723/566/561 724/677/671 718/567/562
f 718/567/562 724/677/671 719/678/672
f 718/567/562 719/678/672 713/568/563
f 713/568/563 719/678/672 714/679/673
f 713/568/563 714/679/673 708/569/564
f 708/569/564 714/679/673 709/680/674
f 708/569/564 709/680/674 703/570/565
f 703/570/565 709/680/674 704/681/675
f 703/570/565 704/681/675 698/571/566
f 698/571/566 704/681/675 699/682/676
f 698/571/566 699/682/676 693/572/567
f 693/572/567 699/682/676 694/683/677
f 693/572/567 694/683/677 688/573/568
f 688/573/568 694/683/677 689/684/678
f 688/573/568 689/684/678 683/574/569
f 683/574/569 689/684/678 684/685/679
f 683/574/569 684/685/679 678/575/570
f 678/575/570 684/685/679 679/686/680
f 678/575/570 679/686/680 673/576/571
f 673/576/571 679/686/680 674/687/681
f 673/576/571 674/687/681 668/577/572
f 668/577/572 674/687/681 669/688/682
f 668/577/572 669/688/682 663/578/573
f 663/578/573 669/688/682 664/689/683
f 663/578/573 664/689/683 658/579/574
f 658/579/574 664/689/683 659/690/684
f 658/579/574 659/690/684 653/580/575
f 653/580/575 659/690/684 654/691/685
f 653/580/575 654/691/685 648/581/576
f 648/581/576 654/691/685 649/692/686
f 648/581/576 649/692/686 643/582/577
f 643/582/577 649/692/686 644/693/687
f 643/582/577 644/693/687 638/583/578
f 638/583/578 644/693/687 639/694/688
f 638/583/578 639/694/688 633/584/579
f 633/584/579 639/694/688 634/695/689
f 633/584/579 634/695/689 628/585/580
f 628/585/580 634/695/689 629/696/690
f 628/585/580 629/696/690 623/586/581
f 623/586/581 629/696/690 624/697/691
f 623/586/581 624/697/691 618/587/582
f 618/587/582 624/697/691 619/698/692
f 618/587/582 619/698/692 613/588/583
f 613/588/583 619/698/692 614/699/693
f 613/588/583 614/699/693 608/589/584
f 608/589/584 614/699/693 609/700/694
f 608/589/584 609/700/694 603/590/585
f 603/590/585 609/700/694 604/701/695
f 603/590/585 604/701/695 598/591/586
f 598/591/586 604/701/695 599/702/696
f 598/591/586 599/702/696 593/592/587
f 593/592/587 599/702/696 594/703/697
f 593/592/587 594/703/697 588/593/588
f 588/593/588 594/703/697 589/704/698
f 588/593/588 589/704/698 583/594/589
f 583/594/589 589/704/698 584/705/699
f 583/594/589 584/705/699 578/595/590
f 578/595/590 584/705/699 579/706/700
f 578/595/590 579/706/700 573/596/591
f 573/596/591 579/706/700 574/707/701
f 573/596/591 574/707/701 568/597/592
f 568/597/592 574/707/701 569/708/702
f 568/597/592 569/708/702 563/598/593
f 563/598/593 569/708/702 564/709/703
f 563/598/593 564/709/703 558/599/594
f 558/599/594 564/709/703 559/710/704
f 558/599/594 559/710/704 553/600/595
f 553/600/595 559/710/704 554/711/705
f 553/600/595 554/711/705 548/601/596
f 548/601/596 554/711/705 549/712/706
f 548/601/596 549/712/706 543/602/597
f 543/602/597 549/712/706 544/713/707
f 543/602/597 544/713/707 538/603/598
f 538/603/598 544/713/707 539/714/708
f 538/603/598 539/714/708 533/604/599
f 533/604/599 539/714/708 534/715/709
f 533/604/599 534/715/709 528/605/600
f 528/605/600 534/715/709 529/716/710
f 528/605/600 529/716/710 523/606/601
f 523/606/601 529/716/710 524/717/711
f 523/606/601 524/717/711 518/607/602
f 518/607/602 524/717/711 519/718/712
f 518/607/602 519/718/712 513/608/603
f 513/608/603 519/718/712 514/719/713
f 513/608/603 514/719/713 508/609/604
f 508/609/604 514/719/713 509/720/714
f 508/609/604 509/720/714 503/610/605
f 503/610/605 509/720/714 504/721/715
f 503/610/605 504/721/715 498/611/606
f 498/611/606 504/721/715 499/722/716
f 498/611/606 499/722/716 493/612/607
f 493/612/607 499/722/716 494/723/717
f 493/612/607 494/723/717 488/613/608
f 488/613/608 494/723/717 489/724/718
f 488/613/608 489/724/718 483/614/609
f 483/614/609 489/724/718 484/725/719
f 483/614/609 484/725/719 478/615/610
f 478/615/610 484/725/719 479/726/720
f 478/615/610 479/726/720 473/616/611
f 473/616/611 479/726/720 474/727/721
f 473/616/611 474/727/721 468/617/612
f 468/617/612 474/727/721 469/728/722
f 468/617/612 469/728/722 463/618/613
f 463/618/613 469/728/722 464/729/723
f 463/618/613 464/729/723 458/619/614
f 458/619/614 464/729/723 459/730/724
f 458/619/614 459/730/724 453/620/615
f 453/620/615 459/730/724 454/731/725
f 453/620/615 454/731/725 448/621/616
f 448/621/616 454/731/725 449/732/726
f 448/621/616 449/732/726 443/622/617
f 443/622/617 449/732/726 444/733/727
f 443/622/617 444/733/727 438/623/618
f 438/623/618 444/733/727 439/734/728
f 438/623/618 439/734/728 433/624/619
f 433/624/619 439/734/728 434/735/729
f 433/624/619 434/735/729 428/625/620
f 428/625/620 434/735/729 429/736/730
f 428/625/620 429/736/730 423/626/621
f 423/626/621 429/736/730 424/737/731
f 423/626/621 424/737/731 418/627/622
f 418/627/622 424/737/731 419/738/732
f 418/627/622 419/738/732 413/628/623
f 413/628/623 419/738/732 414/739/733
f 413/628/623 414/739/733 408/629/624
f 408/629/624 414/739/733 409/740/734
f 408/629/624 409/740/734 403/630/625
f 403/630/625 409/740/734 404/741/735
f 403/630/625 404/741/735 398/631/626
f 398/631/626 404/741/735 399/742/736
f 398/631/626 399/742/736 393/632/627
f 393/632/627 399/742/736 394/743/737
f 393/632/627 394/743/737 388/633/628
f 388/633/628 394/743/737 389/744/738
f 388/633/628 389/744/738 383/634/629
f 383/634/629 389/744/738 384/745/739
f 383/634/629 384/745/739 378/635/630
f 378/635/630 384/745/739 379/746/740
f 378/635/630 379/746/740 373/636/631
f 373/636/631 379/746/740 374/747/741
f 373/636/631 374/747/741 368/637/632
f 368/637/632 374/747/741 369/748/742
f 368/637/632 369/748/742 363/638/633
f 363/638/633 369/748/742 364/749/743
f 363/638/633 364/749/743 358/639/634
f 358/639/634 364/749/743 359/750/744
f 358/639/634 359/750/744 353/640/635
f 353/640/635 359/750/744 354/751/745
f 353/640/635 354/751/745 348/641/636
f 348/641/636 354/751/745 349/752/746
f 348/641/636 349/752/746 343/642/637
f 343/642/637 349/752/746 344/753/747
f 343/642/637 344/753/747 338/643/638
f 338/643/638 344/753/747 339/754/748
f 338/643/638 339/754/748 333/644/639
f 333/644/639 339/754/748 334/755/749
f 333/644/639 334/755/749 328/645/640
f 328/645/640 334/755/749 329/756/750
f 328/645/640 329/756/750 323/646/641
f 323/646/641 329/756/750 324/757/751
f 323/646/641 324/757/751 318/647/642
f 318/647/642 324/757/751 319/758/752
f 318/647/642 319/758/752 313/648/643
f 313/648/643 319/758/752 314/759/753
f 313/648/643 314/759/753 308/649/644
f 308/649/644 314/759/753 309/760/754
f 308/649/644 309/760/754 303/650/645
f 303/650/645 309/760/754 304/761/755
f 303/650/645 304/761/755 298/651/646
f 298/651/646 304/761/755 299/762/756
f 298/651/646 299/762/756 293/652/647
f 293/652/647 299/762/756 294/763/757
f 293/652/647 294/763/757 288/653/648
f 288/653/648 294/763/757 289/764/758
f 288/653/648 289/764/758 283/654/649
f 283/654/649 289/764/758 284/765/759
f 283/654/649 284/765/759 278/655/650
f 278/655/650 284/765/759 279/766/760
f 278/655/650 279/766/760 273/656/651
f 273/656/651 279/766/760 274/767/761
f 273/656/651 274/767/761 268/657/652
f 268/657/652 274/767/761 269/768/762
f 268/657/652 269/768/762 263/658/653
f 263/658/653 269/768/762 264/769/763
f 263/658/653 264/769/763 258/659/654
f 258/659/654 264/769/763 259/770/764
f 258/659/654 259/770/764 253/660/655
f 253/660/655 259/770/764 254/771/765
f 253/660/655 254/771/765 248/661/656
f 248/661/656 254/771/765 249/772/766
f 248/661/656 249/772/766 243/662/657
f 243/662/657 249/772/766 244/773/767
f 243/662/657 244/773/767 238/663/658
f 238/663/658 244/773/767 239/774/768
f 238/663/658 239/774/768 233/664/659
f 233/664/659 239/774/768 234/775/769
f 233/664/659 234/775/769 228/665/660
f 228/665/660 234/775/769 229/776/770
f 228/665/660 229/776/770 223/666/551
f 223/666/551 229/776/770 224/777/661
f 224/667/661 225/226/224 769/668/662
f 769/668/662 225/226/224 770/224/222
f 769/668/662 770/224/222 764/669/663
f 764/669/663 770/224/222 765/444/440
f 764/669/663 765/444/440 759/670/664
f 759/670/664 765/444/440 760/442/438
f 759/670/664 760/442/438 754/671/665
f 754/671/665 760/442/438 755/440/436
f 754/671/665 755/440/436 749/672/666
f 749/672/666 755/440/436 750/438/434
f 749/672/666 750/438/434 744/673/667
f 744/673/667 750/438/434 745/436/432
f 744/673/667 745/436/432 739/674/668
f 739/674/668 745/436/432 740/434/430
f 739/674/668 740/434/430 734/675/669
f 734/675/669 740/434/430 735/432/428
f 734/675/669 735/432/428 729/676/670
f 729/676/670 735/432/428 730/430/426
f 729/676/670 730/430/426 724/677/671
f 724/677/671 730/430/426 725/428/424
f 724/677/671 725/428/424 719/678/672
f 719/678/672 725/428/424 720/426/422
f 719/678/672 720/426/422 714/679/673
f 714/679/673 720/426/422 715/424/420
f 714/679/673 715/424/420 709/680/674
f 709/680/674 715/424/420 710/422/418
f 709/680/674 710/422/418 704/681/675
f 704/681/675 710/422/418 705/420/416
f 704/681/675 705/420/416 699/682/676
f 699/682/676 705/420/416 700/418/414
f 699/682/676 700/418/414 694/683/677
f 694/683/677 700/418/414 695/416/412
f 694/683/677 695/416/412 689/684/678
f 689/684/678 695/416/412 690/414/410
f 689/684/678 690/414/410 684/685/679
f 684/685/679 690/414/410 685/412/408
f 684/685/679 685/412/408 679/686/680
f 679/686/680 685/412/408 680/410/406
f 679/686/680 680/410/406 674/687/681
f 674/687/681 680/410/406 675/408/404
f 674/687/681 675/408/404 669/688/682
f 669/688/682 675/408/404 670/406/402
f 669/688/682 670/406/402 664/689/683
f 664/689/683 670/406/402 665/404/400
f 664/689/683 665/404/400 659/690/684
f 659/690/684 665/404/400 660/402/398
f 659/690/684 660/402/398 654/691/685
f 654/691/685 660/402/398 655/400/396
f 654/691/685 655/400/396 649/692/686
f 649/692/686 655/400/396 650/398/394
f 649/692/686 650/398/394 644/693/687
f 644/693/687 650/398/394 645/396/392
f 644/693/687 645/396/392 639/694/688
f 639/694/688 645/396/392 640/394/390
f 639/694/688 640/394/390 634/695/689
f 634/695/689 640/394/390 635/392/388
f 634/695/689 635/392/388 629/696/690
f 629/696/690 635/392/388 630/390/386
f 629/696/690 630/390/386 624/697/691
f 624/697/691 630/390/386 625/388/384
f 624/697/691 625/388/384 619/698/692
f 619/698/692 625/388/384 620/386/382
f 619/698/692 620/386/382 614/699/693
f 614/699/693 620/386/382 615/384/380
f 614/699/693 615/384/380 609/700/694
f 609/700/694 615/384/380 610/382/378
f 609/700/694 610/382/378 604/701/695
f 604/701/695 610/382/378 605/380/376
f 604/701/695 605/380/376 599/702/696
f 599/702/696 605/380/376 600/378/374
f 599/702/696 600/378/374 594/703/697
f 594/703/697 600/378/374 595/376/372
f 594/703/697 595/376/372 589/704/698
f 589/704/698 595/376/372 590/374/370
f 589/704/698 590/374/370 584/705/699
f 584/705/699 590/374/370 585/372/368
f 584/705/699 585/372/368 579/706/700
f 579/706/700 585/372/368 580/370/366
f 579/706/700 580/370/366 574/707/701
f 574/707/701 580/370/366 575/368/364
f 574/707/701 575/368/364 569/708/702
f 569/708/702 575/368/364 570/366/362
f 569/708/702 570/366/362 564/709/703
f 564/709/703 570/366/362 565/364/360
f 564/709/703 565/364/360 559/710/704
f 559/710/704 565/364/360 560/362/358
f 559/710/704 560/362/358 554/711/705
f 554/711/705 560/362/358 555/360/356
f 554/711/705 555/360/356 549/712/706
f 549/712/706 555/360/356 550/358/354
f 549/712/706 550/358/354 544/713/707
f 544/713/707 550/358/354 545/356/352
f 544/713/707 545/356/352 539/714/708
f 539/714/708 545/356/352 540/354/350
f 539/714/708 540/354/350 534/715/709
f 534/715/709 540/354/350 535/352/348
f 534/715/709 535/352/348 529/716/710
f 529/716/710 535/352/348 530/350/346
f 529/716/710 530/350/346 524/717/711
f 524/717/711 530/350/346 525/348/344
f 524/717/711 525/348/344 519/718/712
f 519/718/712 525/348/344 520/346/342
f 519/718/712 520/346/342 514/719/713
f 514/719/713 520/346/342 515/344/340
f 514/719/713 515/344/340 509/720/714
f 509/720/714 515/344/340 510/342/338
f 509/720/714 510/342/338 504/721/715
f 504/721/715 510/342/338 505/340/336
f 504/721/715 505/340/336 499/722/716
f 499/722/716 505/340/336 500/338/334
f 499/722/716 500/338/334 494/723/717
f 494/723/717 500/338/334 495/336/332
f 494/723/717 495/336/332 489/724/718
f 489/724/718 495/336/332 490/334/330
f 489/724/718 490/334/330 484/725/719
f 484/725/719 490/334/330 485/332/328
f 484/725/719 485/332/328 479/726/720
f 479/726/720 485/332/328 480/330/326
f 479/726/720 480/330/326 474/727/721
f 474/727/721 480/330/326 475/328/324
f 474/727/721 475/328/324 469/728/722
f 469/728/722 475/328/324 470/326/322
f 469/728/722 470/326/322 464/729/723
f 464/729/723 470/326/322 465/324/320
f 464/729/723 465/324/320 459/730/724
f 459/730/724 465/324/320 460/322/318
f 459/730/724 460/322/318 454/731/725
f 454/731/725 460/322/318 455/320/316
f 454/731/725 455/320/316 449/732/726
f 449/732/726 455/320/316 450/318/314
f 449/732/726 450/318/314 444/733/727
f 444/733/727 450/318/314 445/316/312
f 444/733/727 445/316/312 439/734/728
f 439/734/728 445/316/312 440/314/310
f 439/734/728 440/314/310 434/735/729
f 434/735/729 440/314/310 435/312/308
f 434/735/729 435/312/308 429/736/730
f 429/736/730 435/312/308 430/310/306
f 429/736/730 430/310/306 424/737/731
f 424/737/731 430/310/306 425/308/304
f 424/737/731 425/308/304 419/738/732
f 419/738/732 425/308/304 420/306/302
f 419/738/732 420/306/302 414/739/733
f 414/739/733 420/306/302 415/304/300
f 414/739/733 415/304/300 409/740/734
f 409/740/734 415/304/300 410/302/298
f 409/740/734 410/302/298 404/741/735
f 404/741/735 410/302/298 405/300/296
f 404/741/735 405/300/296 399/742/736
f 399/742/736 405/300/296 400/298/294
f 399/742/736 400/298/294 394/743/737
f 394/743/737 400/298/294 395/296/292
f 394/743/737 395/296/292 389/744/738
f 389/744/738 395/296/292 390/294/290
f 389/744/738 390/294/290 384/745/739
f 384/745/739 390/294/290 385/292/288
f 384/745/739 385/292/288 379/746/740
f 379/746/740 385/292/288 380/290/286
f 379/746/740 380/290/286 374/747/741
f 374/747/741 380/290/286 375/288/284
f 374/747/741 375/288/284 369/748/742
f 369/748/742 375/288/284 370/286/282
f 369/748/742 370/286/282 364/749/743
f 364/749/743 370/286/282 365/284/280
f 364/749/743 365/284/280 359/750/744
f 359/750/744 365/284/280 360/282/278
f 359/750/744 360/282/278 354/751/745
f 354/751/745 360/282/278 355/280/276
f 354/751/745 355/280/276 349/752/746
f 349/752/746 355/280/276 350/278/274
f 349/752/746 350/278/274 344/753/747
f 344/753/747 350/278/274 345/276/272
f 344/753/747 345/276/272 339/754/748
f 339/754/748 345/276/272 340/274/270
f 339/754/748 340/274/270 334/755/749
f 334/755/749 340/274/270 335/272/268
f 334/755/749 335/272/268 329/756/750
f 329/756/750 335/272/268 330/270/266
f 329/756/750 330/270/266 324/757/751
f 324/757/751 330/270/266 325/268/264
f 324/757/751 325/268/264 319/758/752
f 319/758/752 325/268/264 320/266/262
f 319/758/752 320/266/262 314/759/753
f 314/759/753 320/266/262 315/264/260
f 314/759/753 315/264/260 309/760/754
f 309/760/754 315/264/260 310/262/258
f 309/760/754 310/262/258 304/761/755
f 304/761/755 310/262/258 305/260/256
f 304/761/755 305/260/256 299/762/756
f 299/762/756 305/260/256 300/258/254
f 299/762/756 300/258/254 294/763/757
f 294/763/757 300/258/254 295/256/252
f 294/763/757 295/256/252 289/764/758
f 289/764/758 295/256/252 290/254/250
f 289/764/758 290/254/250 284/765/759
f 284/765/759 290/254/250 285/252/248
f 284/765/759 285/252/248 279/766/760
f 279/766/760 285/252/248 280/250/246
f 279/766/760 280/250/246 274/767/761
f 274/767/761 280/250/246 275/248/244
f 274/767/761 275/248/244 269/768/762
f 269/768/762 275/248/244 270/246/242
f 269/768/762 270/246/242 264/769/763
f 264/769/763 270/246/242 265/244/240
f 264/769/763 265/244/240 259/770/764
f 259/770/764 265/244/240 260/242/238
f 259/770/764 260/242/238 254/771/765
f 254/771/765 260/242/238 255/240/236
f 254/771/765 255/240/236 249/772/766
f 249/772/766 255/240/236 250/238/234
f 249/772/766 250/238/234 244/773/767
f 244/773/767 250/238/234 245/236/232
f 244/773/767 245/236/232 239/774/768
f 239/774/768 245/236/232 240/234/230
f 239/774/768 240/234/230 234/775/769
f 234/775/769 240/234/230 235/232/228
f 234/775/769 235/232/228 229/776/770
f 229/776/770 235/232/228 230/230/226
f 229/776/770 230/230/226 224/777/661
f 224/777/661 230/230/226 225/228/224
f 772/778/771 1045/779/772 771/780/773
f 771/780/773 1045/779/772 1041/781/774
f 771/782/773 1041/783/774 905/784/775
f 905/784/775 1041/783/774 1577/785/776
f 905/784/775 1577/785/776 904/786/777
f 904/786/777 1577/785/776 1573/787/778
f 904/786/777 1573/787/778 903/788/779
f 903/788/779 1573/787/778 1569/789/780
f 903/788/779 1569/789/780 902/790/781
f 902/790/781 1569/789/780 1565/791/782
f 902/790/781 1565/791/782 901/792/783
f 901/792/783 1565/791/782 1561/793/784
f 901/792/783 1561/793/784 900/794/785
f 900/794/785 1561/793/784 1557/795/786
f 900/794/785 1557/795/786 899/796/787
f 899/796/787 1557/795/786 1553/797/788
f 899/796/787 1553/797/788 898/798/789
f 898/798/789 1553/797/788 1549/799/790
f 898/798/789 1549/799/790 897/800/791
f 897/800/791 1549/799/790 1545/801/792
f 897/800/791 1545/801/792 896/802/793
f 896/802/793 1545/801/792 1541/803/794
f 896/802/793 1541/803/794 895/804/795
f 895/804/795 1541/803/794 1537/805/796
f 895/804/795 1537/805/796 894/806/797
f 894/806/797 1537/805/796 1533/807/798
f 894/806/797 1533/807/798 893/808/799
f 893/808/799 1533/807/798 1529/809/800
f 893/808/799 1529/809/800 892/810/801
f 892/810/801 1529/809/800 1525/811/802
f 892/810/801 1525/811/802 891/812/803
f 891/812/803 1525/811/802 1521/813/804
f 891/812/803 1521/813/804 890/814/805
f 890/814/805 1521/813/804 1517/815/806
f 890/814/805 1517/815/806 889/816/807
f 889/816/807 1517/815/806 1513/817/808
f 889/816/807 1513/817/808 888/818/809
f 888/818/809 1513/817/808 1509/819/810
f 888/818/809 1509/819/810 887/820/811
f 887/820/811 1509/819/810 1505/821/812
f 887/820/811 1505/821/812 886/822/813
f 886/822/813 1505/821/812 1501/823/814
f 886/822/813 1501/823/814 885/824/815
f 885/824/815 1501/823/814 1497/825/816
f 885/824/815 1497/825/816 884/826/817
f 884/826/817 1497/825/816 1493/827/818
f 884/826/817 1493/827/818 883/828/819
f 883/828/819 1493/827/818 1489/829/820
f 883/828/819 1489/829/820 882/830/821
f 882/830/821 1489/829/820 1485/831/822
f 882/830/821 1485/831/822 881/832/823
f 881/832/823 1485/831/822 1481/833/824
f 881/832/823 1481/833/824 880/834/825
f 880/834/825 1481/833/824 1477/835/826
f 880/834/825 1477/835/826 879/836/827
f 879/836/827 1477/835/826 1473/837/828
f 879/836/827 1473/837/828 878/838/829
f 878/838/829 1473/837/828 1469/839/830
f 878/838/829 1469/839/830 877/840/831
f 877/840/831 1469/839/830 1465/841/832
f 877/840/831 1465/841/832 876/842/833
f 876/842/833 1465/841/832 1461/843/834
f 876/842/833 1461/843/834 875/844/835
f 875/844/835 1461/843/834 1457/845/836
f 875/844/835 1457/845/836 874/846/837
f 874/846/837 1457/845/836 1453/847/838
f 874/846/837 1453/847/838 873/848/839
f 873/848/839 1453/847/838 1449/849/840
f 873/848/839 1449/849/840 872/850/841
f 872/850/841 1449/849/840 1445/851/842
f 872/850/841 1445/851/842 871/852/843
f 871/852/843 1445/851/842 1441/853/844
f 871/852/843 1441/853/844 870/854/845
f 870/854/845 1441/853/844 1437/855/846
f 870/854/845 1437/855/846 869/856/847
f 869/856/847 1437/855/846 1433/857/848
f 869/856/847 1433/857/848 868/858/849
f 868/858/849 1433/857/848 1429/859/850
f 868/858/849 1429/859/850 867/860/851
f 867/860/851 1429/859/850 1425/861/852
f 867/860/851 1425/861/852 866/862/853
f 866/862/853 1425/861/852 1421/863/854
f 866/862/853 1421/863/854 865/864/855
f 865/864/855 1421/863/854 1417/865/856
f 865/864/855 1417/865/856 864/866/857
f 864/866/857 1417/865/856 1413/867/858
f 864/866/857 1413/867/858 863/868/859
f 863/868/859 1413/867/858 1409/869/860
f 863/868/859 1409/869/860 862/870/861
f 862/870/861 1409/869/860 1405/871/862
f 862/870/861 1405/871/862 861/872/863
f 861/872/863 1405/871/862 1401/873/864
f 861/872/863 1401/873/864 860/874/865
f 860/874/865 1401/873/864 1397/875/866
f 860/874/865 1397/875/866 859/876/867
f 859/876/867 1397/875/866 1393/877/868
f 859/876/867 1393/877/868 858/878/869
f 858/878/869 1393/877/868 1389/879/870
f 858/878/869 1389/879/870 857/880/871
f 857/880/871 1389/879/870 1385/881/872
f 857/880/871 1385/881/872 856/882/873
f 856/882/873 1385/881/872 1381/883/874
f 856/882/873 1381/883/874 855/884/875
f 855/884/875 1381/883/874 1377/885/876
f 855/884/875 1377/885/876 854/886/877
f 854/886/877 1377/885/876 1373/887/878
f 854/886/877 1373/887/878 853/888/879
f 853/888/879 1373/887/878 1369/889/880
f 853/888/879 1369/889/880 852/890/881
f 852/890/881 1369/889/880 1365/891/882
f 852/890/881 1365/891/882 851/892/883
f 851/892/883 1365/891/882 1361/893/884
f 851/892/883 1361/893/884 850/894/885
f 850/894/885 1361/893/884 1357/895/886
f 850/894/885 1357/895/886 849/896/887
f 849/896/887 1357/895/886 1353/897/888
f 849/896/887 1353/897/888 848/898/889
f 848/898/889 1353/897/888 1349/899/890
f 848/898/889 1349/899/890 847/900/891
f 847/900/891 1349/899/890 1345/901/892
f 847/900/891 1345/901/892 846/902/893
f 846/902/893 1345/901/892 1341/903/894
f 846/902/893 1341/903/894 845/904/895
f 845/904/895 1341/903/894 1337/905/896
f 845/904/895 1337/905/896 844/906/897
f 844/906/897 1337/905/896 1333/907/898
f 844/906/897 1333/907/898 843/908/899
f 843/908/899 1333/907/898 1329/909/900
f 843/908/899 1329/909/900 842/910/901
f 842/910/901 1329/909/900 1325/911/902
f 842/910/901 1325/911/902 841/912/903
f 841/912/903 1325/911/902 1321/913/904
f 841/912/903 1321/913/904 840/914/905
f 840/914/905 1321/913/904 1317/915/906
f 840/914/905 1317/915/906 839/916/907
f 839/916/907 1317/915/906 1313/917/908
f 839/916/907 1313/917/908 838/918/909
f 838/918/909 1313/917/908 1309/919/910
f 838/918/909 1309/919/910 837/920/911
f 837/920/911 1309/919/910 1305/921/912
f 837/920/911 1305/921/912 836/922/913
f 836/922/913 1305/921/912 1301/923/914
f 836/922/913 1301/923/914 835/924/915
f 835/924/915 1301/923/914 1297/925/916
f 835/924/915 1297/925/916 834/926/917
f 834/926/917 1297/925/916 1293/927/918
f 834/926/917 1293/927/918 833/928/919
f 833/928/919 1293/927/918 1289/929/920
f 833/928/919 1289/929/920 832/930/921
f 832/930/921 1289/929/920 1285/931/922
f 832/930/921 1285/931/922 831/932/923
f 831/932/923 1285/931/922 1281/933/924
f 831/932/923 1281/933/924 830/934/925
f 830/934/925 1281/933/924 1277/935/926
f 830/934/925 1277/935/926 829/936/927
f 829/936/927 1277/935/926 1273/937/928
f 829/936/927 1273/937/928 828/938/929
f 828/938/929 1273/937/928 1269/939/930
f 828/938/929 1269/939/930 827/940/931
f 827/940/931 1269/939/930 1265/941/932
f 827/940/931 1265/941/932 826/942/933
f 826/942/933 1265/941/932 1261/943/934
f 826/942/933 1261/943/934 825/944/935
f 825/944/935 1261/943/934 1257/945/936
f 825/944/935 1257/945/936 824/946/937
f 824/946/937 1257/945/936 1253/947/938
f 824/946/937 1253/947/938 823/948/939
f 823/948/939 1253/947/938 1249/949/940
f 823/948/939 1249/949/940 822/950/941
f 822/950/941 1249/949/940 1245/951/942
f 822/950/941 1245/951/942 821/952/943
f 821/952/943 1245/951/942 1241/953/944
f 821/952/943 1241/953/944 820/954/945
f 820/954/945 1241/953/944 1237/955/946
f 820/954/945 1237/955/946 819/956/947
f 819/956/947 1237/955/946 1233/957/948
f 819/956/947 1233/957/948 818/958/949
f 818/958/949 1233/957/948 1229/959/950
f 818/958/949 1229/959/950 817/960/951
f 817/960/951 1229/959/950 1225/961/952
f 817/960/951 1225/961/952 816/962/953
f 816/962/953 1225/961/952 1221/963/954
f 816/962/953 1221/963/954 815/964/955
f 815/964/955 1221/963/954 1217/965/956
f 815/964/955 1217/965/956 814/966/957
f 814/966/957 1217/965/956 1213/967/958
f 814/966/957 1213/967/958 813/968/959
f 813/968/959 1213/967/958 1209/969/960
f 813/968/959 1209/969/960 812/970/961
f 812/970/961 1209/969/960 1205/971/962
f 812/970/961 1205/971/962 811/972/963
f 811/972/963 1205/971/962 1201/973/964
f 811/972/963 1201/973/964 810/974/965
f 810/974/965 1201/973/964 1197/975/966
f 810/974/965 1197/975/966 809/976/967
f 809/976/967 1197/975/966 1193/977/968
f 809/976/967 1193/977/968 808/978/969
f 808/978/969 1193/977/968 1189/979/970
f 808/978/969 1189/979/970 807/980/971
f 807/980/971 1189/979/970 1185/981/972
f 807/980/971 1185/981/972 806/982/973
f 806/982/973 1185/981/972 1181/983/974
f 806/982/973 1181/983/974 805/984/975
f 805/984/975 1181/983/974 1177/985/976
f 805/984/975 1177/985/976 804/986/977
f 804/986/977 1177/985/976 1173/987/978
f 804/986/977 1173/987/978 803/988/979
f 803/988/979 1173/987/978 1169/989/980
f 803/988/979 1169/989/980 802/990/981
f 802/990/981 1169/989/980 1165/991/982
f 802/990/981 1165/991/982 801/992/983
f 801/992/983 1165/991/982 1161/993/984
f 801/992/983 1161/993/984 800/994/985
f 800/994/985 1161/993/984 1157/995/986
f 800/994/985 1157/995/986 799/996/987
f 799/996/987 1157/995/986 1153/997/988
f 799/996/987 1153/997/988 798/998/989
f 798/998/989 1153/997/988 1149/999/990
f 798/998/989 1149/999/990 797/1000/991
f 797/1000/991 1149/999/990 1145/1001/992
f 797/1000/991 1145/1001/992 796/1002/993
f 796/1002/993 1145/1001/992 1141/1003/994
f 796/1002/993 1141/1003/994 795/1004/995
f 795/1004/995 1141/1003/994 1137/1005/996
f 795/1004/995 1137/1005/996 794/1006/997
f 794/1006/997 1137/1005/996 1133/1007/998
f 794/1006/997 1133/1007/998 793/1008/999
f 793/1008/999 1133/1007/998 1129/1009/1000
f 793/1008/999 1129/1009/1000 792/1010/1001
f 792/1010/1001 1129/1009/1000 1125/1011/1002
f 792/1010/1001 1125/1011/1002 791/1012/1003
f 791/1012/1003 1125/1011/1002 1121/1013/1004
f 791/1012/1003 1121/1013/1004 790/1014/1005
f 790/1014/1005 1121/1013/1004 1117/1015/1006
f 790/1014/1005 1117/1015/1006 789/1016/1007
f 789/1016/1007 1117/1015/1006 1113/1017/1008
f 789/1016/1007 1113/1017/1008 788/1018/1009
f 788/1018/1009 1113/1017/1008 1109/1019/1010
f 788/1018/1009 1109/1019/1010 787/1020/1011
f 787/1020/1011 1109/1019/1010 1105/1021/1012
f 787/1020/1011 1105/1021/1012 786/1022/1013
f 786/1022/1013 1105/1021/1012 1101/1023/1014
f 786/1022/1013 1101/1023/1014 785/1024/1015
f 785/1024/1015 1101/1023/1014 1097/1025/1016
f 785/1024/1015 1097/1025/1016 784/1026/1017
f 784/1026/1017 1097/1025/1016 1093/1027/1018
f 784/1026/1017 1093/1027/1018 783/1028/1019
f 783/1028/1019 1093/1027/1018 1089/1029/1020
f 783/1028/1019 1089/1029/1020 782/1030/1021
f 782/1030/1021 1089/1029/1020 1085/1031/1022
f 782/1030/1021 1085/1031/1022 781/1032/1023
f 781/1032/1023 1085/1031/1022 1081/1033/1024
f 781/1032/1023 1081/1033/1024 780/1034/1025
f 780/1034/1025 1081/1033/1024 1077/1035/1026
f 780/1034/1025 1077/1035/1026 779/1036/1027
f 779/1036/1027 1077/1035/1026 1073/1037/1028
f 779/1036/1027 1073/1037/1028 778/1038/1029
f 778/1038/1029 1073/1037/1028 1069/1039/1030
f 778/1038/1029 1069/1039/1030 777/1040/1031
f 777/1040/1031 1069/1039/1030 1065/1041/1032
f 777/1040/1031 1065/1041/1032 776/1042/1033
f 776/1042/1033 1065/1041/1032 1061/1043/1034
f 776/1042/1033 1061/1043/1034 775/1044/1035
f 775/1044/1035 1061/1043/1034 1057/1045/1036
f 775/1044/1035 1057/1045/1036 774/1046/1037
f 774/1046/1037 1057/1045/1036 1053/1047/1038
f 774/1046/1037 1053/1047/1038 773/1048/1039
f 773/1048/1039 1053/1047/1038 1049/1049/1040
f 773/1048/1039 1049/1049/1040 772/778/771
f 772/778/771 1049/1049/1040 1045/779/772
f 907/1050/1041 1580/1051/1042 906/1052/1043
f 906/1052/1043 1580/1051/1042 1044/1053/1044
f 906/1054/1043 1044/1055/1044 1040/1056/1045
f 1040/1056/1045 1044/1055/1044 1048/1057/1046
f 1040/1056/1045 1048/1057/1046 1039/1058/1047
f 1039/1058/1047 1048/1057/1046 1052/1059/1048
f 1039/1058/1047 1052/1059/1048 1038/1060/1049
f 1038/1060/1049 1052/1059/1048 1056/1061/1050
f 1038/1060/1049 1056/1061/1050 1037/1062/1051
f 1037/1062/1051 1056/1061/1050 1060/1063/1052
f 1037/1062/1051 1060/1063/1052 1036/1064/1053
f 1036/1064/1053 1060/1063/1052 1064/1065/1054
f 1036/1064/1053 1064/1065/1054 1035/1066/1055
f 1035/1066/1055 1064/1065/1054 1068/1067/1056
f 1035/1066/1055 1068/1067/1056 1034/1068/1057
f 1034/1068/1057 1068/1067/1056 1072/1069/1058
f 1034/1068/1057 1072/1069/1058 1033/1070/1059
f 1033/1070/1059 1072/1069/1058 1076/1071/1060
f 1033/1070/1059 1076/1071/1060 1032/1072/1061
f 1032/1072/1061 1076/1071/1060 1080/1073/1062
f 1032/1072/1061 1080/1073/1062 1031/1074/1063
f 1031/1074/1063 1080/1073/1062 1084/1075/1064
f 1031/1074/1063 1084/1075/1064 1030/1076/1065
f 1030/1076/1065 1084/1075/1064 1088/1077/1066
f 1030/1076/1065 1088/1077/1066 1029/1078/1067
f 1029/1078/1067 1088/1077/1066 1092/1079/1068
f 1029/1078/1067 1092/1079/1068 1028/1080/1069
f 1028/1080/1069 1092/1079/1068 1096/1081/1070
f 1028/1080/1069 1096/1081/1070 1027/1082/1071
f 1027/1082/1071 1096/1081/1070 1100/1083/1072
f 1027/1082/1071 1100/1083/1072 1026/1084/1073
f 1026/1084/1073 1100/1083/1072 1104/1085/1074
f 1026/1084/1073 1104/1085/1074 1025/1086/1075
f 1025/1086/1075 1104/1085/1074 1108/1087/1076
f 1025/1086/1075 1108/1087/1076 1024/1088/1077
f 1024/1088/1077 1108/1087/1076 1112/1089/1078
f 1024/1088/1077 1112/1089/1078 1023/1090/1079
f 1023/1090/1079 1112/1089/1078 1116/1091/1080
f 1023/1090/1079 1116/1091/1080 1022/1092/1081
f 1022/1092/1081 1116/1091/1080 1120/1093/1082
f 1022/1092/1081 1120/1093/1082 1021/1094/1083
f 1021/1094/1083 1120/1093/1082 1124/1095/1084
f 1021/1094/1083 1124/1095/1084 1020/1096/1085
f 1020/1096/1085 1124/1095/1084 1128/1097/1086
f 1020/1096/1085 1128/1097/1086 1019/1098/1087
f 1019/1098/1087 1128/1097/1086 1132/1099/1088
f 1019/1098/1087 1132/1099/1088 1018/1100/1089
f 1018/1100/1089 1132/1099/1088 1136/1101/1090
f 1018/1100/1089 1136/1101/1090 1017/1102/1091
f 1017/1102/1091 1136/1101/1090 1140/1103/1092
f 1017/1102/1091 1140/1103/1092 1016/1104/1093
f 1016/1104/1093 1140/1103/1092 1144/1105/1094
f 1016/1104/1093 1144/1105/1094 1015/1106/1095
f 1015/1106/1095 1144/1105/1094 1148/1107/1096
f 1015/1106/1095 1148/1107/1096 1014/1108/1097
f 1014/1108/1097 1148/1107/1096 1152/1109/1098
f 1014/1108/1097 1152/1109/1098 1013/1110/1099
f 1013/1110/1099 1152/1109/1098 1156/1111/1100
f 1013/1110/1099 1156/1111/1100 1012/1112/1101
f 1012/1112/1101 1156/1111/1100 1160/1113/1102
f 1012/1112/1101 1160/1113/1102 1011/1114/1103
f 1011/1114/1103 1160/1113/1102 1164/1115/1104
f 1011/1114/1103 1164/1115/1104 1010/1116/1105
f 1010/1116/1105 1164/1115/1104 1168/1117/1106
f 1010/1116/1105 1168/1117/1106 1009/1118/1107
f 1009/1118/1107 1168/1117/1106 1172/1119/1108
f 1009/1118/1107 1172/1119/1108 1008/1120/1109
f 1008/1120/1109 1172/1119/1108 1176/1121/1110
f 1008/1120/1109 1176/1121/1110 1007/1122/1111
f 1007/1122/1111 1176/1121/1110 1180/1123/1112
f 1007/1122/1111 1180/1123/1112 1006/1124/1113
f 1006/1124/1113 1180/1123/1112 1184/1125/1114
f 1006/1124/1113 1184/1125/1114 1005/1126/1115
f 1005/1126/1115 1184/1125/1114 1188/1127/1116
f 1005/1126/1115 1188/1127/1116 1004/1128/1117
f 1004/1128/1117 1188/1127/1116 1192/1129/1118
f 1004/1128/1117 1192/1129/1118 1003/1130/1119
f 1003/1130/1119 1192/1129/1118 1196/1131/1120
f 1003/1130/1119 1196/1131/1120 1002/1132/1121
f 1002/1132/1121 1196/1131/1120 1200/1133/1122
f 1002/1132/1121 1200/1133/1122 1001/1134/1123
f 1001/1134/1123 1200/1133/1122 1204/1135/1124
f 1001/1134/1123 1204/1135/1124 1000/1136/1125
f 1000/1136/1125 1204/1135/1124 1208/1137/1126
f 1000/1136/1125 1208/1137/1126 999/1138/1127
f 999/1138/1127 1208/1137/1126 1212/1139/1128
f 999/1138/1127 1212/1139/1128 998/1140/1129
f 998/1140/1129 1212/1139/1128 1216/1141/1130
f 998/1140/1129 1216/1141/1130 997/1142/1131
f 997/1142/1131 1216/1141/1130 1220/1143/1132
f 997/1142/1131 1220/1143/1132 996/1144/1133
f 996/1144/1133 1220/1143/1132 1224/1145/1134
f 996/1144/1133 1224/1145/1134 995/1146/1135
f 995/1146/1135 1224/1145/1134 1228/1147/1136
f 995/1146/1135 1228/1147/1136 994/1148/1137
f 994/1148/1137 1228/1147/1136 1232/1149/1138
f 994/1148/1137 1232/1149/1138 993/1150/1139
f 993/1150/1139 1232/1149/1138 1236/1151/1140
f 993/1150/1139 1236/1151/1140 992/1152/1141
f 992/1152/1141 1236/1151/1140 1240/1153/1142
f 992/1152/1141 1240/1153/1142 991/1154/1143
f 991/1154/1143 1240/1153/1142 1244/1155/1144
f 991/1154/1143 1244/1155/1144 990/1156/1145
f 990/1156/1145 1244/1155/1144 1248/1157/1146
f 990/1156/1145 1248/1157/1146 989/1158/1147
f 989/1158/1147 1248/1157/1146 1252/1159/1148
f 989/1158/1147 1252/1159/1148 988/1160/1149
f 988/1160/1149 1252/1159/1148 1256/1161/1150
f 988/1160/1149 1256/1161/1150 987/1162/1151
f 987/1162/1151 1256/1161/1150 1260/1163/1152
f 987/1162/1151 1260/1163/1152 986/1164/1153
f 986/1164/1153 1260/1163/1152 1264/1165/1154
f 986/1164/1153 1264/1165/1154 985/1166/1155
f 985/1166/1155 1264/1165/1154 1268/1167/1156
f 985/1166/1155 1268/1167/1156 984/1168/1157
f 984/1168/1157 1268/1167/1156 1272/1169/1158
f 984/1168/1157 1272/1169/1158 983/1170/1159
f 983/1170/1159 1272/1169/1158 1276/1171/1160
f 983/1170/1159 1276/1171/1160 982/1172/1161
f 982/1172/1161 1276/1171/1160 1280/1173/1162
f 982/1172/1161 1280/1173/1162 981/1174/1163
f 981/1174/1163 1280/1173/1162 1284/1175/1164
f 981/1174/1163 1284/1175/1164 980/1176/1165
f 980/1176/1165 1284/1175/1164 1288/1177/1166
f 980/1176/1165 1288/1177/1166 979/1178/1167
f 979/1178/1167 1288/1177/1166 1292/1179/1168
f 979/1178/1167 1292/1179/1168 978/1180/1169
f 978/1180/1169 1292/1179/1168 1296/1181/1170
f 978/1180/1169 1296/1181/1170 977/1182/1171
f 977/1182/1171 1296/1181/1170 1300/1183/1172
f 977/1182/1171 1300/1183/1172 976/1184/1173
f 976/1184/1173 1300/1183/1172 1304/1185/1174
f 976/1184/1173 1304/1185/1174 975/1186/1175
f 975/1186/1175 1304/1185/1174 1308/1187/1176
f 975/1186/1175 1308/1187/1176 974/1188/1177
f 974/1188/1177 1308/1187/1176 1312/1189/1178
f 974/1188/1177 1312/1189/1178 973/1190/1179
f 973/1190/1179 1312/1189/1178 1316/1191/1180
f 973/1190/1179 1316/1191/1180 972/1192/1181
f 972/1192/1181 1316/1191/1180 1320/1193/1182
f 972/1192/1181 1320/1193/1182 971/1194/1183
f 971/1194/1183 1320/1193/1182 1324/1195/1184
f 971/1194/1183 1324/1195/1184 970/1196/1185
f 970/1196/1185 1324/1195/1184 1328/1197/1186
f 970/1196/1185 1328/1197/1186 969/1198/1187
f 969/1198/1187 1328/1197/1186 1332/1199/1188
f 969/1198/1187 1332/1199/1188 968/1200/1189
f 968/1200/1189 1332/1199/1188 1336/1201/1190
f 968/1200/1189 1336/1201/1190 967/1202/1191
f 967/1202/1191 1336/1201/1190 1340/1203/1192
f 967/1202/1191 1340/1203/1192 966/1204/1193
f 966/1204/1193 1340/1203/1192 1344/1205/1194
f 966/1204/1193 1344/1205/1194 965/1206/1195
f 965/1206/1195 1344/1205/1194 1348/1207/1196
f 965/1206/1195 1348/1207/1196 964/1208/1197
f 964/1208/1197 1348/1207/1196 1352/1209/1198
f 964/1208/1197 1352/1209/1198 963/1210/1199
f 963/1210/1199 1352/1209/1198 1356/1211/1200
f 963/1210/1199 1356/1211/1200 962/1212/1201
f 962/1212/1201 1356/1211/1200 1360/1213/1202
f 962/1212/1201 1360/1213/1202 961/1214/1203
f 961/1214/1203 1360/1213/1202 1364/1215/1204
f 961/1214/1203 1364/1215/1204 960/1216/1205
f 960/1216/1205 1364/1215/1204 1368/1217/1206
f 960/1216/1205 1368/1217/1206 959/1218/1207
f 959/1218/1207 1368/1217/1206 1372/1219/1208
f 959/1218/1207 1372/1219/1208 958/1220/1209
f 958/1220/1209 1372/1219/1208 1376/1221/1210
f 958/1220/1209 1376/1221/1210 957/1222/1211
f 957/1222/1211 1376/1221/1210 1380/1223/1212
f 957/1222/1211 1380/1223/1212 956/1224/1213
f 956/1224/1213 1380/1223/1212 1384/1225/1214
f 956/1224/1213 1384/1225/1214 955/1226/1215
f 955/1226/1215 1384/1225/1214 1388/1227/1216
f 955/1226/1215 1388/1227/1216 954/1228/1217
f 954/1228/1217 1388/1227/1216 1392/1229/1218
f 954/1228/1217 1392/1229/1218 953/1230/1219
f 953/1230/1219 1392/1229/1218 1396/1231/1220
f 953/1230/1219 1396/1231/1220 952/1232/1221
f 952/1232/1221 1396/1231/1220 1400/1233/1222
f 952/1232/1221 1400/1233/1222 951/1234/1223
f 951/1234/1223 1400/1233/1222 1404/1235/1224
f 951/1234/1223 1404/1235/1224 950/1236/1225
f 950/1236/1225 1404/1235/1224 1408/1237/1226
f 950/1236/1225 1408/1237/1226 949/1238/1227
f 949/1238/1227 1408/1237/1226 1412/1239/1228
f 949/1238/1227 1412/1239/1228 948/1240/1229
f 948/1240/1229 1412/1239/1228 1416/1241/1230
f 948/1240/1229 1416/1241/1230 947/1242/1231
f 947/1242/1231 1416/1241/1230 1420/1243/1232
f 947/1242/1231 1420/1243/1232 946/1244/1233
f 946/1244/1233 1420/1243/1232 1424/1245/1234
f 946/1244/1233 1424/1245/1234 945/1246/1235
f 945/1246/1235 1424/1245/1234 1428/1247/1236
f 945/1246/1235 1428/1247/1236 944/1248/1237
f 944/1248/1237 1428/1247/1236 1432/1249/1238
f 944/1248/1237 1432/1249/1238 943/1250/1239
f 943/1250/1239 1432/1249/1238 1436/1251/1240
f 943/1250/1239 1436/1251/1240 942/1252/1241
f 942/1252/1241 1436/1251/1240 1440/1253/1242
f 942/1252/1241 1440/1253/1242 941/1254/1243
f 941/1254/1243 1440/1253/1242 1444/1255/1244
f 941/1254/1243 1444/1255/1244 940/1256/1245
f 940/1256/1245 1444/1255/1244 1448/1257/1246
f 940/1256/1245 1448/1257/1246 939/1258/1247
f 939/1258/1247 1448/1257/1246 1452/1259/1248
f 939/1258/1247 1452/1259/1248 938/1260/1249
f 938/1260/1249 1452/1259/1248 1456/1261/1250
f 938/1260/1249 1456/1261/1250 937/1262/1251
f 937/1262/1251 1456/1261/1250 1460/1263/1252
f 937/1262/1251 1460/1263/1252 936/1264/1253
f 936/1264/1253 1460/1263/1252 1464/1265/1254
f 936/1264/1253 1464/1265/1254 935/1266/1255
f 935/1266/1255 1464/1265/1254 1468/1267/1256
f 935/1266/1255 1468/1267/1256 934/1268/1257
f 934/1268/1257 1468/1267/1256 1472/1269/1258
f 934/1268/1257 1472/1269/1258 933/1270/1259
f 933/1270/1259 1472/1269/1258 1476/1271/1260
f 933/1270/1259 1476/1271/1260 932/1272/1261
f 932/1272/1261 1476/1271/1260 1480/1273/1262
f 932/1272/1261 1480/1273/1262 931/1274/1263
f 931/1274/1263 1480/1273/1262 1484/1275/1264
f 931/1274/1263 1484/1275/1264 930/1276/1265
f 930/1276/1265 1484/1275/1264 1488/1277/1266
f 930/1276/1265 1488/1277/1266 929/1278/1267
f 929/1278/1267 1488/1277/1266 1492/1279/1268
f 929/1278/1267 1492/1279/1268 928/1280/1269
f 928/1280/1269 1492/1279/1268 1496/1281/1270
f 928/1280/1269 1496/1281/1270 927/1282/1271
f 927/1282/1271 1496/1281/1270 1500/1283/1272
f 927/1282/1271 1500/1283/1272 926/1284/1273
f 926/1284/1273 1500/1283/1272 1504/1285/1274
f 926/1284/1273 1504/1285/1274 925/1286/1275
f 925/1286/1275 1504/1285/1274 1508/1287/1276
f 925/1286/1275 1508/1287/1276 924/1288/1277
f 924/1288/1277 1508/1287/1276 1512/1289/1278
f 924/1288/1277 1512/1289/1278 923/1290/1279
f 923/1290/1279 1512/1289/1278 1516/1291/1280
f 923/1290/1279 1516/1291/1280 922/1292/1281
f 922/1292/1281 1516/1291/1280 1520/1293/1282
f 922/1292/1281 1520/1293/1282 921/1294/1283
f 921/1294/1283 1520/1293/1282 1524/1295/1284
f 921/1294/1283 1524/1295/1284 920/1296/1285
f 920/1296/1285 1524/1295/1284 1528/1297/1286
f 920/1296/1285 1528/1297/1286 919/1298/1287
f 919/1298/1287 1528/1297/1286 1532/1299/1288
f 919/1298/1287 1532/1299/1288 918/1300/1289
f 918/1300/1289 1532/1299/1288 1536/1301/1290
f 918/1300/1289 1536/1301/1290 917/1302/1291
f 917/1302/1291 1536/1301/1290 1540/1303/1292
f 917/1302/1291 1540/1303/1292 916/1304/1293
f 916/1304/1293 1540/1303/1292 1544/1305/1294
f 916/1304/1293 1544/1305/1294 915/1306/1295
f 915/1306/1295 1544/1305/1294 1548/1307/1296
f 915/1306/1295 1548/1307/1296 914/1308/1297
f 914/1308/1297 1548/1307/1296 1552/1309/1298
f 914/1308/1297 1552/1309/1298 913/1310/1299
f 913/1310/1299 1552/1309/1298 1556/1311/1300
f 913/1310/1299 1556/1311/1300 912/1312/1301
f 912/1312/1301 1556/1311/1300 1560/1313/1302
f 912/1312/1301 1560/1313/1302 911/1314/1303
f 911/1314/1303 1560/1313/1302 1564/1315/1304
f 911/1314/1303 1564/1315/1304 910/1316/1305
f 910/1316/1305 1564/1315/1304 1568/1317/1306
f 910/1316/1305 1568/1317/1306 909/1318/1307
f 909/1318/1307 1568/1317/1306 1572/1319/1308
f 909/1318/1307 1572/1319/1308 908/1320/1309
f 908/1320/1309 1572/1319/1308 1576/1321/1310
f 908/1320/1309 1576/1321/1310 907/1050/1041
f 907/1050/1041 1576/1321/1310 1580/1051/1042
f 1041/783/774 1042/1322/1311 1577/785/776
f 1577/785/776 1042/1322/1311 1578/1323/1312
f 1577/785/776 1578/1323/1312 1573/787/778
f 1573/787/778 1578/1323/1312 1574/1324/1313
f 1573/787/778 1574/1324/1313 1569/789/780
f 1569/789/780 1574/1324/1313 1570/1325/1314
f 1569/789/780 1570/1325/1314 1565/791/782
f 1565/791/782 1570/1325/1314 1566/1326/1315
f 1565/791/782 1566/1326/1315 1561/793/784
f 1561/793/784 1566/1326/1315 1562/1327/1316
f 1561/793/784 1562/1327/1316 1557/795/786
f 1557/795/786 1562/1327/1316 1558/1328/1317
f 1557/795/786 1558/1328/1317 1553/797/788
f 1553/797/788 1558/1328/1317 1554/1329/1318
f 1553/797/788 1554/1329/1318 1549/799/790
f 1549/799/790 1554/1329/1318 1550/1330/1319
f 1549/799/790 1550/1330/1319 1545/801/792
f 1545/801/792 1550/1330/1319 1546/1331/1320
f 1545/801/792 1546/1331/1320 1541/803/794
f 1541/803/794 1546/1331/1320 1542/1332/1321
f 1541/803/794 1542/1332/1321 1537/805/796
f 1537/805/796 1542/1332/1321 1538/1333/1322
f 1537/805/796 1538/1333/1322 1533/807/798
f 1533/807/798 1538/1333/1322 1534/1334/1323
f 1533/807/798 1534/1334/1323 1529/809/800
f 1529/809/800 1534/1334/1323 1530/1335/1324
f 1529/809/800 1530/1335/1324 1525/811/802
f 1525/811/802 1530/1335/1324 1526/1336/1325
f 1525/811/802 1526/1336/1325 1521/813/804
f 1521/813/804 1526/1336/1325 1522/1337/1326
f 1521/813/804 1522/1337/1326 1517/815/806
f 1517/815/806 1522/1337/1326 1518/1338/1327
f 1517/815/806 1518/1338/1327 1513/817/808
f 1513/817/808 1518/1338/1327 1514/1339/1328
f 1513/817/808 1514/1339/1328 1509/819/810
f 1509/819/810 1514/1339/1328 1510/1340/1329
f 1509/819/810 1510/1340/1329 1505/821/812
f 1505/821/812 1510/1340/1329 1506/1341/1330
f 1505/821/812 1506/1341/1330 1501/823/814
f 1501/823/814 1506/1341/1330 1502/1342/1331
f 1501/823/814 1502/1342/1331 1497/825/816
f 1497/825/816 1502/1342/1331 1498/1343/1332
f 1497/825/816 1498/1343/1332 1493/827/818
f 1493/827/818 1498/1343/1332 1494/1344/1333
f 1493/827/818 1494/1344/1333 1489/829/820
f 1489/829/820 1494/1344/1333 1490/1345/1334
f 1489/829/820 1490/1345/1334 1485/831/822
f 1485/831/822 1490/1345/1334 1486/1346/1335
f 1485/831/822 1486/1346/1335 1481/833/824
f 1481/833/824 1486/1346/1335 1482/1347/1336
f 1481/833/824 1482/1347/1336 1477/835/826
f 1477/835/826 1482/1347/1336 1478/1348/1337
f 1477/835/826 1478/1348/1337 1473/837/828
f 1473/837/828 1478/1348/1337 1474/1349/1338
f 1473/837/828 1474/1349/1338 1469/839/830
f 1469/839/830 1474/1349/1338 1470/1350/1339
f 1469/839/830 1470/1350/1339 1465/841/832
f 1465/841/832 1470/1350/1339 1466/1351/1340
f 1465/841/832 1466/1351/1340 1461/843/834
f 1461/843/834 1466/1351/1340 1462/1352/1341
f 1461/843/834 1462/1352/1341 1457/845/836
f 1457/845/836 1462/1352/1341 1458/1353/1342
f 1457/845/836 1458/1353/1342 1453/847/838
f 1453/847/838 1458/1353/1342 1454/1354/1343
f 1453/847/838 1454/1354/1343 1449/849/840
f 1449/849/840 1454/1354/1343 1450/1355/1344
f 1449/849/840 1450/1355/1344 1445/851/842
f 1445/851/842 1450/1355/1344 1446/1356/1345
f 1445/851/842 1446/1356/1345 1441/853/844
f 1441/853/844 1446/1356/1345 1442/1357/1346
f 1441/853/844 1442/1357/1346 1437/855/846
f 1437/855/846 1442/1357/1346 1438/1358/1347
f 1437/855/846 1438/1358/1347 1433/857/848
f 1433/857/848 1438/1358/1347 1434/1359/1348
f 1433/857/848 1434/1359/1348 1429/859/850
f 1429/859/850 1434/1359/1348 1430/1360/1349
f 1429/859/850 1430/1360/1349 1425/861/852
f 1425/861/852 1430/1360/1349 1426/1361/1350
f 1425/861/852 1426/1361/1350 1421/863/854
f 1421/863/854 1426/1361/1350 1422/1362/1351
f 1421/863/854 1422/1362/1351 1417/865/856
f 1417/865/856 1422/1362/1351 1418/1363/1352
f 1417/865/856 1418/1363/1352 1413/867/858
f 1413/867/858 1418/1363/1352 1414/1364/1353
f 1413/867/858 1414/1364/1353 1409/869/860
f 1409/869/860 1414/1364/1353 1410/1365/1354
f 1409/869/860 1410/1365/1354 1405/871/862
f 1405/871/862 1410/1365/1354 1406/1366/1355
f 1405/871/862 1406/1366/1355 1401/873/864
f 1401/873/864 1406/1366/1355 1402/1367/1356
f 1401/873/864 1402/1367/1356 1397/875/866
f 1397/875/866 1402/1367/1356 1398/1368/1357
f 1397/875/866 1398/1368/1357 1393/877/868
f 1393/877/868 1398/1368/1357 1394/1369/1358
f 1393/877/868 1394/1369/1358 1389/879/870
f 1389/879/870 1394/1369/1358 1390/1370/1359
f 1389/879/870 1390/1370/1359 1385/881/872
f 1385/881/872 1390/1370/1359 1386/1371/1360
f 1385/881/872 1386/1371/1360 1381/883/874
f 1381/883/874 1386/1371/1360 1382/1372/1361
f 1381/883/874 1382/1372/1361 1377/885/876
f 1377/885/876 1382/1372/1361 1378/1373/1362
f 1377/885/876 1378/1373/1362 1373/887/878
f 1373/887/878 1378/1373/1362 1374/1374/1363
f 1373/887/878 1374/1374/1363 1369/889/880
f 1369/889/880 1374/1374/1363 1370/1375/1364
f 1369/889/880 1370/1375/1364 1365/891/882
f 1365/891/882 1370/1375/1364 1366/1376/1365
f 1365/891/882 1366/1376/1365 1361/893/884
f 1361/893/884 1366/1376/1365 1362/1377/1366
f 1361/893/884 1362/1377/1366 1357/895/886
f 1357/895/886 1362/1377/1366 1358/1378/1367
f 1357/895/886 1358/1378/1367 1353/897/888
f 1353/897/888 1358/1378/1367 1354/1379/1368
f 1353/897/888 1354/1379/1368 1349/899/890
f 1349/899/890 1354/1379/1368 1350/1380/1369
f 1349/899/890 1350/1380/1369 1345/901/892
f 1345/901/892 1350/1380/1369 1346/1381/1370
f 1345/901/892 1346/1381/1370 1341/903/894
f 1341/903/894 1346/1381/1370 1342/1382/1371
f 1341/903/894 1342/1382/1371 1337/905/896
f 1337/905/896 1342/1382/1371 1338/1383/1372
f 1337/905/896 1338/1383/1372 1333/907/898
f 1333/907/898 1338/1383/1372 1334/1384/1373
f 1333/907/898 1334/1384/1373 1329/909/900
f 1329/909/900 1334/1384/1373 1330/1385/1374
f 1329/909/900 1330/1385/1374 1325/911/902
f 1325/911/902 1330/1385/1374 1326/1386/1375
f 1325/911/902 1326/1386/1375 1321/913/904
f 1321/913/904 1326/1386/1375 1322/1387/1376
f 1321/913/904 1322/1387/1376 1317/915/906
f 1317/915/906 1322/1387/1376 1318/1388/1377
f 1317/915/906 1318/1388/1377 1313/917/908
f 1313/917/908 1318/1388/1377 1314/1389/1378
f 1313/917/908 1314/1389/1378 1309/919/910
f 1309/919/910 1314/1389/1378 1310/1390/1379
f 1309/919/910 1310/1390/1379 1305/921/912
f 1305/921/912 1310/1390/1379 1306/1391/1380
f 1305/921/912 1306/1391/1380 1301/923/914
f 1301/923/914 1306/1391/1380 1302/1392/1381
f 1301/923/914 1302/1392/1381 1297/925/916
f 1297/925/916 1302/1392/1381 1298/1393/1382
f 1297/925/916 1298/1393/1382 1293/927/918
f 1293/927/918 1298/1393/1382 1294/1394/1383
f 1293/927/918 1294/1394/1383 1289/929/920
f 1289/929/920 1294/1394/1383 1290/1395/1384
f 1289/929/920 1290/1395/1384 1285/931/922
f 1285/931/922 1290/1395/1384 1286/1396/1385
f 1285/931/922 1286/1396/1385 1281/933/924
f 1281/933/924 1286/1396/1385 1282/1397/1386
f 1281/933/924 1282/1397/1386 1277/935/926
f 1277/935/926 1282/1397/1386 1278/1398/1387
f 1277/935/926 1278/1398/1387 1273/937/928
f 1273/937/928 1278/1398/1387 1274/1399/1388
f 1273/937/928 1274/1399/1388 1269/939/930
f 1269/939/930 1274/1399/1388 1270/1400/1389
f 1269/939/930 1270/1400/1389 1265/941/932
f 1265/941/932 1270/1400/1389 1266/1401/1390
f 1265/941/932 1266/1401/1390 1261/943/934
f 1261/943/934 1266/1401/1390 1262/1402/1391
f 1261/943/934 1262/1402/1391 1257/945/936
f 1257/945/936 1262/1402/1391 1258/1403/1392
f 1257/945/936 1258/1403/1392 1253/947/938
f 1253/947/938 1258/1403/1392 1254/1404/1393
f 1253/947/938 1254/1404/1393 1249/949/940
f 1249/949/940 1254/1404/1393 1250/1405/1394
f 1249/949/940 1250/1405/1394 1245/951/942
f 1245/951/942 1250/1405/1394 1246/1406/1395
f 1245/951/942 1246/1406/1395 1241/953/944
f 1241/953/944 1246/1406/1395 1242/1407/1396
f 1241/953/944 1242/1407/1396 1237/955/946
f 1237/955/946 1242/1407/1396 1238/1408/1397
f 1237/955/946 1238/1408/1397 1233/957/948
f 1233/957/948 1238/1408/1397 1234/1409/1398
f 1233/957/948 1234/1409/1398 1229/959/950
f 1229/959/950 1234/1409/1398 1230/1410/1399
f 1229/959/950 1230/1410/1399 1225/961/952
f 1225/961/952 1230/1410/1399 1226/1411/1400
f 1225/961/952 1226/1411/1400 1221/963/954
f 1221/963/954 1226/1411/1400 1222/1412/1401
f 1221/963/954 1222/1412/1401 1217/965/956
f 1217/965/956 1222/1412/1401 1218/1413/1402
f 1217/965/956 1218/1413/1402 1213/967/958
f 1213/967/958 1218/1413/1402 1214/1414/1403
f 1213/967/958 1214/1414/1403 1209/969/960
f 1209/969/960 1214/1414/1403 1210/1415/1404
f 1209/969/960 1210/1415/1404 1205/971/962
f 1205/971/962 1210/1415/1404 1206/1416/1405
f 1205/971/962 1206/1416/1405 1201/973/964
f 1201/973/964 1206/1416/1405 1202/1417/1406
f 1201/973/964 1202/1417/1406 1197/975/966
f 1197/975/966 1202/1417/1406 1198/1418/1407
f 1197/975/966 1198/1418/1407 1193/977/968
f 1193/977/968 1198/1418/1407 1194/1419/1408
f 1193/977/968 1194/1419/1408 1189/979/970
f 1189/979/970 1194/1419/1408 1190/1420/1409
f 1189/979/970 1190/1420/1409 1185/981/972
f 1185/981/972 1190/1420/1409 1186/1421/1410
f 1185/981/972 1186/1421/1410 1181/983/974
f 1181/983/974 1186/1421/1410 1182/1422/1411
f 1181/983/974 1182/1422/1411 1177/985/976
f 1177/985/976 1182/1422/1411 1178/1423/1412
f 1177/985/976 1178/1423/1412 1173/987/978
f 1173/987/978 1178/1423/1412 1174/1424/1413
f 1173/987/978 1174/1424/1413 1169/989/980
f 1169/989/980 1174/1424/1413 1170/1425/1414
f 1169/989/980 1170/1425/1414 1165/991/982
f 1165/991/982 1170/1425/1414 1166/1426/1415
f 1165/991/982 1166/1426/1415 1161/993/984
f 1161/993/984 1166/1426/1415 1162/1427/1416
f 1161/993/984 1162/1427/1416 1157/995/986
f 1157/995/986 1162/1427/1416 1158/1428/1417
f 1157/995/986 1158/1428/1417 1153/997/988
f 1153/997/988 1158/1428/1417 1154/1429/1418
f 1153/997/988 1154/1429/1418 1149/999/990
f 1149/999/990 1154/1429/1418 1150/1430/1419
f 1149/999/990 1150/1430/1419 1145/1001/992
f 1145/1001/992 1150/1430/1419 1146/1431/1420
f 1145/1001/992 1146/1431/1420 1141/1003/994
f 1141/1003/994 1146/1431/1420 1142/1432/1421
f 1141/1003/994 1142/1432/1421 1137/1005/996
f 1137/1005/996 1142/1432/1421 1138/1433/1422
f 1137/1005/996 1138/1433/1422 1133/1007/998
f 1133/1007/998 1138/1433/1422 1134/1434/1423
f 1133/1007/998 1134/1434/1423 1129/1009/1000
f 1129/1009/1000 1134/1434/1423 1130/1435/1424
f 1129/1009/1000 1130/1435/1424 1125/1011/1002
f 1125/1011/1002 1130/1435/1424 1126/1436/1425
f 1125/1011/1002 1126/1436/1425 1121/1013/1004
f 1121/1013/1004 1126/1436/1425 1122/1437/1426
f 1121/1013/1004 1122/1437/1426 1117/1015/1006
f 1117/1015/1006 1122/1437/1426 1118/1438/1427
f 1117/1015/1006 1118/1438/1427 1113/1017/1008
f 1113/1017/1008 1118/1438/1427 1114/1439/1428
f 1113/1017/1008 1114/1439/1428 1109/1019/1010
f 1109/1019/1010 1114/1439/1428 1110/1440/1429
f 1109/1019/1010 1110/1440/1429 1105/1021/1012
f 1105/1021/1012 1110/1440/1429 1106/1441/1430
f 1105/1021/1012 1106/1441/1430 1101/1023/1014
f 1101/1023/1014 1106/1441/1430 1102/1442/1431
f 1101/1023/1014 1102/1442/1431 1097/1025/1016
f 1097/1025/1016 1102/1442/1431 1098/1443/1432
f 1097/1025/1016 1098/1443/1432 1093/1027/1018
f 1093/1027/1018 1098/1443/1432 1094/1444/1433
f 1093/1027/1018 1094/1444/1433 1089/1029/1020
f 1089/1029/1020 1094/1444/1433 1090/1445/1434
f 1089/1029/1020 1090/1445/1434 1085/1031/1022
f 1085/1031/1022 1090/1445/1434 1086/1446/1435
f 1085/1031/1022 1086/1446/1435 1081/1033/1024
f 1081/1033/1024 1086/1446/1435 1082/1447/1436
f 1081/1033/1024 1082/1447/1436 1077/1035/1026
f 1077/1035/1026 1082/1447/1436 1078/1448/1437
f 1077/1035/1026 1078/1448/1437 1073/1037/1028
f 1073/1037/1028 1078/1448/1437 1074/1449/1438
f 1073/1037/1028 1074/1449/1438 1069/1039/1030
f 1069/1039/1030 1074/1449/1438 1070/1450/1439
f 1069/1039/1030 1070/1450/1439 1065/1041/1032
f 1065/1041/1032 1070/1450/1439 1066/1451/1440
f 1065/1041/1032 1066/1451/1440 1061/1043/1034
f 1061/1043/1034 1066/1451/1440 1062/1452/1441
f 1061/1043/1034 1062/1452/1441 1057/1045/1036
f 1057/1045/1036 1062/1452/1441 1058/1453/1442
f 1057/1045/1036 1058/1453/1442 1053/1047/1038
f 1053/1047/1038 1058/1453/1442 1054/1454/1443
f 1053/1047/1038 1054/1454/1443 1049/1049/1040
f 1049/1049/1040 1054/1454/1443 1050/1455/1444
f 1049/1049/1040 1050/1455/1444 1045/779/772
f 1045/779/772 1050/1455/1444 1046/1456/1445
f 1045/779/772 1046/1456/1445 1041/781/774
f 1041/781/774 1046/1456/1445 1042/1457/1311
f 1042/1322/1311 1043/1458/1446 1578/1323/1312
f 1578/1323/1312 1043/1458/1446 1579/1459/1447
f 1578/1323/1312 1579/1459/1447 1574/1324/1313
f 1574/1324/1313 1579/1459/1447 1575/1460/1448
f 1574/1324/1313 1575/1460/1448 1570/1325/1314
f 1570/1325/1314 1575/1460/1448 1571/1461/1449
f 1570/1325/1314 1571/1461/1449 1566/1326/1315
f 1566/1326/1315 1571/1461/1449 1567/1462/1450
f 1566/1326/1315 1567/1462/1450 1562/1327/1316
f 1562/1327/1316 1567/1462/1450 1563/1463/1451
f 1562/1327/1316 1563/1463/1451 1558/1328/1317
f 1558/1328/1317 1563/1463/1451 1559/1464/1452
f 1558/1328/1317 1559/1464/1452 1554/1329/1318
f 1554/1329/1318 1559/1464/1452 1555/1465/1453
f 1554/1329/1318 1555/1465/1453 1550/1330/1319
f 1550/1330/1319 1555/1465/1453 1551/1466/1454
f 1550/1330/1319 1551/1466/1454 1546/1331/1320
f 1546/1331/1320 1551/1466/1454 1547/1467/1455
f 1546/1331/1320 1547/1467/1455 1542/1332/1321
f 1542/1332/1321 1547/1467/1455 1543/1468/1456
f 1542/1332/1321 1543/1468/1456 1538/1333/1322
f 1538/1333/1322 1543/1468/1456 1539/1469/1457
f 1538/1333/1322 1539/1469/1457 1534/1334/1323
f 1534/1334/1323 1539/1469/1457 1535/1470/1458
f 1534/1334/1323 1535/1470/1458 1530/1335/1324
f 1530/1335/1324 1535/1470/1458 1531/1471/1459
f 1530/1335/1324 1531/1471/1459 1526/1336/1325
f 1526/1336/1325 1531/1471/1459 1527/1472/1460
f 1526/1336/1325 1527/1472/1460 1522/1337/1326
f 1522/1337/1326 1527/1472/1460 1523/1473/1461
f 1522/1337/1326 1523/1473/1461 1518/1338/1327
f 1518/1338/1327 1523/1473/1461 1519/1474/1462
f 1518/1338/1327 1519/1474/1462 1514/1339/1328
f 1514/1339/1328 1519/1474/1462 1515/1475/1463
f 1514/1339/1328 1515/1475/1463 1510/1340/1329
f 1510/1340/1329 1515/1475/1463 1511/1476/1464
f 1510/1340/1329 1511/1476/1464 1506/1341/1330
f 1506/1341/1330 1511/1476/1464 1507/1477/1465
f 1506/1341/1330 1507/1477/1465 1502/1342/1331
f 1502/1342/1331 1507/1477/1465 1503/1478/1466
f 1502/1342/1331 1503/1478/1466 1498/1343/1332
f 1498/1343/1332 1503/1478/1466 1499/1479/1467
f 1498/1343/1332 1499/1479/1467 1494/1344/1333
f 1494/1344/1333 1499/1479/1467 1495/1480/1468
f 1494/1344/1333 1495/1480/1468 1490/1345/1334
f 1490/1345/1334 1495/1480/1468 1491/1481/1469
f 1490/1345/1334 1491/1481/1469 1486/1346/1335
f 1486/1346/1335 1491/1481/1469 1487/1482/1470
f 1486/1346/1335 1487/1482/1470 1482/1347/1336
f 1482/1347/1336 1487/1482/1470 1483/1483/1471
f 1482/1347/1336 1483/1483/1471 1478/1348/1337
f 1478/1348/1337 1483/1483/1471 1479/1484/1472
f 1478/1348/1337 1479/1484/1472 1474/1349/1338
f 1474/1349/1338 1479/1484/1472 1475/1485/1473
f 1474/1349/1338 1475/1485/1473 1470/1350/1339
f 1470/1350/1339 1475/1485/1473 1471/1486/1474
f 1470/1350/1339 1471/1486/1474 1466/1351/1340
f 1466/1351/1340 1471/1486/1474 1467/1487/1475
f 1466/1351/1340 1467/1487/1475 1462/1352/1341
f 1462/1352/1341 1467/1487/1475 1463/1488/1476
f 1462/1352/1341 1463/1488/1476 1458/1353/1342
f 1458/1353/1342 1463/1488/1476 1459/1489/1477
f 1458/1353/1342 1459/1489/1477 1454/1354/1343
f 1454/1354/1343 1459/1489/1477 1455/1490/1478
f 1454/1354/1343 1455/1490/1478 1450/1355/1344
f 1450/1355/1344 1455/1490/1478 1451/1491/1479
f 1450/1355/1344 1451/1491/1479 1446/1356/1345
f 1446/1356/1345 1451/1491/1479 1447/1492/1480
f 1446/1356/1345 1447/1492/1480 1442/1357/1346
f 1442/1357/1346 1447/1492/1480 1443/1493/1481
f 1442/1357/1346 1443/1493/1481 1438/1358/1347
f 1438/1358/1347 1443/1493/1481 1439/1494/1482
f 1438/1358/1347 1439/1494/1482 1434/1359/1348
f 1434/1359/1348 1439/1494/1482 1435/1495/1483
f 1434/1359/1348 1435/1495/1483 1430/1360/1349
f 1430/1360/1349 1435/1495/1483 1431/1496/1484
f 1430/1360/1349 1431/1496/1484 1426/1361/1350
f 1426/1361/1350 1431/1496/1484 1427/1497/1485
f 1426/1361/1350 1427/1497/1485 1422/1362/1351
f 1422/1362/1351 1427/1497/1485 1423/1498/1486
f 1422/1362/1351 1423/1498/1486 1418/1363/1352
f 1418/1363/1352 1423/1498/1486 1419/1499/1487
f 1418/1363/1352 1419/1499/1487 1414/1364/1353
f 1414/1364/1353 1419/1499/1487 1415/1500/1488
f 1414/1364/1353 1415/1500/1488 1410/1365/1354
f 1410/1365/1354 1415/1500/1488 1411/1501/1489
f 1410/1365/1354 1411/1501/1489 1406/1366/1355
f 1406/1366/1355 1411/1501/1489 1407/1502/1490
f 1406/1366/1355 1407/1502/1490 1402/1367/1356
f 1402/1367/1356 1407/1502/1490 1403/1503/1491
f 1402/1367/1356 1403/1503/1491 1398/1368/1357
f 1398/1368/1357 1403/1503/1491 1399/1504/1492
f 1398/1368/1357 1399/1504/1492 1394/1369/1358
f 1394/1369/1358 1399/1504/1492 1395/1505/1493
f 1394/1369/1358 1395/1505/1493 1390/1370/1359
f 1390/1370/1359 1395/1505/1493 1391/1506/1494
f 1390/1370/1359 1391/1506/1494 1386/1371/1360
f 1386/1371/1360 1391/1506/1494 1387/1507/1495
f 1386/1371/1360 1387/1507/1495 1382/1372/1361
f 1382/1372/1361 1387/1507/1495 1383/1508/1496
f 1382/1372/1361 1383/1508/1496 1378/1373/1362
f 1378/1373/1362 1383/1508/1496 1379/1509/1497
f 1378/1373/1362 1379/1509/1497 1374/1374/1363
f 1374/1374/1363 1379/1509/1497 1375/1510/1498
f 1374/1374/1363 1375/1510/1498 1370/1375/1364
f 1370/1375/1364 1375/1510/1498 1371/1511/1499
f 1370/1375/1364 1371/1511/1499 1366/1376/1365
f 1366/1376/1365 1371/1511/1499 1367/1512/1500
f 1366/1376/1365 1367/1512/1500 1362/1377/1366
f 1362/1377/1366 1367/1512/1500 1363/1513/1501
f 1362/1377/1366 1363/1513/1501 1358/1378/1367
f 1358/1378/1367 1363/1513/1501 1359/1514/1502
f 1358/1378/1367 1359/1514/1502 1354/1379/1368
f 1354/1379/1368 1359/1514/1502 1355/1515/1503
f 1354/1379/1368 1355/1515/1503 1350/1380/1369
f 1350/1380/1369 1355/1515/1503 1351/1516/1504
f 1350/1380/1369 1351/1516/1504 1346/1381/1370
f 1346/1381/1370 1351/1516/1504 1347/1517/1505
f 1346/1381/1370 1347/1517/1505 1342/1382/1371
f 1342/1382/1371 1347/1517/1505 1343/1518/1506
f 1342/1382/1371 1343/1518/1506 1338/1383/1372
f 1338/1383/1372 1343/1518/1506 1339/1519/1507
f 1338/1383/1372 1339/1519/1507 1334/1384/1373
f 1334/1384/1373 1339/1519/1507 1335/1520/1508
f 1334/1384/1373 1335/1520/1508 1330/1385/1374
f 1330/1385/1374 1335/1520/1508 1331/1521/1509
f 1330/1385/1374 1331/1521/1509 1326/1386/1375
f 1326/1386/1375 1331/1521/1509 1327/1522/1510
f 1326/1386/1375 1327/1522/1510 1322/1387/1376
f 1322/1387/1376 1327/1522/1510 1323/1523/1511
f 1322/1387/1376 1323/1523/1511 1318/1388/1377
f 1318/1388/1377 1323/1523/1511 1319/1524/1512
f 1318/1388/1377 1319/1524/1512 1314/1389/1378
f 1314/1389/1378 1319/1524/1512 1315/1525/1513
f 1314/1389/1378 1315/1525/1513 1310/1390/1379
f 1310/1390/1379 1315/1525/1513 1311/1526/1514
f 1310/1390/1379 1311/1526/1514 1306/1391/1380
f 1306/1391/1380 1311/1526/1514 1307/1527/1515
f 1306/1391/1380 1307/1527/1515 1302/1392/1381
f 1302/1392/1381 1307/1527/1515 1303/1528/1516
f 1302/1392/1381 1303/1528/1516 1298/1393/1382
f 1298/1393/1382 1303/1528/1516 1299/1529/1517
f 1298/1393/1382 1299/1529/1517 1294/1394/1383
f 1294/1394/1383 1299/1529/1517 1295/1530/1518
f 1294/1394/1383 1295/1530/1518 1290/1395/1384
f 1290/1395/1384 1295/1530/1518 1291/1531/1519
f 1290/1395/1384 1291/1531/1519 1286/1396/1385
f 1286/1396/1385 1291/1531/1519 1287/1532/1520
f 1286/1396/1385 1287/1532/1520 1282/1397/1386
f 1282/1397/1386 1287/1532/1520 1283/1533/1521
f 1282/1397/1386 1283/1533/1521 1278/1398/1387
f 1278/1398/1387 1283/1533/1521 1279/1534/1522
f 1278/1398/1387 1279/1534/1522 1274/1399/1388
f 1274/1399/1388 1279/1534/1522 1275/1535/1523
f 1274/1399/1388 1275/1535/1523 1270/1400/1389
f 1270/1400/1389 1275/1535/1523 1271/1536/1524
f 1270/1400/1389 1271/1536/1524 1266/1401/1390
f 1266/1401/1390 1271/1536/1524 1267/1537/1525
f 1266/1401/1390 1267/1537/1525 1262/1402/1391
f 1262/1402/1391 1267/1537/1525 1263/1538/1526
f 1262/1402/1391 1263/1538/1526 1258/1403/1392
f 1258/1403/1392 1263/1538/1526 1259/1539/1527
f 1258/1403/1392 1259/1539/1527 1254/1404/1393
f 1254/1404/1393 1259/1539/1527 1255/1540/1528
f 1254/1404/1393 1255/1540/1528 1250/1405/1394
f 1250/1405/1394 1255/1540/1528 1251/1541/1529
f 1250/1405/1394 1251/1541/1529 1246/1406/1395
f 1246/1406/1395 1251/1541/1529 1247/1542/1530
f 1246/1406/1395 1247/1542/1530 1242/1407/1396
f 1242/1407/1396 1247/1542/1530 1243/1543/1531
f 1242/1407/1396 1243/1543/1531 1238/1408/1397
f 1238/1408/1397 1243/1543/1531 1239/1544/1532
f 1238/1408/1397 1239/1544/1532 1234/1409/1398
f 1234/1409/1398 1239/1544/1532 1235/1545/1533
f 1234/1409/1398 1235/1545/1533 1230/1410/1399
f 1230/1410/1399 1235/1545/1533 1231/1546/1534
f 1230/1410/1399 1231/1546/1534 1226/1411/1400
f 1226/1411/1400 1231/1546/1534 1227/1547/1535
f 1226/1411/1400 1227/1547/1535 1222/1412/1401
f 1222/1412/1401 1227/1547/1535 1223/1548/1536
f 1222/1412/1401 1223/1548/1536 1218/1413/1402
f 1218/1413/1402 1223/1548/1536 1219/1549/1537
f 1218/1413/1402 1219/1549/1537 1214/1414/1403
f 1214/1414/1403 1219/1549/1537 1215/1550/1538
f 1214/1414/1403 1215/1550/1538 1210/1415/1404
f 1210/1415/1404 1215/1550/1538 1211/1551/1539
f 1210/1415/1404 1211/1551/1539 1206/1416/1405
f 1206/1416/1405 1211/1551/1539 1207/1552/1540
f 1206/1416/1405 1207/1552/1540 1202/1417/1406
f 1202/1417/1406 1207/1552/1540 1203/1553/1541
f 1202/1417/1406 1203/1553/1541 1198/1418/1407
f 1198/1418/1407 1203/1553/1541 1199/1554/1542
f 1198/1418/1407 1199/1554/1542 1194/1419/1408
f 1194/1419/1408 1199/1554/1542 1195/1555/1543
f 1194/1419/1408 1195/1555/1543 1190/1420/1409
f 1190/1420/1409 1195/1555/1543 1191/1556/1544
f 1190/1420/1409 1191/1556/1544 1186/1421/1410
f 1186/1421/1410 1191/1556/1544 1187/1557/1545
f 1186/1421/1410 1187/1557/1545 1182/1422/1411
f 1182/1422/1411 1187/1557/1545 1183/1558/1546
f 1182/1422/1411 1183/1558/1546 1178/1423/1412
f 1178/1423/1412 1183/1558/1546 1179/1559/1547
f 1178/1423/1412 1179/1559/1547 1174/1424/1413
f 1174/1424/1413 1179/1559/1547 1175/1560/1548
f 1174/1424/1413 1175/1560/1548 1170/1425/1414
f 1170/1425/1414 1175/1560/1548 1171/1561/1549
f 1170/1425/1414 1171/1561/1549 1166/1426/1415
f 1166/1426/1415 1171/1561/1549 1167/1562/1550
f 1166/1426/1415 1167/1562/1550 1162/1427/1416
f 1162/1427/1416 1167/1562/1550 1163/1563/1551
f 1162/1427/1416 1163/1563/1551 1158/1428/1417
f 1158/1428/1417 1163/1563/1551 1159/1564/1552
f 1158/1428/1417 1159/1564/1552 1154/1429/1418
f 1154/1429/1418 1159/1564/1552 1155/1565/1553
f 1154/1429/1418 1155/1565/1553 1150/1430/1419
f 1150/1430/1419 1155/1565/1553 1151/1566/1554
f 1150/1430/1419 1151/1566/1554 1146/1431/1420
f 1146/1431/1420 1151/1566/1554 1147/1567/1555
f 1146/1431/1420 1147/1567/1555 1142/1432/1421
f 1142/1432/1421 1147/1567/1555 1143/1568/1556
f 1142/1432/1421 1143/1568/1556 1138/1433/1422
f 1138/1433/1422 1143/1568/1556 1139/1569/1557
f 1138/1433/1422 1139/1569/1557 1134/1434/1423
f 1134/1434/1423 1139/1569/1557 1135/1570/1558
f 1134/1434/1423 1135/1570/1558 1130/1435/1424
f 1130/1435/1424 1135/1570/1558 1131/1571/1559
f 1130/1435/1424 1131/1571/1559 1126/1436/1425
f 1126/1436/1425 1131/1571/1559 1127/1572/1560
f 1126/1436/1425 1127/1572/1560 1122/1437/1426
f 1122/1437/1426 1127/1572/1560 1123/1573/1561
f 1122/1437/1426 1123/1573/1561 1118/1438/1427
f 1118/1438/1427 1123/1573/1561 1119/1574/1562
f 1118/1438/1427 1119/1574/1562 1114/1439/1428
f 1114/1439/1428 1119/1574/1562 1115/1575/1563
f 1114/1439/1428 1115/1575/1563 1110/1440/1429
f 1110/1440/1429 1115/1575/1563 1111/1576/1564
f 1110/1440/1429 1111/1576/1564 1106/1441/1430
f 1106/1441/1430 1111/1576/1564 1107/1577/1565
f 1106/1441/1430 1107/1577/1565 1102/1442/1431
f 1102/1442/1431 1107/1577/1565 1103/1578/1566
f 1102/1442/1431 1103/1578/1566 1098/1443/1432
f 1098/1443/1432 1103/1578/1566 1099/1579/1567
f 1098/1443/1432 1099/1579/1567 1094/1444/1433
f 1094/1444/1433 1099/1579/1567 1095/1580/1568
f 1094/1444/1433 1095/1580/1568 1090/1445/1434
f 1090/1445/1434 1095/1580/1568 1091/1581/1569
f 1090/1445/1434 1091/1581/1569 1086/1446/1435
f 1086/1446/1435 1091/1581/1569 1087/1582/1570
f 1086/1446/1435 1087/1582/1570 1082/1447/1436
f 1082/1447/1436 1087/1582/1570 1083/1583/1571
f 1082/1447/1436 1083/1583/1571 1078/1448/1437
f 1078/1448/1437 1083/1583/1571 1079/1584/1572
f 1078/1448/1437 1079/1584/1572 1074/1449/1438
f 1074/1449/1438 1079/1584/1572 1075/1585/1573
f 1074/1449/1438 1075/1585/1573 1070/1450/1439
f 1070/1450/1439 1075/1585/1573 1071/1586/1574
f 1070/1450/1439 1071/1586/1574 1066/1451/1440
f 1066/1451/1440 1071/1586/1574 1067/1587/1575
f 1066/1451/1440 1067/1587/1575 1062/1452/1441
f 1062/1452/1441 1067/1587/1575 1063/1588/1576
f 1062/1452/1441 1063/1588/1576 1058/1453/1442
f 1058/1453/1442 1063/1588/1576 1059/1589/1577
f 1058/1453/1442 1059/1589/1577 1054/1454/1443
f 1054/1454/1443 1059/1589/1577 1055/1590/1578
f 1054/1454/1443 1055/1590/1578 1050/1455/1444
f 1050/1455/1444 1055/1590/1578 1051/1591/1579
f 1050/1455/1444 1051/1591/1579 1046/1456/1445
f 1046/1456/1445 1051/1591/1579 1047/1592/1580
f 1046/1456/1445 1047/1592/1580 1042/1457/1311
f 1042/1457/1311 1047/1592/1580 1043/1593/1446
f 1043/1458/1446 1044/1053/1044 1579/1459/1447
f 1579/1459/1447 1044/1053/1044 1580/1051/1042
f 1579/1459/1447 1580/1051/1042 1575/1460/1448
f 1575/1460/1448 1580/1051/1042 1576/1321/1310
f 1575/1460/1448 1576/1321/1310 1571/1461/1449
f 1571/1461/1449 1576/1321/1310 1572/1319/1308
f 1571/1461/1449 1572/1319/1308 1567/1462/1450
f 1567/1462/1450 1572/1319/1308 1568/1317/1306
f 1567/1462/1450 1568/1317/1306 1563/1463/1451
f 1563/1463/1451 1568/1317/1306 1564/1315/1304
f 1563/1463/1451 1564/1315/1304 1559/1464/1452
f 1559/1464/1452 1564/1315/1304 1560/1313/1302
f 1559/1464/1452 1560/1313/1302 1555/1465/1453
f 1555/1465/1453 1560/1313/1302 1556/1311/1300
f 1555/1465/1453 1556/1311/1300 1551/1466/1454
f 1551/1466/1454 1556/1311/1300 1552/1309/1298
f 1551/1466/1454 1552/1309/1298 1547/1467/1455
f 1547/1467/1455 1552/1309/1298 1548/1307/1296
f 1547/1467/1455 1548/1307/1296 1543/1468/1456
f 1543/1468/1456 1548/1307/1296 1544/1305/1294
f 1543/1468/1456 1544/1305/1294 1539/1469/1457
f 1539/1469/1457 1544/1305/1294 1540/1303/1292
f 1539/1469/1457 1540/1303/1292 1535/1470/1458
f 1535/1470/1458 1540/1303/1292 1536/1301/1290
f 1535/1470/1458 1536/1301/1290 1531/1471/1459
f 1531/1471/1459 1536/1301/1290 1532/1299/1288
f 1531/1471/1459 1532/1299/1288 1527/1472/1460
f 1527/1472/1460 1532/1299/1288 1528/1297/1286
f 1527/1472/1460 1528/1297/1286 1523/1473/1461
f 1523/1473/1461 1528/1297/1286 1524/1295/1284
f 1523/1473/1461 1524/1295/1284 1519/1474/1462
f 1519/1474/1462 1524/1295/1284 1520/1293/1282
f 1519/1474/1462 1520/1293/1282 1515/1475/1463
f 1515/1475/1463 1520/1293/1282 1516/1291/1280
f 1515/1475/1463 1516/1291/1280 1511/1476/1464
f 1511/1476/1464 1516/1291/1280 1512/1289/1278
f 1511/1476/1464 1512/1289/1278 1507/1477/1465
f 1507/1477/1465 1512/1289/1278 1508/1287/1276
f 1507/1477/1465 1508/1287/1276 1503/1478/1466
f 1503/1478/1466 1508/1287/1276 1504/1285/1274
f 1503/1478/1466 1504/1285/1274 1499/1479/1467
f 1499/1479/1467 1504/1285/1274 1500/1283/1272
f 1499/1479/1467 1500/1283/1272 1495/1480/1468
f 1495/1480/1468 1500/1283/1272 1496/1281/1270
f 1495/1480/1468 1496/1281/1270 1491/1481/1469
f 1491/1481/1469 1496/1281/1270 1492/1279/1268
f 1491/1481/1469 1492/1279/1268 1487/1482/1470
f 1487/1482/1470 1492/1279/1268 1488/1277/1266
f 1487/1482/1470 1488/1277/1266 1483/1483/1471
f 1483/1483/1471 1488/1277/1266 1484/1275/1264
f 1483/1483/1471 1484/1275/1264 1479/1484/1472
f 1479/1484/1472 1484/1275/1264 1480/1273/1262
f 1479/1484/1472 1480/1273/1262 1475/1485/1473
f 1475/1485/1473 1480/1273/1262 1476/1271/1260
f 1475/1485/1473 1476/1271/1260 1471/1486/1474
f 1471/1486/1474 1476/1271/1260 1472/1269/1258
f 1471/1486/1474 1472/1269/1258 1467/1487/1475
f 1467/1487/1475 1472/1269/1258 1468/1267/1256
f 1467/1487/1475 1468/1267/1256 1463/1488/1476
f 1463/1488/1476 1468/1267/1256 1464/1265/1254
f 1463/1488/1476 1464/1265/1254 1459/1489/1477
f 1459/1489/1477 1464/1265/1254 1460/1263/1252
f 1459/1489/1477 1460/1263/1252 1455/1490/1478
f 1455/1490/1478 1460/1263/1252 1456/1261/1250
f 1455/1490/1478 1456/1261/1250 1451/1491/1479
f 1451/1491/1479 1456/1261/1250 1452/1259/1248
f 1451/1491/1479 1452/1259/1248 1447/1492/1480
f 1447/1492/1480 1452/1259/1248 1448/1257/1246
f 1447/1492/1480 1448/1257/1246 1443/1493/1481
f 1443/1493/1481 1448/1257/1246 1444/1255/1244
f 1443/1493/1481 1444/1255/1244 1439/1494/1482
f 1439/1494/1482 1444/1255/1244 1440/1253/1242
f 1439/1494/1482 1440/1253/1242 1435/1495/1483
f 1435/1495/1483 1440/1253/1242 1436/1251/1240
f 1435/1495/1483 1436/1251/1240 1431/1496/1484
f 1431/1496/1484 1436/1251/1240 1432/1249/1238
f 1431/1496/1484 1432/1249/1238 1427/1497/1485
f 1427/1497/1485 1432/1249/1238 1428/1247/1236
f 1427/1497/1485 1428/1247/1236 1423/1498/1486
f 1423/1498/1486 1428/1247/1236 1424/1245/1234
f 1423/1498/1486 1424/1245/1234 1419/1499/1487
f 1419/1499/1487 1424/1245/1234 1420/1243/1232
f 1419/1499/1487 1420/1243/1232 1415/1500/1488
f 1415/1500/1488 1420/1243/1232 1416/1241/1230
f 1415/1500/1488 1416/1241/1230 1411/1501/1489
f 1411/1501/1489 1416/1241/1230 1412/1239/1228
f 1411/1501/1489 1412/1239/1228 1407/1502/1490
f 1407/1502/1490 1412/1239/1228 1408/1237/1226
f 1407/1502/1490 1408/1237/1226 1403/1503/1491
f 1403/1503/1491 1408/1237/1226 1404/1235/1224
f 1403/1503/1491 1404/1235/1224 1399/1504/1492
f 1399/1504/1492 1404/1235/1224 1400/1233/1222
f 1399/1504/1492 1400/1233/1222 1395/1505/1493
f 1395/1505/1493 1400/1233/1222 1396/1231/1220
f 1395/1505/1493 1396/1231/1220 1391/1506/1494
f 1391/1506/1494 1396/1231/1220 1392/1229/1218
f 1391/1506/1494 1392/1229/1218 1387/1507/1495
f 1387/1507/1495 1392/1229/1218 1388/1227/1216
f 1387/1507/1495 1388/1227/1216 1383/1508/1496
f 1383/1508/1496 1388/1227/1216 1384/1225/1214
f 1383/1508/1496 1384/1225/1214 1379/1509/1497
f 1379/1509/1497 1384/1225/1214 1380/1223/1212
f 1379/1509/1497 1380/1223/1212 1375/1510/1498
f 1375/1510/1498 1380/1223/1212 1376/1221/1210
f 1375/1510/1498 1376/1221/1210 1371/1511/1499
f 1371/1511/1499 1376/1221/1210 1372/1219/1208
f 1371/1511/1499 1372/1219/1208 1367/1512/1500
f 1367/1512/1500 1372/1219/1208 1368/1217/1206
f 1367/1512/1500 1368/1217/1206 1363/1513/1501
f 1363/1513/1501 1368/1217/1206 1364/1215/1204
f 1363/1513/1501 1364/1215/1204 1359/1514/1502
f 1359/1514/1502 1364/1215/1204 1360/1213/1202
f 1359/1514/1502 1360/1213/1202 1355/1515/1503
f 1355/1515/1503 1360/1213/1202 1356/1211/1200
f 1355/1515/1503 1356/1211/1200 1351/1516/1504
f 1351/1516/1504 1356/1211/1200 1352/1209/1198
f 1351/1516/1504 1352/1209/1198 1347/1517/1505
f 1347/1517/1505 1352/1209/1198 1348/1207/1196
f 1347/1517/1505 1348/1207/1196 1343/1518/1506
f 1343/1518/1506 1348/1207/1196 1344/1205/1194
f 1343/1518/1506 1344/1205/1194 1339/1519/1507
f 1339/1519/1507 1344/1205/1194 1340/1203/1192
f 1339/1519/1507 1340/1203/1192 1335/1520/1508
f 1335/1520/1508 1340/1203/1192 1336/1201/1190
f 1335/1520/1508 1336/1201/1190 1331/1521/1509
f 1331/1521/1509 1336/1201/1190 1332/1199/1188
f 1331/1521/1509 1332/1199/1188 1327/1522/1510
f 1327/1522/1510 1332/1199/1188 1328/1197/1186
f 1327/1522/1510 1328/1197/1186 1323/1523/1511
f 1323/1523/1511 1328/1197/1186 1324/1195/1184
f 1323/1523/1511 1324/1195/1184 1319/1524/1512
f 1319/1524/1512 1324/1195/1184 1320/1193/1182
f 1319/1524/1512 1320/1193/1182 1315/1525/1513
f 1315/1525/1513 1320/1193/1182 1316/1191/1180
f 1315/1525/1513 1316/1191/1180 1311/1526/1514
f 1311/1526/1514 1316/1191/1180 1312/1189/1178
f 1311/1526/1514 1312/1189/1178 1307/1527/1515
f 1307/1527/1515 1312/1189/1178 1308/1187/1176
f 1307/1527/1515 1308/1187/1176 1303/1528/1516
f 1303/1528/1516 1308/1187/1176 1304/1185/1174
f 1303/1528/1516 1304/1185/1174 1299/1529/1517
f 1299/1529/1517 1304/1185/1174 1300/1183/1172
f 1299/1529/1517 1300/1183/1172 1295/1530/1518
f 1295/1530/1518 1300/1183/1172 1296/1181/1170
f 1295/1530/1518 1296/1181/1170 1291/1531/1519
f 1291/1531/1519 1296/1181/1170 1292/1179/1168
f 1291/1531/1519 1292/1179/1168 1287/1532/1520
f 1287/1532/1520 1292/1179/1168 1288/1177/1166
f 1287/1532/1520 1288/1177/1166 1283/1533/1521
f 1283/1533/1521 1288/1177/1166 1284/1175/1164
f 1283/1533/1521 1284/1175/1164 1279/1534/1522
f 1279/1534/1522 1284/1175/1164 1280/1173/1162
f 1279/1534/1522 1280/1173/1162 1275/1535/1523
f 1275/1535/1523 1280/1173/1162 1276/1171/1160
f 1275/1535/1523 1276/1171/1160 1271/1536/1524
f 1271/1536/1524 1276/1171/1160 1272/1169/1158
f 1271/1536/1524 1272/1169/1158 1267/1537/1525
f 1267/1537/1525 1272/1169/1158 1268/1167/1156
f 1267/1537/1525 1268/1167/1156 1263/1538/1526
f 1263/1538/1526 1268/1167/1156 1264/1165/1154
f 1263/1538/1526 1264/1165/1154 1259/1539/1527
f 1259/1539/1527 1264/1165/1154 1260/1163/1152
f 1259/1539/1527 1260/1163/1152 1255/1540/1528
f 1255/1540/1528 1260/1163/1152 1256/1161/1150
f 1255/1540/1528 1256/1161/1150 1251/1541/1529
f 1251/1541/1529 1256/1161/1150 1252/1159/1148
f 1251/1541/1529 1252/1159/1148 1247/1542/1530
f 1247/1542/1530 1252/1159/1148 1248/1157/1146
f 1247/1542/1530 1248/1157/1146 1243/1543/1531
f 1243/1543/1531 1248/1157/1146 1244/1155/1144
f 1243/1543/1531 1244/1155/1144 1239/1544/1532
f 1239/1544/1532 1244/1155/1144 1240/1153/1142
f 1239/1544/1532 1240/1153/1142 1235/1545/1533
f 1235/1545/1533 1240/1153/1142 1236/1151/1140
f 1235/1545/1533 1236/1151/1140 1231/1546/1534
f 1231/1546/1534 1236/1151/1140 1232/1149/1138
f 1231/1546/1534 1232/1149/1138 1227/1547/1535
f 1227/1547/1535 1232/1149/1138 1228/1147/1136
f 1227/1547/1535 1228/1147/1136 1223/1548/1536
f 1223/1548/1536 1228/1147/1136 1224/1145/1134
f 1223/1548/1536 1224/1145/1134 1219/1549/1537
f 1219/1549/1537 1224/1145/1134 1220/1143/1132
f 1219/1549/1537 1220/1143/1132 1215/1550/1538
f 1215/1550/1538 1220/1143/1132 1216/1141/1130
f 1215/1550/1538 1216/1141/1130 1211/1551/1539
f 1211/1551/1539 1216/1141/1130 1212/1139/1128
f 1211/1551/1539 1212/1139/1128 1207/1552/1540
f 1207/1552/1540 1212/1139/1128 1208/1137/1126
f 1207/1552/1540 1208/1137/1126 1203/1553/1541
f 1203/1553/1541 1208/1137/1126 1204/1135/1124
f 1203/1553/1541 1204/1135/1124 1199/1554/1542
f 1199/1554/1542 1204/1135/1124 1200/1133/1122
f 1199/1554/1542 1200/1133/1122 1195/1555/1543
f 1195/1555/1543 1200/1133/1122 1196/1131/1120
f 1195/1555/1543 1196/1131/1120 1191/1556/1544
f 1191/1556/1544 1196/1131/1120 1192/1129/1118
f 1191/1556/1544 1192/1129/1118 1187/1557/1545
f 1187/1557/1545 1192/1129/1118 1188/1127/1116
f 1187/1557/1545 1188/1127/1116 1183/1558/1546
f 1183/1558/1546 1188/1127/1116 1184/1125/1114
f 1183/1558/1546 1184/1125/1114 1179/1559/1547
f 1179/1559/1547 1184/1125/1114 1180/1123/1112
f 1179/1559/1547 1180/1123/1112 1175/1560/1548
f 1175/1560/1548 1180/1123/1112 1176/1121/1110
f 1175/1560/1548 1176/1121/1110 1171/1561/1549
f 1171/1561/1549 1176/1121/1110 1172/1119/1108
f 1171/1561/1549 1172/1119/1108 1167/1562/1550
f 1167/1562/1550 1172/1119/1108 1168/1117/1106
f 1167/1562/1550 1168/1117/1106 1163/1563/1551
f 1163/1563/1551 1168/1117/1106 1164/1115/1104
f 1163/1563/1551 1164/1115/1104 1159/1564/1552
f 1159/1564/1552 1164/1115/1104 1160/1113/1102
f 1159/1564/1552 1160/1113/1102 1155/1565/1553
f 1155/1565/1553 1160/1113/1102 1156/1111/1100
f 1155/1565/1553 1156/1111/1100 1151/1566/1554
f 1151/1566/1554 1156/1111/1100 1152/1109/1098
f 1151/1566/1554 1152/1109/1098 1147/1567/1555
f 1147/1567/1555 1152/1109/1098 1148/1107/1096
f 1147/1567/1555 1148/1107/1096 1143/1568/1556
f 1143/1568/1556 1148/1107/1096 1144/1105/1094
f 1143/1568/1556 1144/1105/1094 1139/1569/1557
f 1139/1569/1557 1144/1105/1094 1140/1103/1092
f 1139/1569/1557 1140/1103/1092 1135/1570/1558
f 1135/1570/1558 1140/1103/1092 1136/1101/1090
f 1135/1570/1558 1136/1101/1090 1131/1571/1559
f 1131/1571/1559 1136/1101/1090 1132/1099/1088
f 1131/1571/1559 1132/1099/1088 1127/1572/1560
f 1127/1572/1560 1132/1099/1088 1128/1097/1086
f 1127/1572/1560 1128/1097/1086 1123/1573/1561
f 1123/1573/1561 1128/1097/1086 1124/1095/1084
f 1123/1573/1561 1124/1095/1084 1119/1574/1562
f 1119/1574/1562 1124/1095/1084 1120/1093/1082
f 1119/1574/1562 1120/1093/1082 1115/1575/1563
f 1115/1575/1563 1120/1093/1082 1116/1091/1080
f 1115/1575/1563 1116/1091/1080 1111/1576/1564
f 1111/1576/1564 1116/1091/1080 1112/1089/1078
f 1111/1576/1564 1112/1089/1078 1107/1577/1565
f 1107/1577/1565 1112/1089/1078 1108/1087/1076
f 1107/1577/1565 1108/1087/1076 1103/1578/1566
f 1103/1578/1566 1108/1087/1076 1104/1085/1074
f 1103/1578/1566 1104/1085/1074 1099/1579/1567
f 1099/1579/1567 1104/1085/1074 1100/1083/1072
f 1099/1579/1567 1100/1083/1072 1095/1580/1568
f 1095/1580/1568 1100/1083/1072 1096/1081/1070
f 1095/1580/1568 1096/1081/1070 1091/1581/1569
f 1091/1581/1569 1096/1081/1070 1092/1079/1068
f 1091/1581/1569 1092/1079/1068 1087/1582/1570
f 1087/1582/1570 1092/1079/1068 1088/1077/1066
f 1087/1582/1570 1088/1077/1066 1083/1583/1571
f 1083/1583/1571 1088/1077/1066 1084/1075/1064
f 1083/1583/1571 1084/1075/1064 1079/1584/1572
f 1079/1584/1572 1084/1075/1064 1080/1073/1062
f 1079/1584/1572 1080/1073/1062 1075/1585/1573
f 1075/1585/1573 1080/1073/1062 1076/1071/1060
f 1075/1585/1573 1076/1071/1060 1071/1586/1574
f 1071/1586/1574 1076/1071/1060 1072/1069/1058
f 1071/1586/1574 1072/1069/1058 1067/1587/1575
f 1067/1587/1575 1072/1069/1058 1068/1067/1056
f 1067/1587/1575 1068/1067/1056 1063/1588/1576
f 1063/1588/1576 1068/1067/1056 1064/1065/1054
f 1063/1588/1576 1064/1065/1054 1059/1589/1577
f 1059/1589/1577 1064/1065/1054 1060/1063/1052
f 1059/1589/1577 1060/1063/1052 1055/1590/1578
f 1055/1590/1578 1060/1063/1052 1056/1061/1050
f 1055/1590/1578 1056/1061/1050 1051/1591/1579
f 1051/1591/1579 1056/1061/1050 1052/1059/1048
f 1051/1591/1579 1052/1059/1048 1047/1592/1580
f 1047/1592/1580 1052/1059/1048 1048/1057/1046
f 1047/1592/1580 1048/1057/1046 1043/1593/1446
f 1043/1593/1446 1048/1057/1046 1044/1055/1044
f 110/1594/1581 772/1595/1582 1/1596/1583
f 1/1596/1583 772/1595/1582 771/1597/1584
f 1/1596/1583 771/1597/1584 905/1598/1585
f 772/1595/1582 110/1594/1581 773/1599/1586
f 773/1599/1586 110/1594/1581 109/1600/1587
f 773/1599/1586 109/1600/1587 774/1601/1588
f 774/1601/1588 109/1600/1587 108/1602/1589
f 774/1601/1588 108/1602/1589 775/1603/1590
f 775/1603/1590 108/1602/1589 107/1604/1591
f 775/1603/1590 107/1604/1591 776/1605/1592
f 776/1605/1592 107/1604/1591 777/1606/1593
f 777/1606/1593 107/1604/1591 106/1607/1594
f 777/1606/1593 106/1607/1594 778/1608/1595
f 778/1608/1595 106/1607/1594 105/1609/1596
f 778/1608/1595 105/1609/1596 779/1610/1597
f 779/1610/1597 105/1609/1596 104/1611/1598
f 779/1610/1597 104/1611/1598 780/1612/1599
f 780/1612/1599 104/1611/1598 103/1613/1600
f 780/1612/1599 103/1613/1600 781/1614/1601
f 781/1614/1601 103/1613/1600 102/1615/1602
f 781/1614/1601 102/1615/1602 782/1616/1603
f 782/1616/1603 102/1615/1602 783/1617/1604
f 783/1617/1604 102/1615/1602 101/1618/1605
f 783/1617/1604 101/1618/1605 784/1619/1606
f 784/1619/1606 101/1618/1605 100/1620/1607
f 784/1619/1606 100/1620/1607 785/1621/1608
f 785/1621/1608 100/1620/1607 99/1622/1609
f 785/1621/1608 99/1622/1609 786/1623/1610
f 786/1623/1610 99/1622/1609 98/1624/1611
f 786/1623/1610 98/1624/1611 787/1625/1612
f 787/1625/1612 98/1624/1611 97/1626/1613
f 787/1625/1612 97/1626/1613 96/1627/1614
f 96/1627/1614 95/1628/1615 787/1625/1612
f 787/1625/1612 95/1628/1615 94/1629/1616
f 787/1625/1612 94/1629/1616 93/1630/1617
f 93/1630/1617 92/1631/1618 787/1625/1612
f 787/1625/1612 92/1631/1618 91/1632/1619
f 787/1625/1612 91/1632/1619 90/1633/1620
f 90/1633/1620 89/1634/1621 787/1625/1612
f 787/1625/1612 89/1634/1621 88/1635/1622
f 787/1625/1612 88/1635/1622 87/1636/1623
f 87/1636/1623 86/1637/1624 787/1625/1612
f 787/1625/1612 86/1637/1624 85/1638/1625
f 787/1625/1612 85/1638/1625 84/1639/1626
f 84/1639/1626 83/1640/1627 787/1625/1612
f 787/1625/1612 83/1640/1627 788/1641/1628
f 788/1641/1628 83/1640/1627 789/1642/1629
f 789/1642/1629 83/1640/1627 790/1643/1630
f 790/1643/1630 83/1640/1627 791/1644/1631
f 791/1644/1631 83/1640/1627 792/1645/1632
f 792/1645/1632 83/1640/1627 793/1646/1633
f 793/1646/1633 83/1640/1627 794/1647/1634
f 794/1647/1634 83/1640/1627 795/1648/1635
f 795/1648/1635 83/1640/1627 796/1649/1636
f 796/1649/1636 83/1640/1627 797/1650/1637
f 797/1650/1637 83/1640/1627 798/1651/1638
f 798/1651/1638 83/1640/1627 799/1652/1639
f 799/1652/1639 83/1640/1627 800/1653/1640
f 800/1653/1640 83/1640/1627 801/1654/1641
f 801/1654/1641 83/1640/1627 802/1655/1642
f 802/1655/1642 83/1640/1627 803/1656/1643
f 803/1656/1643 83/1640/1627 804/1657/1644
f 804/1657/1644 83/1640/1627 805/1658/1645
f 805/1658/1645 83/1640/1627 806/1659/1646
f 806/1659/1646 83/1640/1627 82/1660/1647
f 806/1659/1646 82/1660/1647 807/1661/1648
f 807/1661/1648 82/1660/1647 81/1662/1649
f 807/1661/1648 81/1662/1649 808/1663/1650
f 808/1663/1650 81/1662/1649 80/1664/1651
f 808/1663/1650 80/1664/1651 809/1665/1652
f 809/1665/1652 80/1664/1651 810/1666/1653
f 810/1666/1653 80/1664/1651 79/1667/1654
f 810/1666/1653 79/1667/1654 811/1668/1655
f 811/1668/1655 79/1667/1654 78/1669/1656
f 811/1668/1655 78/1669/1656 812/1670/1657
f 812/1670/1657 78/1669/1656 77/1671/1658
f 812/1670/1657 77/1671/1658 813/1672/1659
f 813/1672/1659 77/1671/1658 76/1673/1660
f 813/1672/1659 76/1673/1660 814/1674/1661
f 814/1674/1661 76/1673/1660 815/1675/1662
f 815/1675/1662 76/1673/1660 75/1676/1663
f 815/1675/1662 75/1676/1663 816/1677/1664
f 816/1677/1664 75/1676/1663 74/1678/1665
f 816/1677/1664 74/1678/1665 817/1679/1666
f 817/1679/1666 74/1678/1665 73/1680/1667
f 817/1679/1666 73/1680/1667 818/1681/1668
f 818/1681/1668 73/1680/1667 72/1682/1669
f 818/1681/1668 72/1682/1669 819/1683/1670
f 819/1683/1670 72/1682/1669 71/1684/1671
f 819/1683/1670 71/1684/1671 820/1685/1672
f 820/1685/1672 71/1684/1671 821/1686/1673
f 821/1686/1673 71/1684/1671 70/1687/1674
f 821/1686/1673 70/1687/1674 822/1688/1675
f 822/1688/1675 70/1687/1674 69/1689/1676
f 822/1688/1675 69/1689/1676 823/1690/1677
f 823/1690/1677 69/1689/1676 68/1691/1678
f 823/1690/1677 68/1691/1678 824/1692/1679
f 824/1692/1679 68/1691/1678 67/1693/1680
f 824/1692/1679 67/1693/1680 825/1694/1681
f 825/1694/1681 67/1693/1680 826/1695/1682
f 826/1695/1682 67/1693/1680 66/1696/1683
f 826/1695/1682 66/1696/1683 827/1697/1684
f 827/1697/1684 66/1696/1683 65/1698/1685
f 827/1697/1684 65/1698/1685 828/1699/1686
f 828/1699/1686 65/1698/1685 64/1700/1687
f 828/1699/1686 64/1700/1687 829/1701/1688
f 829/1701/1688 64/1700/1687 63/1702/1689
f 829/1701/1688 63/1702/1689 830/1703/1690
f 830/1703/1690 63/1702/1689 831/1704/1691
f 831/1704/1691 63/1702/1689 62/1705/1692
f 831/1704/1691 62/1705/1692 832/1706/1693
f 832/1706/1693 62/1705/1692 61/1707/1694
f 832/1706/1693 61/1707/1694 833/1708/1695
f 833/1708/1695 61/1707/1694 60/1709/1696
f 833/1708/1695 60/1709/1696 834/1710/1697
f 834/1710/1697 60/1709/1696 59/1711/1698
f 834/1710/1697 59/1711/1698 835/1712/1699
f 835/1712/1699 59/1711/1698 58/1713/1700
f 835/1712/1699 58/1713/1700 836/1714/1701
f 836/1714/1701 58/1713/1700 837/1715/1702
f 837/1715/1702 58/1713/1700 57/1716/1703
f 837/1715/1702 57/1716/1703 838/1717/1704
f 838/1717/1704 57/1716/1703 56/1718/1705
f 838/1717/1704 56/1718/1705 839/1719/1706
f 839/1719/1706 56/1718/1705 55/1720/1707
f 839/1719/1706 55/1720/1707 840/1721/1708
f 840/1721/1708 55/1720/1707 54/1722/1709
f 840/1721/1708 54/1722/1709 841/1723/1710
f 841/1723/1710 54/1722/1709 842/1724/1711
f 842/1724/1711 54/1722/1709 53/1725/1712
f 842/1724/1711 53/1725/1712 843/1726/1713
f 843/1726/1713 53/1725/1712 52/1727/1714
f 843/1726/1713 52/1727/1714 844/1728/1715
f 844/1728/1715 52/1727/1714 51/1729/1716
f 844/1728/1715 51/1729/1716 845/1730/1717
f 845/1730/1717 51/1729/1716 50/1731/1718
f 845/1730/1717 50/1731/1718 846/1732/1719
f 846/1732/1719 50/1731/1718 49/1733/1720
f 846/1732/1719 49/1733/1720 847/1734/1721
f 847/1734/1721 49/1733/1720 848/1735/1722
f 848/1735/1722 49/1733/1720 48/1736/1723
f 848/1735/1722 48/1736/1723 849/1737/1724
f 849/1737/1724 48/1736/1723 47/1738/1725
f 849/1737/1724 47/1738/1725 850/1739/1726
f 850/1739/1726 47/1738/1725 46/1740/1727
f 850/1739/1726 46/1740/1727 851/1741/1728
f 851/1741/1728 46/1740/1727 45/1742/1729
f 851/1741/1728 45/1742/1729 852/1743/1730
f 852/1743/1730 45/1742/1729 853/1744/1731
f 853/1744/1731 45/1742/1729 44/1745/1732
f 853/1744/1731 44/1745/1732 854/1746/1733
f 854/1746/1733 44/1745/1732 43/1747/1734
f 854/1746/1733 43/1747/1734 855/1748/1735
f 855/1748/1735 43/1747/1734 42/1749/1736
f 855/1748/1735 42/1749/1736 856/1750/1737
f 856/1750/1737 42/1749/1736 41/1751/1738
f 856/1750/1737 41/1751/1738 857/1752/1739
f 857/1752/1739 41/1751/1738 858/1753/1740
f 858/1753/1740 41/1751/1738 40/1754/1741
f 858/1753/1740 40/1754/1741 859/1755/1742
f 859/1755/1742 40/1754/1741 39/1756/1743
f 859/1755/1742 39/1756/1743 860/1757/1744
f 860/1757/1744 39/1756/1743 38/1758/1745
f 860/1757/1744 38/1758/1745 861/1759/1746
f 861/1759/1746 38/1758/1745 37/1760/1747
f 861/1759/1746 37/1760/1747 862/1761/1748
f 862/1761/1748 37/1760/1747 36/1762/1749
f 862/1761/1748 36/1762/1749 863/1763/1750
f 863/1763/1750 36/1762/1749 864/1764/1751
f 864/1764/1751 36/1762/1749 35/1765/1752
f 864/1764/1751 35/1765/1752 865/1766/1753
f 865/1766/1753 35/1765/1752 34/1767/1754
f 865/1766/1753 34/1767/1754 866/1768/1755
f 866/1768/1755 34/1767/1754 33/1769/1756
f 866/1768/1755 33/1769/1756 867/1770/1757
f 867/1770/1757 33/1769/1756 32/1771/1758
f 867/1770/1757 32/1771/1758 868/1772/1759
f 868/1772/1759 32/1771/1758 869/1773/1760
f 869/1773/1760 32/1771/1758 31/1774/1761
f 869/1773/1760 31/1774/1761 870/1775/1762
f 870/1775/1762 31/1774/1761 30/1776/1763
f 870/1775/1762 30/1776/1763 871/1777/1764
f 871/1777/1764 30/1776/1763 29/1778/1765
f 871/1777/1764 29/1778/1765 872/1779/1766
f 872/1779/1766 29/1778/1765 28/1780/1767
f 872/1779/1766 28/1780/1767 873/1781/1768
f 873/1781/1768 28/1780/1767 874/1782/1769
f 874/1782/1769 28/1780/1767 875/1783/1770
f 875/1783/1770 28/1780/1767 876/1784/1771
f 876/1784/1771 28/1780/1767 877/1785/1772
f 877/1785/1772 28/1780/1767 878/1786/1773
f 878/1786/1773 28/1780/1767 879/1787/1774
f 879/1787/1774 28/1780/1767 880/1788/1775
f 880/1788/1775 28/1780/1767 881/1789/1776
f 881/1789/1776 28/1780/1767 882/1790/1777
f 882/1790/1777 28/1780/1767 883/1791/1778
f 883/1791/1778 28/1780/1767 884/1792/1779
f 884/1792/1779 28/1780/1767 885/1793/1780
f 885/1793/1780 28/1780/1767 886/1794/1781
f 886/1794/1781 28/1780/1767 887/1795/1782
f 887/1795/1782 28/1780/1767 888/1796/1783
f 888/1796/1783 28/1780/1767 889/1797/1784
f 889/1797/1784 28/1780/1767 890/1798/1785
f 890/1798/1785 28/1780/1767 27/1799/1786
f 890/1798/1785 27/1799/1786 26/1800/1787
f 26/1800/1787 25/1801/1788 890/1798/1785
f 890/1798/1785 25/1801/1788 24/1802/1789
f 890/1798/1785 24/1802/1789 891/1803/1790
f 891/1803/1790 24/1802/1789 23/1804/1791
f 891/1803/1790 23/1804/1791 22/1805/1792
f 22/1805/1792 21/1806/1793 891/1803/1790
f 891/1803/1790 21/1806/1793 20/1807/1794
f 891/1803/1790 20/1807/1794 19/1808/1795
f 891/1803/1790 19/1808/1795 892/1809/1796
f 892/1809/1796 19/1808/1795 18/1810/1797
f 892/1809/1796 18/1810/1797 17/1811/1798
f 17/1811/1798 16/1812/1799 892/1809/1796
f 892/1809/1796 16/1812/1799 15/1813/1800
f 892/1809/1796 15/1813/1800 14/1814/1801
f 14/1814/1801 13/1815/1802 892/1809/1796
f 892/1809/1796 13/1815/1802 12/1816/1803
f 892/1809/1796 12/1816/1803 893/1817/1804
f 893/1817/1804 12/1816/1803 11/1818/1805
f 893/1817/1804 11/1818/1805 894/1819/1806
f 894/1819/1806 11/1818/1805 10/1820/1807
f 894/1819/1806 10/1820/1807 895/1821/1808
f 895/1821/1808 10/1820/1807 896/1822/1809
f 896/1822/1809 10/1820/1807 9/1823/1810
f 896/1822/1809 9/1823/1810 897/1824/1811
f 897/1824/1811 9/1823/1810 8/1825/1812
f 897/1824/1811 8/1825/1812 898/1826/1813
f 898/1826/1813 8/1825/1812 7/1827/1814
f 898/1826/1813 7/1827/1814 899/1828/1815
f 899/1828/1815 7/1827/1814 6/1829/1816
f 899/1828/1815 6/1829/1816 900/1830/1817
f 900/1830/1817 6/1829/1816 5/1831/1818
f 900/1830/1817 5/1831/1818 901/1832/1819
f 901/1832/1819 5/1831/1818 902/1833/1820
f 902/1833/1820 5/1831/1818 4/1834/1821
f 902/1833/1820 4/1834/1821 903/1835/1822
f 903/1835/1822 4/1834/1821 3/1836/1823
f 903/1835/1822 3/1836/1823 904/1837/1824
f 904/1837/1824 3/1836/1823 2/1838/1825
f 904/1837/1824 2/1838/1825 905/1598/1585
f 905/1598/1585 2/1838/1825 1/1596/1583
f 220/1839/1826 907/1840/1827 111/1841/1828
f 111/1841/1828 907/1840/1827 906/1842/1829
f 111/1841/1828 906/1842/1829 1040/1843/1830
f 907/1840/1827 220/1839/1826 908/1844/1831
f 908/1844/1831 220/1839/1826 219/1845/1832
f 908/1844/1831 219/1845/1832 909/1846/1833
f 909/1846/1833 219/1845/1832 218/1847/1834
f 909/1846/1833 218/1847/1834 910/1848/1835
f 910/1848/1835 218/1847/1834 217/1849/1836
f 910/1848/1835 217/1849/1836 911/1850/1837
f 911/1850/1837 217/1849/1836 912/1851/1838
f 912/1851/1838 217/1849/1836 216/1852/1839
f 912/1851/1838 216/1852/1839 913/1853/1840
f 913/1853/1840 216/1852/1839 215/1854/1841
f 913/1853/1840 215/1854/1841 914/1855/1842
f 914/1855/1842 215/1854/1841 214/1856/1843
f 914/1855/1842 214/1856/1843 915/1857/1844
f 915/1857/1844 214/1856/1843 213/1858/1845
f 915/1857/1844 213/1858/1845 916/1859/1846
f 916/1859/1846 213/1858/1845 212/1860/1847
f 916/1859/1846 212/1860/1847 917/1861/1848
f 917/1861/1848 212/1860/1847 918/1862/1849
f 918/1862/1849 212/1860/1847 211/1863/1850
f 918/1862/1849 211/1863/1850 919/1864/1851
f 919/1864/1851 211/1863/1850 210/1865/1852
f 919/1864/1851 210/1865/1852 920/1866/1853
f 920/1866/1853 210/1865/1852 209/1867/1854
f 920/1866/1853 209/1867/1854 921/1868/1855
f 921/1868/1855 209/1867/1854 208/1869/1856
f 921/1868/1855 208/1869/1856 922/1870/1857
f 922/1870/1857 208/1869/1856 207/1871/1858
f 922/1870/1857 207/1871/1858 206/1872/1859
f 206/1872/1859 205/1873/1860 922/1870/1857
f 922/1870/1857 205/1873/1860 204/1874/1861
f 922/1870/1857 204/1874/1861 203/1875/1862
f 203/1875/1862 202/1876/1863 922/1870/1857
f 922/1870/1857 202/1876/1863 201/1877/1864
f 922/1870/1857 201/1877/1864 200/1878/1865
f 200/1878/1865 199/1879/1866 922/1870/1857
f 922/1870/1857 199/1879/1866 198/1880/1867
f 922/1870/1857 198/1880/1867 197/1881/1868
f 197/1881/1868 196/1882/1869 922/1870/1857
f 922/1870/1857 196/1882/1869 195/1883/1870
f 922/1870/1857 195/1883/1870 194/1884/1871
f 194/1884/1871 193/1885/1872 922/1870/1857
f 922/1870/1857 193/1885/1872 923/1886/1873
f 923/1886/1873 193/1885/1872 924/1887/1874
f 924/1887/1874 193/1885/1872 925/1888/1875
f 925/1888/1875 193/1885/1872 926/1889/1876
f 926/1889/1876 193/1885/1872 927/1890/1877
f 927/1890/1877 193/1885/1872 928/1891/1878
f 928/1891/1878 193/1885/1872 929/1892/1879
f 929/1892/1879 193/1885/1872 930/1893/1880
f 930/1893/1880 193/1885/1872 931/1894/1881
f 931/1894/1881 193/1885/1872 932/1895/1882
f 932/1895/1882 193/1885/1872 933/1896/1883
f 933/1896/1883 193/1885/1872 934/1897/1884
f 934/1897/1884 193/1885/1872 935/1898/1885
f 935/1898/1885 193/1885/1872 936/1899/1886
f 936/1899/1886 193/1885/1872 937/1900/1887
f 937/1900/1887 193/1885/1872 938/1901/1888
f 938/1901/1888 193/1885/1872 939/1902/1889
f 939/1902/1889 193/1885/1872 940/1903/1890
f 940/1903/1890 193/1885/1872 941/1904/1891
f 941/1904/1891 193/1885/1872 192/1905/1892
f 941/1904/1891 192/1905/1892 942/1906/1893
f 942/1906/1893 192/1905/1892 191/1907/1894
f 942/1906/1893 191/1907/1894 943/1908/1895
f 943/1908/1895 191/1907/1894 190/1909/1896
f 943/1908/1895 190/1909/1896 944/1910/1897
f 944/1910/1897 190/1909/1896 945/1911/1898
f 945/1911/1898 190/1909/1896 189/1912/1899
f 945/1911/1898 189/1912/1899 946/1913/1900
f 946/1913/1900 189/1912/1899 188/1914/1901
f 946/1913/1900 188/1914/1901 947/1915/1902
f 947/1915/1902 188/1914/1901 187/1916/1903
f 947/1915/1902 187/1916/1903 948/1917/1904
f 948/1917/1904 187/1916/1903 186/1918/1905
f 948/1917/1904 186/1918/1905 949/1919/1906
f 949/1919/1906 186/1918/1905 950/1920/1907
f 950/1920/1907 186/1918/1905 185/1921/1908
f 950/1920/1907 185/1921/1908 951/1922/1909
f 951/1922/1909 185/1921/1908 184/1923/1910
f 951/1922/1909 184/1923/1910 952/1924/1911
f 952/1924/1911 184/1923/1910 183/1925/1912
f 952/1924/1911 183/1925/1912 953/1926/1913
f 953/1926/1913 183/1925/1912 182/1927/1914
f 953/1926/1913 182/1927/1914 954/1928/1915
f 954/1928/1915 182/1927/1914 181/1929/1916
f 954/1928/1915 181/1929/1916 955/1930/1917
f 955/1930/1917 181/1929/1916 956/1931/1918
f 956/1931/1918 181/1929/1916 180/1932/1919
f 956/1931/1918 180/1932/1919 957/1933/1920
f 957/1933/1920 180/1932/1919 179/1934/1921
f 957/1933/1920 179/1934/1921 958/1935/1922
f 958/1935/1922 179/1934/1921 178/1936/1923
f 958/1935/1922 178/1936/1923 959/1937/1924
f 959/1937/1924 178/1936/1923 177/1938/1925
f 959/1937/1924 177/1938/1925 960/1939/1926
f 960/1939/1926 177/1938/1925 961/1940/1927
f 961/1940/1927 177/1938/1925 176/1941/1928
f 961/1940/1927 176/1941/1928 962/1942/1929
f 962/1942/1929 176/1941/1928 175/1943/1930
f 962/1942/1929 175/1943/1930 963/1944/1931
f 963/1944/1931 175/1943/1930 174/1945/1932
f 963/1944/1931 174/1945/1932 964/1946/1933
f 964/1946/1933 174/1945/1932 173/1947/1934
f 964/1946/1933 173/1947/1934 965/1948/1935
f 965/1948/1935 173/1947/1934 966/1949/1936
f 966/1949/1936 173/1947/1934 172/1950/1937
f 966/1949/1936 172/1950/1937 967/1951/1938
f 967/1951/1938 172/1950/1937 171/1952/1939
f 967/1951/1938 171/1952/1939 968/1953/1940
f 968/1953/1940 171/1952/1939 170/1954/1941
f 968/1953/1940 170/1954/1941 969/1955/1942
f 969/1955/1942 170/1954/1941 169/1956/1943
f 969/1955/1942 169/1956/1943 970/1957/1944
f 970/1957/1944 169/1956/1943 168/1958/1945
f 970/1957/1944 168/1958/1945 971/1959/1946
f 971/1959/1946 168/1958/1945 972/1960/1947
f 972/1960/1947 168/1958/1945 167/1961/1948
f 972/1960/1947 167/1961/1948 973/1962/1949
f 973/1962/1949 167/1961/1948 166/1963/1950
f 973/1962/1949 166/1963/1950 974/1964/1951
f 974/1964/1951 166/1963/1950 165/1965/1952
f 974/1964/1951 165/1965/1952 975/1966/1953
f 975/1966/1953 165/1965/1952 164/1967/1954
f 975/1966/1953 164/1967/1954 976/1968/1955
f 976/1968/1955 164/1967/1954 977/1969/1956
f 977/1969/1956 164/1967/1954 163/1970/1957
f 977/1969/1956 163/1970/1957 978/1971/1958
f 978/1971/1958 163/1970/1957 162/1972/1959
f 978/1971/1958 162/1972/1959 979/1973/1960
f 979/1973/1960 162/1972/1959 161/1974/1961
f 979/1973/1960 161/1974/1961 980/1975/1962
f 980/1975/1962 161/1974/1961 160/1976/1963
f 980/1975/1962 160/1976/1963 981/1977/1964
f 981/1977/1964 160/1976/1963 159/1978/1965
f 981/1977/1964 159/1978/1965 982/1979/1966
f 982/1979/1966 159/1978/1965 983/1980/1967
f 983/1980/1967 159/1978/1965 158/1981/1968
f 983/1980/1967 158/1981/1968 984/1982/1969
f 984/1982/1969 158/1981/1968 157/1983/1970
f 984/1982/1969 157/1983/1970 985/1984/1971
f 985/1984/1971 157/1983/1970 156/1985/1972
f 985/1984/1971 156/1985/1972 986/1986/1973
f 986/1986/1973 156/1985/1972 155/1987/1974
f 986/1986/1973 155/1987/1974 987/1988/1975
f 987/1988/1975 155/1987/1974 988/1989/1976
f 988/1989/1976 155/1987/1974 154/1990/1977
f 988/1989/1976 154/1990/1977 989/1991/1978
f 989/1991/1978 154/1990/1977 153/1992/1979
f 989/1991/1978 153/1992/1979 990/1993/1980
f 990/1993/1980 153/1992/1979 152/1994/1981
f 990/1993/1980 152/1994/1981 991/1995/1982
f 991/1995/1982 152/1994/1981 151/1996/1983
f 991/1995/1982 151/1996/1983 992/1997/1984
f 992/1997/1984 151/1996/1983 993/1998/1985
f 993/1998/1985 151/1996/1983 150/1999/1986
f 993/1998/1985 150/1999/1986 994/2000/1987
f 994/2000/1987 150/1999/1986 149/2001/1988
f 994/2000/1987 149/2001/1988 995/2002/1989
f 995/2002/1989 149/2001/1988 148/2003/1990
f 995/2002/1989 148/2003/1990 996/2004/1991
f 996/2004/1991 148/2003/1990 147/2005/1992
f 996/2004/1991 147/2005/1992 997/2006/1993
f 997/2006/1993 147/2005/1992 146/2007/1994
f 997/2006/1993 146/2007/1994 998/2008/1995
f 998/2008/1995 146/2007/1994 999/2009/1996
f 999/2009/1996 146/2007/1994 145/2010/1997
f 999/2009/1996 145/2010/1997 1000/2011/1998
f 1000/2011/1998 145/2010/1997 144/2012/1999
f 1000/2011/1998 144/2012/1999 1001/2013/2000
f 1001/2013/2000 144/2012/1999 143/2014/2001
f 1001/2013/2000 143/2014/2001 1002/2015/2002
f 1002/2015/2002 143/2014/2001 142/2016/2003
f 1002/2015/2002 142/2016/2003 1003/2017/2004
f 1003/2017/2004 142/2016/2003 1004/2018/2005
f 1004/2018/2005 142/2016/2003 141/2019/2006
f 1004/2018/2005 141/2019/2006 1005/2020/2007
f 1005/2020/2007 141/2019/2006 140/2021/2008
f 1005/2020/2007 140/2021/2008 1006/2022/2009
f 1006/2022/2009 140/2021/2008 139/2023/2010
f 1006/2022/2009 139/2023/2010 1007/2024/2011
f 1007/2024/2011 139/2023/2010 138/2025/2012
f 1007/2024/2011 138/2025/2012 1008/2026/2013
f 1008/2026/2013 138/2025/2012 1009/2027/2014
f 1009/2027/2014 138/2025/2012 1010/2028/2015
f 1010/2028/2015 138/2025/2012 1011/2029/2016
f 1011/2029/2016 138/2025/2012 1012/2030/2017
f 1012/2030/2017 138/2025/2012 1013/2031/2018
f 1013/2031/2018 138/2025/2012 1014/2032/2019
f 1014/2032/2019 138/2025/2012 1015/2033/2020
f 1015/2033/2020 138/2025/2012 1016/2034/2021
f 1016/2034/2021 138/2025/2012 1017/2035/2022
f 1017/2035/2022 138/2025/2012 1018/2036/2023
f 1018/2036/2023 138/2025/2012 1019/2037/2024
f 1019/2037/2024 138/2025/2012 1020/2038/2025
f 1020/2038/2025 138/2025/2012 1021/2039/2026
f 1021/2039/2026 138/2025/2012 1022/2040/2027
f 1022/2040/2027 138/2025/2012 1023/2041/2028
f 1023/2041/2028 138/2025/2012 1024/2042/2029
f 1024/2042/2029 138/2025/2012 137/2043/2030
f 1024/2042/2029 137/2043/2030 136/2044/2031
f 1024/2042/2029 136/2044/2031 1025/2045/2032
f 1025/2045/2032 136/2044/2031 135/2046/2033
f 1025/2045/2032 135/2046/2033 134/2047/2034
f 134/2047/2034 133/2048/2035 1025/2045/2032
f 1025/2045/2032 133/2048/2035 132/2049/2036
f 1025/2045/2032 132/2049/2036 131/2050/2037
f 131/2050/2037 130/2051/2038 1025/2045/2032
f 1025/2045/2032 130/2051/2038 129/2052/2039
f 1025/2045/2032 129/2052/2039 128/2053/2040
f 128/2053/2040 127/2054/2041 1025/2045/2032
f 1025/2045/2032 127/2054/2041 126/2055/2042
f 1025/2045/2032 126/2055/2042 125/2056/2043
f 125/2056/2043 124/2057/2044 1025/2045/2032
f 1025/2045/2032 124/2057/2044 1026/2058/2045
f 1026/2058/2045 124/2057/2044 123/2059/2046
f 1026/2058/2045 123/2059/2046 1027/2060/2047
f 1027/2060/2047 123/2059/2046 122/2061/2048
f 1027/2060/2047 122/2061/2048 1028/2062/2049
f 1028/2062/2049 122/2061/2048 121/2063/2050
f 1028/2062/2049 121/2063/2050 1029/2064/2051
f 1029/2064/2051 121/2063/2050 120/2065/2052
f 1029/2064/2051 120/2065/2052 1030/2066/2053
f 1030/2066/2053 120/2065/2052 1031/2067/2054
f 1031/2067/2054 120/2065/2052 119/2068/2055
f 1031/2067/2054 119/2068/2055 1032/2069/2056
f 1032/2069/2056 119/2068/2055 118/2070/2057
f 1032/2069/2056 118/2070/2057 1033/2071/2058
f 1033/2071/2058 118/2070/2057 117/2072/2059
f 1033/2071/2058 117/2072/2059 1034/2073/2060
f 1034/2073/2060 117/2072/2059 116/2074/2061
f 1034/2073/2060 116/2074/2061 1035/2075/2062
f 1035/2075/2062 116/2074/2061 115/2076/2063
f 1035/2075/2062 115/2076/2063 1036/2077/2064
f 1036/2077/2064 115/2076/2063 1037/2078/2065
f 1037/2078/2065 115/2076/2063 114/2079/2066
f 1037/2078/2065 114/2079/2066 1038/2080/2067
f 1038/2080/2067 114/2079/2066 113/2081/2068
f 1038/2080/2067 113/2081/2068 1039/2082/2069
f 1039/2082/2069 113/2081/2068 112/2083/2070
f 1039/2082/2069 112/2083/2070 1040/1843/1830
f 1040/1843/1830 112/2083/2070 111/1841/1828
# 1580 vertices
# 2083 texture params
# 2070 normals
# 3160 facets

# 1 groups
